"Geneid","gene_name","1|Breast|39F05L|121197-3","1|Liver/Bile Duct|39F06L|121196-3","1|Lung|39F07L|121195-3","2|Breast|1BE09L|160417-2","2|Liver/Bile Duct|1BDB0L|160415-3","3|Breast|31906L|180606-3","3|Liver/Bile Duct|31917L|180609-3","3|Lung|31966L|180608-3","4|Liver/Bile Duct|5235L|140513-2","4|Lung|5233L|140512-1","5|Liver/Bile Duct|DBF0L|150305-3","5|Lung|DB3BL|150293-3","6|Liver/Bile Duct|164C1L|150895-2","6|Lung|16483L|150888-2","7|Liver/Bile Duct|19D4AL|160203-3","7|Lung|19D40L|160208-3"
"ENSG00000168878","SFTPB",-0.818219228993143,-0.738487247477364,0.703797756911035,-0.728215163619257,-0.534914658413083,-0.889186168385291,-0.506859205337987,0.93283431223507,-0.307270184992076,1.99576554317231,-0.760391100276523,1.59630920780305,-0.768209013046738,1.54183334944919,-0.610429201225575,-0.108358997803615
"ENSG00000171564","FGB",-0.00193258851775432,0.865992322095591,-1.11712627179274,-0.67569552719586,-0.0284534904857303,-1.03486487018393,-0.456269279680371,-0.813377536622612,2.50542227614062,0.482624848680001,-0.0284865476579375,-1.06214490834513,0.75773777158419,-1.02611335268581,0.866636745992781,0.766050408674697
"ENSG00000132693","CRP",-0.888261789849957,0.670760720773368,-1.02660475866213,-0.351340772838231,-0.168556652694807,-0.918812025380013,-0.315137426991296,-0.922396360433201,2.60670911745536,0.640413490434596,0.326086658266025,-0.731646687275726,1.2547530042416,-0.634922182128656,0.874228627999645,-0.415272962916575
"ENSG00000160182","TFF1",-0.789181908323413,-0.657724590696717,0.554776750207289,-1.15548367147838,-0.933213259328381,0.325879878336681,-1.10111512890508,0.289329638549092,-0.407298185648731,0.192733006518154,-0.93366298517356,-0.963741548080634,1.13123686493619,1.17078096566114,1.58310167643355,1.6935824969928
"ENSG00000171557","FGG",-0.10582759729171,1.03700126025724,-1.14065207266902,-1.14723078566937,-0.396476156936564,-1.22179586511233,-0.330465930843893,-0.647353263443566,2.49969205582252,0.684111158234472,-0.0413954308128275,-1.00461843918302,0.805332699672787,-0.181200806461706,0.598561042007877,0.592318132429118
"ENSG00000171560","FGA",-0.827929488425973,0.655222904129802,-0.962186958610272,-0.925886226642159,-0.260688442505631,-1.0304353119861,-0.136848279143398,-0.572254172051492,2.7661832212414,0.679684832165051,0.133046862932999,-0.992154464877123,1.0094591486004,-0.245843927310812,0.654004971755604,0.0566253307277082
"ENSG00000135346","CGA",0.916338509715423,0.929424571999749,-0.253239274529104,-0.563873276356135,-0.697175567634888,1.94684561700008,0.913417951767882,2.04217808135374,-0.794903397423494,-0.794903397423494,-0.44589633011289,-0.794903397423494,-0.689896752070221,-0.794903397423494,-0.391327683929203,-0.527182257510455
"ENSG00000229314","ORM1",-0.681559483663366,0.452935168494416,-1.0364576879728,-0.397469355086129,-0.116113972675661,-0.911568554792267,-0.613897625681601,-0.559378155773465,2.89416188925801,0.859636892803702,0.75931830903888,-0.677247640931083,0.572634478975291,-0.423944373732048,0.60975230034437,-0.730802188606246
"ENSG00000162989","KCNJ3",-0.400985800777659,-0.606359776028404,0.854496472135962,-1.05947716955537,-0.84100152641749,1.56606630487589,1.47914937375423,1.73574687177632,-0.659338227606836,-0.248888065387346,-0.986309445158924,-0.544467563301005,0.82920600380053,0.55418679171355,-0.612547074268061,-1.05947716955537
"ENSG00000120251","GRIA2",-0.426476806832928,-0.229558582282396,-0.734389871269917,-0.365174205140519,-0.476380298639899,1.82271577335372,1.90623247387759,2.11745758466428,-0.950153113820739,-0.562904063788448,-0.363352982502223,-0.066462923680013,-0.843820101878252,-0.393914191477637,-0.450110056211008,0.016291365628385
"ENSG00000175426","PCSK1",-0.109045489056828,-1.08092808848338,-0.240317075135769,0.425726454983746,-0.744058429308459,1.78370542146503,1.76581528154667,1.87519383299958,-0.612653422027918,-0.255176906822795,-1.01232468687381,-0.0825218833719138,0.0634113364206529,0.0128703066216262,-1.15297662960345,-0.636720023352979
"ENSG00000185686","PRAME",-0.573843503757676,-0.92480729050859,0.819059390303636,-0.402353519117955,0.26068799428025,-0.793146259709319,-0.762390917434613,-0.732170850081189,-0.92480729050859,-0.485228315184647,1.68603669213012,0.989475395584769,-0.575789341497533,-0.810928058307631,1.77256115650378,1.45764471730519
"ENSG00000145321","GC",-0.772504243296695,0.605672535893162,-0.772504243296695,-0.772504243296695,-0.520260546459497,-0.772504243296695,0.0521743798224066,-0.348957845103123,2.54183903141459,0.0761064172419439,0.381972000776031,-0.772504243296695,1.40561161479375,-0.772504243296695,1.2133721146976,-0.772504243296695
"ENSG00000100604","CHGA",-0.307439797611313,-0.658361539553962,-0.568302246828903,-0.407771104161759,-0.276948118563957,1.81525106680639,2.06322963728107,1.95861783765164,-0.703132202568848,-0.254379786959972,-0.75284960952417,-0.240269180232406,0.170216881857976,-0.299990903140234,-0.896903144229754,-0.6409677902218
"ENSG00000110245","APOC3",-0.778075984624887,0.587576861868144,-0.844042605617551,-0.397256161607414,-0.740694948290833,-0.590728096151294,-0.357048460567452,-0.457974891858303,2.92595535795047,0.571083224047735,-0.354221404134955,-0.739021635710957,0.897802349242592,-0.663794606818408,1.06032809993239,-0.119887097659276
"ENSG00000158874","APOA2",-0.508153106436235,0.415610419328424,-0.757526553214382,-0.757526553214382,-0.565242560343004,-0.328339259269799,-0.297457824505565,-0.229147054102812,3.16565102506517,0.814425893426757,-0.694308962372818,-0.582527127348802,0.388952112121677,-0.640919486516155,0.844482207965063,-0.267973170583142
"ENSG00000148513","ANKRD30A",-1.12872889891597,-0.754794820466776,0.406605507545649,-0.799156700881611,-1.19522075191022,0.737866999649873,1.06455185078247,1.36308358170402,-0.782319169602034,0.102910320569235,-1.19522075191022,-1.13427157845136,1.48868121463197,1.24659171891778,0.526610251405199,0.0528112269319969
"ENSG00000122852","SFTPA1",-0.556581765945142,-0.688695540708612,0.307255474538165,-0.754178034577418,-0.585243613351606,-0.754178034577418,-0.475755643900499,0.758064170381172,-0.505053048035842,2.33555180198013,-0.690414330766952,1.24900515970754,-0.643330528433762,1.78948099129561,-0.683567853011127,-0.102359204594238
"ENSG00000104760","FGL1",-0.864548856078826,0.543081151109703,-0.868263336221426,-0.598731621212943,-0.349503436729236,-0.600536000164347,-0.303028009717719,-0.256961682320714,3.00331179346709,0.692576444549163,-0.311598642015146,-0.709569136080058,0.824032212134154,-0.727045482836113,0.879064608660017,-0.352280006543601
"ENSG00000235687","LINC00993",-1.00418898937687,-1.0695089586289,0.0277761683893695,-0.335385079987943,-1.27746954306053,0.740440432217627,0.975350778909362,1.326697647031,-0.8333637614726,0.274333810156542,-1.27746954306053,-1.13461990953016,1.34933470514104,1.33012547709645,0.729398119311109,0.178548646865037
"ENSG00000118137","APOA1",-0.599006442477353,0.510128221247531,-0.969231573373539,-1.03785504779277,-0.976956778293248,-0.307356203525391,-0.289789026456898,-0.0836617109874498,2.89807033669317,0.482375586799181,-0.888871997859526,-0.389057367885817,0.56218120140914,-0.278003191680019,1.0859078498651,0.281126144317894
"ENSG00000163631","ALB",-0.313075822133504,0.728858620900958,-0.761849705383476,-0.686366956047772,-0.0305097055787057,-0.851834108136753,-0.222858011270078,-0.25169409009087,2.74248285021265,0.240787398157485,-0.375166600602172,-0.987242704777794,1.00619938205283,-1.03836881788732,1.22914950411336,-0.428511233528845
"ENSG00000132703","APCS",-0.831247069210496,0.860644620077806,-0.831247069210496,-0.831247069210496,-0.586911845918333,-0.345871828506541,0.0617748336015159,-0.757122868643506,2.6078296208588,0.167000362993068,0.344036565791428,-0.831247069210496,1.29200415096908,-0.672228243800071,0.990387431350872,-0.636554521932131
"ENSG00000149021","SCGB1A1",-0.498389881923962,-0.611439076022107,1.44913781454208,-0.66729411087073,-0.756902271749995,-0.820062426698935,-0.0579698283005008,0.834649311978927,-0.690529392888944,1.41580680086501,-0.820062426698935,1.54265220322004,-0.520060756394128,1.71229149578489,-0.691765028143772,-0.820062426698935
"ENSG00000255446","ENSG00000255446",-0.739035437136847,-0.553485463062884,1.45292421614948,-0.685234779769476,-0.840299055091267,-0.840299055091267,-0.0546101107566685,0.827741050062925,-0.708819265521767,1.40487008817491,-0.840299055091267,1.5408687742508,-0.567244488214617,1.71058263176204,-0.710073471175035,-0.397586579489063
"ENSG00000168484","SFTPC",-0.624600061344821,-0.612438988576715,0.0734315183849145,-0.761696995272818,-0.761696995272818,-0.545566623710742,-0.443991421946513,0.729328758021231,-0.502142756285637,2.15609948987263,-0.761696995272818,1.42956600955009,-0.574276723151846,1.9585282376911,-0.55836518122455,-0.200481271460677
"ENSG00000046774","MAGEC2",-0.462060076121427,-0.520719467807367,0.019985427641698,-0.520719467807367,-0.520719467807367,1.69900468958263,2.18264747835908,2.08001325817157,-0.520719467807367,-0.520719467807367,-0.520719467807367,-0.520719467807367,-0.520719467807367,-0.520719467807367,-0.31239609955988,-0.520719467807367
"ENSG00000139352","ASCL1",-0.660814743230892,-0.906048353199702,-0.720548766504089,-0.638386807142363,-0.840794765246424,0.596763864383338,1.51609870618626,1.41389903740489,-0.643408426538506,0.113284219850929,-0.621519205943457,-0.603479709456747,1.95692719407637,1.27768922937331,-0.773498558355721,-0.466162915657201
"ENSG00000136872","ALDOB",-0.509441035471271,0.473787472736471,-1.12516605230758,-1.03391877949497,-0.230330625304513,-0.584700586788933,-0.132397477252637,-0.233648782130577,2.83718508653345,0.273657720805301,-0.121671569696201,-0.712353030247221,0.916581746476023,-0.599717973087618,1.2746821669268,-0.492548281696522
"ENSG00000290801","ENSG00000290801",-0.869318700129126,-1.12705626610493,-0.0691966413000165,-0.348930592572482,-1.28655831934596,0.693891658227845,0.992461449626875,1.32603534199327,-0.833809912241696,0.267427799335301,-1.28655831934596,-1.13576368061221,1.34637754215076,1.34239533465413,0.770025268081121,0.218578037583064
"ENSG00000162621","LRRC53",-0.527993284685608,-0.407700916411406,-0.527993284685608,-0.527993284685608,-0.527993284685608,1.75811345734979,2.11821722881674,2.12459371158847,-0.527993284685608,-0.527993284685608,-0.527993284685608,-0.456334036552194,-0.365533911686524,-0.17326843761275,-0.374140818007258,-0.527993284685608
"ENSG00000145451","GLRA3",1.45050307668558,-0.826539234383927,-0.826539234383927,-0.667298615620481,-0.648200418381545,1.04783571058381,1.19031468238364,-0.614919083559283,-0.826539234383927,-0.374352591722973,-0.826539234383927,-0.754712802812322,1.86844227128871,1.41523891571437,-0.396188525455667,-0.210505681568135
"ENSG00000180818","HOXC10",0.763506034368952,1.15692897444188,0.99130270167288,-0.209534501709063,0.914844667993388,-0.346599399900334,-1.08928917845981,-1.59507692997295,-1.6753620416326,-1.6753620416326,0.783426313852019,0.00983469651485068,0.70231410495808,0.481167285791505,0.619122609970139,0.168776703743665
"ENSG00000287900","ENSG00000287900",-0.528096118434311,-0.776060767112537,0.750669705914082,-0.846678480928165,-0.692772156844234,1.32581609049445,1.84677377935919,1.73669301409936,-0.846678480928165,-0.269798941288382,-0.705166068147324,-0.774200652290252,0.728317827065638,0.668390689632626,-0.77053095966381,-0.846678480928165
"ENSG00000188257","PLA2G2A",-0.306609413195034,-1.11573585023106,0.437470814268788,0.718226815162092,-0.88409932605153,0.864315319807979,-1.11532678615927,-0.64262428519223,2.58017230889786,0.0642852732568117,-1.55619638366773,0.66646262451649,-0.232266326583724,-0.0670730976407873,0.361782137737174,0.227216175074153
"ENSG00000124253","PCK1",0.13278921570251,0.310935296533054,-0.486148224887196,1.55503017173762,-1.1047534410521,-0.158612051474193,-0.892745811448142,-0.899070472986917,2.49658704145386,0.0154235311342985,-0.764370287788189,-0.530002746737649,1.01436617678173,-0.754316803259817,0.616344521760829,-0.551456115469712
"ENSG00000169903","TM4SF4",-0.782190572398124,0.945416548962656,-0.485429469175017,-1.01469550424824,-1.01469550424824,-0.828245739069334,-0.133925029606305,-0.853265172930244,1.92873427273419,-0.175325786822354,0.724316176545358,-0.245170210003263,1.83130940713323,-0.27269906983412,1.17112344337265,-0.79525779041285
"ENSG00000134339","SAA2",-0.495094402236514,-0.45245059556619,-0.612140871594575,0.836304142644285,-0.924662118140403,0.48353989121321,-1.54083573252593,-0.817253788188163,2.96568103777751,0.508203000921435,0.303731615571062,-0.12997113501266,0.00895953446785821,0.288067573837436,-0.139130539356922,-0.28294761381143
"ENSG00000173432","SAA1",-0.319069447893488,-0.474538842499075,-0.83395912096507,1.36236420398317,-0.799853624423229,0.384916252068762,-1.62584817890711,-0.649746570963376,2.70263323325176,0.498523067918402,0.502784032407595,0.227157690553162,-0.202348405721963,0.0790027329644023,-0.444815843841174,-0.407201177932782
"ENSG00000110484","SCGB2A2",0.436549865128849,-0.127374855894516,-0.472962316054496,-0.443566545768054,1.20036311998057,-0.313898952091844,-0.674285392077272,0.22287406421691,-2.01235875483199,-1.95107675997917,1.7047949222353,0.885161296525133,0.464918010818618,0.597491703835811,0.0261345717480294,0.457236022208124
"ENSG00000153002","CPB1",-0.754272614619813,-0.72341528431068,-0.524008955969713,0.209107359171866,-0.889507015511604,2.08929242332193,1.2172505303132,2.07891384700059,-0.749536251840672,-0.650687712129982,0.227621301086502,-0.28387949742426,-0.249512648666649,0.517293379164106,-0.889507015511604,-0.625151844073218
"ENSG00000234918","ENSG00000234918",-1.09804844879371,-1.02538043150715,0.0481550051947443,-0.545110996286159,-1.09804844879371,0.68936194956572,0.970216467480013,1.3379475626514,-0.877828169211343,0.147580143518699,-1.09804844879371,-1.09804844879371,1.53201709928612,1.44556860889282,0.623200297257392,0.0464662583325985
"ENSG00000257017","HP",-0.726434689221275,0.126651525568042,-1.04547513184277,0.122006969589349,-0.619296457660192,-0.573714807384671,-0.892404014618358,-0.671476476388064,3.0612650761914,0.72081538032332,-0.850889361427469,-0.0116662983818118,0.698074072434303,0.132460436077676,0.518014856357028,0.0120689203834976
"ENSG00000086548","CEACAM6",-1.58240241628313,-1.78780201820339,0.334477515902276,-1.32968284767036,-0.386903073421476,1.17043621795986,0.370326080343106,1.34404513115509,-1.18854429509818,0.711350326728472,0.386320319028236,1.09814984570139,0.453983778758964,0.561044738151398,0.196401390076683,-0.351200693128922
"ENSG00000255071","SAA2-SAA4",-0.509734304605719,-0.210154669236036,-0.561521594245353,0.84146424127831,-0.878478375779987,0.548046785401432,-1.53312726974337,-0.943740026639288,2.98331865630004,0.457025438677063,0.167717830257516,-0.146630037648501,-0.0191855350371787,0.226900623164211,-0.0379064307285086,-0.383995331414627
"ENSG00000157765","SLC34A2",-1.44110666853342,-0.674014866688651,0.624445397976136,-0.73433119493727,0.591714306219569,-1.31103672340399,-1.10533940571218,0.261212278113351,0.4483167617708,1.82314471054734,-0.448775525803439,1.17140445711689,0.65389386542956,1.20373088101987,0.0343011931159253,-1.09755946623049
"ENSG00000100095","SEZ6L",-0.723870698808164,-0.597115918737282,-0.723870698808164,-0.723870698808164,-0.723870698808164,1.83164774867325,1.91260278254274,1.90437239379262,-0.723870698808164,-0.283281686682489,0.398374249120619,0.268410278784632,-0.352974182850543,-0.723870698808164,-0.644538568786223,-0.0942729030083449
"ENSG00000170323","FABP4",0.491993702013819,-1.35429191462968,-0.613384200471194,2.37101237524375,-1.16664812259577,0.948840988975008,-0.626440174670258,-0.305215159284211,0.0510833693379374,1.1341618020161,-1.14014785903435,0.0426433873487461,-0.278909366616558,0.296202080816976,-0.765574140431513,0.914673231981201
"ENSG00000228278","ORM2",-0.568174713283679,0.296851367452459,-0.59052550527019,-0.331519078179209,-0.53456255109685,-0.783705482234503,-1.00449232301103,-0.356087369211456,3.14223656434808,0.619763101782937,0.931582709099881,-0.451974088292684,0.403893823430841,-0.448805792699252,0.254648433334439,-0.579129096169781
"ENSG00000145423","SFRP2",0.748966178014778,-1.14179120459682,0.674070215360127,1.15786269303176,-1.39364386773044,1.0575658352453,-1.61397725919263,-0.143695307845645,-1.06227725060546,0.251470887374979,-1.10340456162226,1.21617273966134,0.124373170770716,0.75290157408932,-0.493905723697203,0.969311881742145
"ENSG00000196091","MYBPC1",0.334152119032201,-0.139098594206909,-0.550030687506296,0.201946654014765,-0.761557388117221,3.31491216913732,-0.210022694860741,0.0266006884546714,-0.831598230032987,-0.625019371945681,-0.74312767134621,-0.46476671390929,-0.31439516028582,-0.253862059516639,0.945262586796961,0.0706043542918761
"ENSG00000155495","MAGEC1",-0.553446480474206,-0.674262513123872,-0.103372746895734,-0.761970657277415,-0.761970657277415,1.30074706157747,1.69922734608759,1.79478010152962,-0.761970657277415,-0.666987967435943,-0.456399909157368,-0.761970657277415,-0.685954676401556,-0.761970657277415,1.27522686947092,0.880296201210154
"ENSG00000285094","LINC01488",0.0504149025058561,-0.0899231607838724,-0.829134803567059,-1.37082215259413,-1.37082215259413,0.885319436735907,1.38623049355813,1.44926301248392,0.00819644148755521,-1.00703060330926,-1.01987325031989,-1.13282340042372,0.66618865048223,0.739975875703049,1.00778883531377,0.627051875321642
"ENSG00000170419","VSTM2A",-0.803848257013546,-0.792392225771145,-0.789988704079132,-0.867022033966035,-0.670585736162739,1.22420420377133,1.00788143169682,1.54991630825649,0.0891797612886319,0.641739697227091,-0.867022033966035,-0.797412192200776,1.56704495229563,1.16196779287313,-0.867022033966035,-0.786640930283686
"ENSG00000091583","APOH",-0.578496876230363,0.127880571645275,-0.817431593405581,-0.817431593405581,-0.475131220319971,-0.596226294146476,-0.176949755250675,-0.181663202316517,3.07952980011257,0.423424807647456,-0.340940326225576,-0.817431593405581,0.614198073257868,-0.0822962573376041,1.22271953383295,-0.583754074452189
"ENSG00000134240","HMGCS2",-1.06691898833717,-0.455873259951366,0.00132905664945604,-0.155518602351918,-0.785817187435775,-0.459876366289664,-0.339981429986923,-0.181587898837809,2.19051548068,0.0649802758517452,-0.474586631568434,-0.558092667691186,-0.301475042008818,-1.00297806600479,1.75715247685749,1.76872885042516
"ENSG00000084674","APOB",-0.7534158145366,0.506222039454368,-1.21092539717132,1.01661605738281,-0.890910226039764,-0.738105696024939,-0.521788876036599,-0.310451328858401,2.8582123324289,0.133691040871361,-0.460054509963652,-0.148305984794199,0.907246523717461,-0.429345399732677,0.540228391025255,-0.498913151722002
"ENSG00000163586","FABP1",-0.631175584306282,0.663843914706995,-0.352477242496275,-0.631175584306282,-0.562240771056579,-0.585403119540893,-0.352788666897572,-0.462119767724475,3.30885984729732,0.564630522767214,-0.433578735389202,-0.349583699996429,0.282481780227943,-0.631175584306282,0.62025722812981,-0.448354537109016
"ENSG00000273171","ENSG00000273171",-1.04640125020312,0.12926858289589,-1.01699006231302,-1.25315585438983,-0.686449088206627,0.544656280989832,-0.376642046179647,0.850099377811977,2.81065810761881,0.0844232525533571,-0.530933031381724,-0.600681642463698,0.650671765576833,-0.349504754835389,0.744265027377179,0.0467153351491744
"ENSG00000186732","MPPED1",-0.338328042528874,-0.682633788534083,-0.722745430872816,-0.404346007768534,-0.700093265343711,1.51363205676849,1.65329061650734,1.96903390528696,1.35872277067336,-0.86893355124971,-0.545861781472026,-0.661779353835816,-0.892728314769558,-0.40567562779662,-0.0787063034836408,-0.192847881580767
"ENSG00000213088","ACKR1",0.118581606368282,-1.35319927767074,-0.0763788130829154,1.18300695477661,-1.46149527269984,0.314790165002336,-1.45342822658456,-0.331881289801366,0.273513274398986,1.84236714217271,-1.0055417145943,0.606915999921488,0.447067856747227,1.07360996674548,-0.822062476805941,0.644134105106535
"ENSG00000136352","NKX2-1",0.471573397628552,0.32375912557808,0.453273722320962,-0.909820966083155,0.321685285935176,-0.909820966083155,-0.742340322261457,0.524888797816187,-0.764793743197015,1.731813479261,-0.909820966083155,1.74227891262606,-0.909820966083155,1.39678714079138,-0.909820966083155,-0.909820966083155
"ENSG00000170099","SERPINA6",-0.154706560093392,0.557868925005389,-0.944905782166964,-1.15962986223809,-1.26066877073964,0.874428923085503,1.49808243228792,1.19441862981039,1.91136412200033,-0.77069615588125,-0.676554093344876,-1.12782473482149,0.231848008753255,-0.212809031147239,0.423394918055128,-0.383610968564974
"ENSG00000133742","CA1",-0.723152635344535,-0.524028732308998,-0.757001066176468,0.940973597536814,0.209751817075229,-0.558224463947307,-0.732352869977003,-0.599046094170374,2.50711264617712,1.98062345500629,-0.499453699869541,0.428890898851314,-0.228623379825331,-0.256946769523904,-0.709775439895003,-0.478747263608298
"ENSG00000187288","CIDEC",0.845225797843589,-0.375085241257217,-0.62241698078538,2.65874132919042,-0.427411324210394,0.330150835591465,-0.749658181144354,-0.749658181144354,1.89498696803621,-0.258816625424832,-0.435839875767619,-0.671138876459906,-0.460680644805465,-0.749658181144354,-0.409514948430491,0.180774129912685
"ENSG00000132026","RTBDN",-0.117023815913158,-0.534890431299009,0.120865636091445,-0.667059407305587,-0.134197678238059,1.8275244110995,1.8326802411227,2.20800631128992,-0.667059407305587,-0.569246039615485,-0.592359424520293,-0.531827771649706,-0.667059407305587,-0.453766051850115,-0.667059407305587,-0.387527757295389
"ENSG00000170893","TRH",-0.0908133984751356,-0.0341144863351648,-0.555185670064494,-0.60320589180737,-0.899518774319611,1.74438504098447,1.91470258751906,2.18038591243593,-0.330044444556521,-0.40595404866337,-0.568668925118495,-0.683814304172601,-0.44614707977713,-0.823938096749438,-0.309609791016674,-0.0884586298834621
"ENSG00000253215","ENSG00000253215",-0.706216068092855,0.548823157472938,-0.706216068092855,-0.706216068092855,-0.262934155886739,-0.617392034025478,-0.242694316106778,-0.331484461931701,3.16296732891553,0.428701397315632,-0.344789451066231,-0.581773377628463,0.837861729659924,-0.706216068092855,0.710171376205283,-0.482592920552497
"ENSG00000185303","SFTPA2",-0.224557553988009,-0.293036334529402,0.253638676726305,-1.09660779906392,-0.00379142419573371,-1.05890112797906,-0.585959400779176,0.440765924464115,-0.83669268466205,2.42669827913149,-0.0248811970114792,1.19507821755279,-0.746627404400083,1.65148508813392,-0.41786490745672,-0.678746351942982
"ENSG00000237423","LINC01522",0.305763827096721,0.733222904819958,0.744840480275921,-1.02528253645327,-0.902200796024507,1.38548241180218,1.34963850100968,1.96184901545116,-0.731551138911755,-0.930052025801382,-0.446264567206236,-0.767741568848308,-0.889869947678172,-1.02528253645327,0.505370471987582,-0.267922495066288
"ENSG00000139219","COL2A1",-0.897320002673649,-1.09031096637322,-1.15331280684148,-1.02769957420698,-0.910060438382503,0.840318944074587,1.60186375399432,1.45944694462684,0.124070742895349,0.860694949573507,-0.928377870647936,-0.586324820657476,-0.0807376766547367,1.24348808186065,-0.330655037570305,0.87491577698304
"ENSG00000201695","RNA5SP334",-0.285405821800869,-0.57719340020659,-1.00216009553969,1.46475676543949,-0.615483642898274,0.701974953946692,-1.08191614640651,-0.590206447960425,2.78703560776897,0.353090658839433,0.46187132111085,-0.0161121795581399,-0.399816224040074,0.0246360559651543,-0.49338501309437,-0.731686391565649
"ENSG00000126890","CTAG2",-0.739239221498036,-0.739239221498036,-0.739239221498036,-0.739239221498036,-0.739239221498036,0.173272363701043,1.83210257735457,-0.206851591825268,0.724906069364455,0.671686661928049,-0.739239221498036,-0.739239221498036,-0.660366281034617,-0.739239221498036,1.88539089479248,1.49377307770358
"ENSG00000124935","SCGB1D2",0.749983003657743,0.551323016525336,-1.15713968641289,-0.485453143876946,0.51968683610602,-0.0299721754989719,-0.221180452690277,0.244948518693539,-1.68551442933838,-1.83369655032287,2.08323653232762,1.22403630294803,-0.096682461456123,0.191181705645068,-0.239628065793437,0.184871049486543
"ENSG00000138207","RBP4",-0.290887347326117,0.0805742367519332,-1.07334140131044,1.34739468013166,-0.920763020702621,-0.668411142327737,-0.784070857015319,-0.801268671832933,2.64054319972592,0.588081283400201,-0.699330439871509,-0.303199571916131,0.108025700836206,-0.259397632495488,1.1794720251348,-0.143421041182434
"ENSG00000164756","SLC30A8",-0.368597427265418,-0.252299140634786,0.624949577831308,-0.711388480476978,-0.638577588613063,1.6975671143149,0.209414835983374,2.89432563673456,-0.711388480476978,-0.711388480476978,-0.48916728278685,-0.574951690552044,-0.0443024525663813,0.14755841021804,-0.454365595814235,-0.617388955418473
"ENSG00000181092","ADIPOQ",1.46974384457238,-0.532180143482931,-0.0869517319629186,2.90309744020208,-0.532180143482931,1.10008974036099,-0.532180143482931,-0.532180143482931,-0.532180143482931,-0.532180143482931,-0.532180143482931,-0.532180143482931,-0.456296303912437,-0.532180143482931,-0.532180143482931,0.392118445569221
"ENSG00000166006","KCNC2",-0.545881638310978,-0.410937628489224,-0.624901275650639,-0.624901275650639,-0.624901275650639,0.975375885988912,1.85803199436668,2.14318088661214,-0.624901275650639,-0.624901275650639,-0.624901275650639,-0.624901275650639,1.45430789674921,0.0662969267630001,-0.541164118474625,-0.624901275650639
"ENSG00000172482","AGXT",-0.694638999056698,0.161766782464823,-0.667181683301168,-0.30351986446428,-0.314985015134508,-0.69594576637486,-0.76502949996058,-0.839646688760034,2.9672211806402,0.260161619031571,-0.665320210977106,-0.437485200489569,0.774792389096811,-0.0323899117053973,1.3970524264512,-0.144851557460405
"ENSG00000196565","HBG2",0.20902387842386,-0.379976114806574,0.0532328607521432,0.0593566025272523,-0.343564048693893,-0.583264132498495,-0.374979328462757,-0.583264132498495,2.56250843242792,2.39925116587671,-0.583264132498495,-0.445789595313716,-0.407567591341592,-0.583264132498495,-0.499171439711432,-0.499268291683946
"ENSG00000146678","IGFBP1",-0.434384549139306,0.732002488030317,-1.137420011281,0.257437505691021,-0.606214538631575,0.198219057965014,-0.572711641684652,-0.35861192150163,2.92260994225164,0.108604492153463,-0.197218569129649,-1.13230160451381,1.19369176771821,-0.672077932338644,0.206659942534471,-0.508284428123873
"ENSG00000166959","MS4A8",-0.345115160296952,-0.468738664311661,0.93344838166915,-1.13787107835583,-0.906287348054938,1.51054969956187,1.45935610402309,1.53094177108071,-1.13787107835583,0.278431792657194,-1.13787107835583,0.519736643327348,-0.368849174433826,0.687376060107905,-0.27936579190658,-1.13787107835583
"ENSG00000290767","ENSG00000290767",1.87111787864138,2.08685121063577,1.85259943080443,-0.0409944039988224,-0.660748547394139,-0.653400221314503,-0.806043857090283,-0.719314315982154,-0.568899789119283,0.000106467880264798,-0.806043857090283,-0.0494936612592735,-0.547258751727044,-0.21343600228015,-0.573929069153219,-0.171112511552692
"ENSG00000284931","ENSG00000284931",0.202997364939044,-0.399988324620668,0.0353582762934971,0.041512235045694,-0.363396586894152,-0.60427944623147,-0.394966882146008,-0.60427944623147,2.56105014494058,2.39894021886067,-0.60427944623147,-0.466126555012046,-0.427715948472947,-0.60427944623147,-0.519771806657864,-0.25077435134992
"ENSG00000172551","MUCL1",-0.380384786425095,0.76871927916633,0.199045181842649,0.0631522264087681,0.053366043750046,-0.924872704433691,-0.355757374569337,-0.816065225166238,-0.883509084918389,-1.17480805034522,-0.479471402944145,-1.18820448665595,0.740213918001298,0.358773443382049,2.08566263095534,1.93414039195158
"ENSG00000123838","C4BPA",-0.756393803035206,0.193349770944745,-0.298674563247143,-0.752371234130153,-0.602440042500741,-0.862425463677578,-1.05499399472859,-0.789572664799946,2.93835242067227,1.08560560591366,-0.331230265427106,0.293134558464323,0.430859784315567,0.637169355532648,0.311542906381181,-0.441912370677927
"ENSG00000110244","APOA4",-0.553764869914676,0.81944134727303,-0.553764869914676,-0.553764869914676,-0.553764869914676,-0.27736421571411,-0.351171174820604,-0.553764869914676,3.2990777568443,0.597059989889671,-0.477360519793636,-0.553764869914676,0.26209736140391,-0.553764869914676,0.473827772252434,-0.46925422793227
"ENSG00000233041","PHGR1",-0.75375540870144,-0.75375540870144,0.185526761658002,-0.75375540870144,-0.75375540870144,1.69193749654346,2.08820126200718,1.87504165917719,-0.75375540870144,-0.653690302600279,-0.415620817828659,-0.450657834943305,-0.26273942847752,0.261884513402577,0.107335094975842,-0.658441360407284
"ENSG00000287826","ENSG00000287826",-0.169524623826102,-0.415707818500413,-0.494493992702,-0.494493992702,-0.422325338452379,-0.348955887554064,-0.494493992702,-0.494493992702,-0.494493992702,-0.326660013974604,2.87095716473778,2.07545993574899,-0.494493992702,-0.13580665012365,-0.494493992702,0.334021180858451
"ENSG00000145920","CPLX2",-0.767001480830849,-0.688206747323519,-0.416682403284598,-0.367169053008598,-0.692875889140852,1.54988844975878,1.84134724637006,1.98100719279639,-0.767001480830849,-0.666534529005827,-0.634397897825518,-0.339592685010148,0.704593049994195,0.646057668273271,-0.616429960101094,-0.767001480830849
"ENSG00000108342","CSF3",-0.506591700285395,-0.850875192711308,-0.33277124401282,0.888464529462215,-0.778593085217039,0.113276163546794,-0.567416733395199,-0.301719098851291,1.87048195038162,2.37759333970682,-0.757108066557531,0.206928259059646,-0.773525595821103,0.836819322867738,-0.765786014574817,-0.659176833598331
"ENSG00000106927","AMBP",-0.737677241159605,0.47713637998411,-0.104609524263396,-1.33099990216356,-0.545332013730232,-0.198079143733839,-0.3749118183581,-0.183492446414249,3.0090417896652,0.136879020873625,-0.207287601408622,-0.843773019372012,0.741796750366574,-0.727925966989647,1.00645422716874,-0.117219490464996
"ENSG00000109072","VTN",-1.10355143969539,0.136590657170286,-1.32464092545825,-0.74301638582416,-0.908728262000818,0.595497221749801,-0.300283181019164,0.880799908292129,2.78792915018981,-0.0598206488694046,-0.557698469902742,-0.537685296528087,0.676940135961389,-0.285211680570564,0.702044270414354,0.0408349460908113
"ENSG00000145824","CXCL14",0.344850370512839,-1.13987779760197,-0.518170015898194,0.537995115679475,-1.31086700623319,1.94138300234207,-0.0928137693409226,1.82766701047364,0.740990789481044,-0.877058939256587,0.861273285484069,0.110304388030907,-0.638619823189107,-1.13118894354364,-0.65407274995097,-0.00179491698947136
"ENSG00000180178","FAR2P1",1.64730347461052,1.32189067032889,1.40199689270392,-1.52751563881462,-1.03561787674338,0.168484947537445,0.501562207265322,1.18834172261293,-1.52751563881462,-0.11378432556682,0.110423288074923,-0.180889212500441,-0.728951217467083,-0.44182577201907,-0.233069134496163,-0.550834386711753
"ENSG00000211895","IGHA1",-1.23722190952899,-0.631862552024996,0.112050884010052,-2.41019962788629,-1.48759267698285,-0.00167537394248554,0.236481005404035,0.203841295763138,0.234915222773453,0.501067622404632,0.333744878842494,1.40991223466784,0.936558249919426,1.2029935916419,0.176058187454726,0.420928967483915
"ENSG00000105388","CEACAM5",-1.00378369927789,-1.30733284960382,1.60199470944215,-1.63422871450181,0.644732141620188,0.550654553857676,0.173680341900836,1.03437830477633,-0.583683068938862,0.102707354922722,-0.265779099032668,0.767552359516567,1.12015306755315,0.798613487292739,-0.597119163990861,-1.40253972553645
"ENSG00000267424","ENSG00000267424",-0.236575409425677,-0.530021064612826,0.061854340513198,-0.609647286559616,-0.0615661040351104,1.82442766067092,1.83188253398575,2.23276235029842,-0.609647286559616,-0.609647286559616,-0.609647286559616,-0.609647286559616,-0.609647286559616,-0.331348577584732,-0.609647286559616,-0.52388472389264
"ENSG00000285513","ENSG00000285513",-0.52218510129836,0.816887074068677,-0.52218510129836,-0.52218510129836,-0.52218510129836,-0.42985947915915,-0.31602406759403,-0.52218510129836,3.32215029197734,0.613926282156322,-0.444435397423582,-0.52218510129836,0.1250663309228,-0.52218510129836,0.489769775438497,-0.52218510129836
"ENSG00000019505","SYT13",-1.15138562940647,-0.19070191250767,-0.624469871526932,-1.48040671787446,0.145404868799217,1.56963737210603,1.08162453544054,1.46417324995734,-0.316561534256058,-1.48040671787446,1.15349617526522,0.0610655115978439,0.867583063081907,-0.894082453197761,0.0686442561639076,-0.273614195768174
"ENSG00000231240","KLF2P1",1.64635092773519,1.38515278444275,1.35333134368973,-1.43343064723153,-1.0708943229607,0.293874287782616,0.60213407198906,1.19564156827545,-1.43343064723153,-0.0447654161766958,-0.0104209309048292,-0.26820599116563,-0.789570574487331,-0.433382657056211,-0.380164186279539,-0.612219610420799
"ENSG00000126010","GRPR",1.7183322289053,1.53063156612112,-0.625751402518485,-0.500895598116012,-0.808371229563963,-0.741562096498486,-0.933406823290192,-1.02203544390338,-0.759552555585562,-0.722518381872519,1.76661031640156,1.15308852447928,-0.231407923500335,-0.231515706973906,0.522652612576028,-0.114298086660452
"ENSG00000286308","ENSG00000286308",-0.439074779957626,-0.507093687203788,-0.507093687203788,-0.507093687203788,-0.303404193542786,2.17510888058225,1.44726927583262,2.31377071727189,-0.507093687203788,-0.507093687203788,-0.507093687203788,-0.507093687203788,-0.206977294238064,-0.422849421114183,-0.507093687203788,-0.507093687203788
"ENSG00000159409","CELF3",0.590747788886312,0.0237826607405929,-0.740889507403588,-1.10149757605649,-0.0895923216979304,1.77223820897885,1.3246120488351,2.25716970036433,-0.797001316875136,-0.543949574545983,-0.641641387269593,-0.66063630660418,-0.920321146410691,-0.400916218870156,-0.260116622378748,0.18801157030731
"ENSG00000164128","NPY1R",1.43999066166128,1.42423960233031,-1.2766613489636,0.112122389499364,-1.16404380855596,-0.370834411852218,0.557733026522718,0.0362973244288309,-0.24844736986207,-1.02680775104455,-1.03975235050043,0.0794834421184392,1.62917602516636,1.24359884165425,-0.508471273709221,-0.887622998893516
"ENSG00000178372","CALML5",-0.993749074766687,-0.981382126690712,1.87936472899293,0.0564345744996608,-0.713915125911133,-0.800091539773435,-0.928159390749569,-0.324311070396242,-1.06194606225769,-0.583167453545624,0.0826151294648503,-0.20240928414637,0.651883568558169,0.842566676597177,1.62613755591231,1.45012889421238
"ENSG00000235910","APOA1-AS",-0.596683126515332,0.372344728596081,-0.694375634554092,-0.572342794741719,-0.781008107085229,-0.295661931852494,-0.180676124427226,-0.300062832242615,3.15225298178607,0.335863626780167,-1.18899319842885,-0.430325733929278,0.33645777932119,-0.23601744030709,1.02739507740347,0.0518327301969508
"ENSG00000161055","SCGB3A1",-1.12923310187694,-0.735157885757779,0.813992921466157,-0.464778365469139,-0.412109744097177,-1.29225460145011,-1.17510437181875,0.0473819640277056,-0.666178950845923,0.861756744728825,-0.847560953624654,0.593509561660984,-0.0827749371649201,1.34922036145012,1.7581207506362,1.3811706081354
"ENSG00000060566","CREB3L3",-0.477697038470483,0.447672527826826,-0.739975429252643,-0.739975429252643,-0.563303243704161,-0.739975429252643,-0.395304768399987,-0.230042384760351,3.29420456481405,0.395359762165522,-0.507227682756363,-0.351287624799767,0.461618104415375,-0.34177536583289,0.775173897662513,-0.287464460402359
"ENSG00000172061","LRRC15",-0.0127131517323731,-1.0396718488157,-0.817989665283757,-0.321311190286765,-0.818743871586892,1.83923239745921,1.00378871764591,1.98838914718737,-1.35507461253333,0.267460989501201,-0.863830428017897,0.502882552065013,-0.61943079430043,0.069774008302566,-0.552101942461753,0.729339692857621
"ENSG00000129988","LBP",-0.663820236233395,0.265447290472327,-1.10365093965441,0.53164491813263,0.227452744038324,-0.444856567438086,-0.819677627766502,-0.881815113026704,3.12519626891905,0.340452294763005,-0.609482220842827,-0.461421293726595,0.146329258359224,-0.589578463511948,0.387590301217819,0.550189386298091
"ENSG00000156234","CXCL13",0.558025740158223,0.855383076947388,0.543308513395765,-1.10571629138821,0.104115923847184,1.35150351802126,2.24618980572681,0.501551605398622,-1.08417051253824,-1.45033363982751,0.1074712056788,-0.307791064161586,-1.18401798903414,-0.150529193307261,-0.421890374419286,-0.56310032449782
"ENSG00000108309","RUNDC3A",-0.203115642598824,-0.976428109495731,-0.776949776004397,-0.676620053473336,-0.559384426331124,1.70050278648605,2.12714255539329,2.00130626932083,0.0355110616045262,-0.169935239016776,-0.362169069745299,-0.4294739711041,-0.336176531108939,-0.289670603922865,-0.740378022766272,-0.344161227237031
"ENSG00000286208","ENSG00000286208",-0.185906978900569,0.307359685706577,1.23484114281024,-1.45076761555051,-0.469068679378186,0.927558570698963,1.17370986544519,1.48233965625102,-1.01919410496458,-0.608365271342753,-1.45076761555051,-1.45076761555051,0.60444663103262,0.702584846174553,0.31122754624397,-0.109230063125511
"ENSG00000165863","SPMIP5",0.947424030306555,1.19896218208048,1.55433867928635,-0.983477716935462,1.0045050703733,-0.95917678756387,-1.16891307489728,-0.680140109881341,-1.16891307489728,-0.103856078503388,1.43911163544966,0.421881966108543,0.302670622933064,0.0864232116598642,-1.0188822275756,-0.871958327943592
"ENSG00000235123","DSCAM-AS1",1.26078062062254,1.63487407166101,0.487113041049272,-0.804298231068086,-0.770665688024277,0.411100226871484,-0.189972953287036,-0.150578246144097,-0.721919903723957,-0.522757962316814,-0.863915276990115,-0.738944434606447,-0.97606543689182,-1.11918716848234,1.6809587532206,1.38347858811008
"ENSG00000228630","HOTAIR",0.0791429521740052,0.277172707128763,1.13782581318763,-1.12721656821051,-0.0827451495390586,-1.28284623665439,-0.870272318353545,-1.44231527750914,-1.44231527750914,-0.47631109333032,0.954234559123948,0.283715019216435,1.35515718921451,1.31898511575481,0.902614304841467,0.415174260464532
"ENSG00000142973","CYP4B1",-0.289619729889268,-0.873832480761408,-0.362155663012414,1.35716016730294,-1.15414775435227,0.226254294130574,-0.216022194183289,0.0865207252989449,-2.1411813163323,0.755700369707695,1.60110776573919,1.27240972364,-0.837468124806468,0.783452721481061,0.0788917070752709,-0.287070211038255
"ENSG00000286058","ENSG00000286058",1.63625465953471,1.35016743023429,1.3594037922043,-1.38621483119742,-0.883748973887343,0.113407333376439,0.477145171394155,1.14988746844598,-1.88124839169667,-0.20139420543738,0.130704803947118,-0.226980239709483,-0.603897883796415,-0.3407365417511,-0.253202271286406,-0.439547320374787
"ENSG00000101938","CHRDL1",0.395280490325517,-1.27606090632788,0.0743581992214467,1.14032483700391,-1.41447584610093,0.844272054163759,-1.32589198537506,0.0664539021417928,-0.590253162126549,1.17367181999021,-1.33665522652234,1.41718599068961,0.162828177712756,0.913128437967248,-0.837106534774153,0.592939752010664
"ENSG00000204434","POTEKP",0.105470144291615,0.151066000565452,0.962575628747317,-1.41046224509023,-0.378948898857287,0.879593261769041,1.18044289936647,1.34051967866201,-1.43880431671554,-0.450505523413336,-1.36167260984216,-1.59680689741198,0.553841971601829,0.772568834361747,0.593440502314477,0.0976815696505762
"ENSG00000113600","C9",-0.443775114769995,0.261576085344355,-0.663105528983383,0.0212147563419623,-0.348710033381081,-0.589793245470908,-0.587748200497255,-0.498234400468006,3.40393314922111,0.523668544380671,-0.577640680580887,-0.58131528203209,0.317644328265255,-0.575283820610301,0.492768182683121,-0.155198739442572
"ENSG00000163873","GRIK3",1.40457993209233,1.63300209733613,-0.87120935654916,-0.134813019960524,1.28564962997146,1.09167534839437,0.0801101344436779,1.18211096005309,-1.18286261361845,-1.49397302917462,-0.452452247781869,-0.398553717997113,-0.699759775654238,-0.659664932064705,-0.159407420221004,-0.624431989269378
"ENSG00000105141","CASP14",0.198717517749023,0.434275258362965,1.05215922667726,-0.886325036422346,1.65812451997257,-0.886325036422346,-0.886325036422346,-0.886325036422346,-0.886325036422346,-0.886325036422346,1.22715423721097,-0.526313306575478,-0.602904315822052,-0.746620125414117,1.48082056213625,1.14253664423669
"ENSG00000180210","F2",-0.277794773929727,0.833021767261956,-0.760767785762276,-0.953898234141145,-0.0725628055655045,-0.219550611330884,-0.558707967136303,-0.426879681554218,3.03767405475818,0.00998671185649069,-0.351434465054784,-0.738809248409814,0.74548680101594,-0.953898234141145,0.888595023951033,-0.200460551817803
"ENSG00000149968","MMP3",0.872612295594421,-0.72563986169502,-0.21230178878677,2.75657831939815,-1.03084749944973,1.13925381173936,-1.03084749944973,-0.09844315527011,-0.268405071727908,-0.254966509619075,-0.474986114296266,0.0366503363730329,0.700313600398324,0.379593068804536,-0.757716432563478,-1.03084749944973
"ENSG00000160716","CHRNB2",0.126932302877111,-0.319920516112391,-0.742979958062146,-0.254883416593484,-0.203009437777954,1.8617851300151,1.95307521269687,2.07135163486304,-0.387679528341964,-0.720548374334142,-0.469752232978394,-0.660831166814685,-0.598767990017041,-0.741054369517132,-0.464684901762452,-0.449032388140331
"ENSG00000125820","NKX2-2",1.03264496691227,1.53014260522421,1.25288233265372,-0.922059132414343,0.85171432732881,-0.922059132414343,-0.922059132414343,-0.922059132414343,-0.922059132414343,-0.922059132414343,1.28589235290951,0.200850620647244,-0.922059132414343,-0.922059132414343,0.776562448473907,0.44578340516506
"ENSG00000134917","ADAMTS8",0.832617175755284,1.48891246846282,0.318366882188843,0.028715012309467,-1.35538754683324,-0.612305986007898,-0.830881060238956,0.105901653572344,-1.53514518638967,1.50857182619707,-1.06180013693671,1.29755531899627,-0.360960491154998,1.04779848218774,-0.541513207123591,-0.330445204984785
"ENSG00000186160","CYP4Z1",-0.35410238097576,-0.145811337795247,-0.556597691994712,0.194270358425588,1.79946904790962,-0.90283649392116,-0.41020612027872,-0.47184626392088,-1.46039011284665,-0.663782218001282,2.29590246330929,0.96394319197244,-0.81464264007731,-0.290980397085571,0.0883044635242458,0.729306131756108
"ENSG00000008196","TFAP2B",-0.794587169192921,-0.673149124681335,-0.543067342856254,0.409353779494948,1.89817499597165,-0.960169069174415,-0.883887250103768,-0.960169069174415,-0.10336597399394,0.642929661426718,1.2082104173616,-0.565842891654382,-0.879014728382159,-0.58603523897045,1.46933480322197,1.32128420070715
"ENSG00000118520","ARG1",-0.271595140501948,0.231110915583209,-0.739316349588886,0.815528431082524,-0.0531646050700922,-0.883679378265763,-0.840536739499983,-0.847800300304942,2.89789954139065,0.836171111246861,-0.619901054800327,-0.385184126505234,0.163526263326425,0.250131098433832,0.612281322937101,-1.16547098946343
"ENSG00000175084","DES",-0.0251900193038953,-1.11933094020061,0.0785193202056327,0.345541344381915,-0.931998933557683,2.23539854511153,-1.24219843884601,0.107394549661593,-1.46237948046787,1.08759965407143,-0.7467389253949,0.692112590701827,0.124041462715987,0.71805852026203,-0.737240566635532,0.876411317294552
"ENSG00000134827","TCN1",-0.960354697397909,-0.865442358366611,-0.0475405616638705,0.0499843928637988,-0.954574744649835,-0.792015147128559,-0.278651144754492,-0.121189497929064,0.263352182990941,-0.219531636496824,-0.322214456989532,-0.953183748094653,2.61606626643399,1.73448266477944,0.84315727538089,0.007655211022293
"ENSG00000121075","TBX4",0.24459308351499,0.539913443461589,0.410947561753088,-0.64488776714144,-0.777068329688325,-0.396336207716488,-0.224095432156091,0.78078915284666,-1.21833134385298,1.82348834823169,-0.859831490298771,1.72110397673913,-0.883874832538203,1.29070015328393,-1.06515027061354,-0.741960045825232
"ENSG00000137975","CLCA2",0.069386098949088,-0.717526172981304,3.30814911330235,-0.372318956943514,0.015386390642644,-0.771223579519493,-0.947460621021149,-0.852484292465885,-0.21537326607227,0.292382236402515,0.414777158206184,-0.363260986546346,-0.485064978593706,-0.235550407011353,0.227809510521545,0.632372753130692
"ENSG00000178772","CPN2",-0.842916500800927,-0.044569856024223,-0.908748324033912,-0.565380897949694,-0.988955461151416,0.79437022212182,1.31213762155816,1.35607442511649,2.44132087182947,-0.157829702304287,-0.740398327771521,-0.841807187027911,-0.181106676885593,-0.708319943766081,0.348809786821755,-0.272680049732129
"ENSG00000290591","ENSG00000290591",1.69890938013427,1.34284811917718,1.43281727057343,-1.55362918289583,-0.938709434908899,0.0375658612442561,0.54415436114793,1.11778612901505,-1.55362918289583,-0.160307683475279,0.0765611640193331,-0.230403409382422,-0.702724354948507,-0.435724740713671,-0.286019362119707,-0.389494933971305
"ENSG00000157131","C8A",-0.582244211564028,0.555456879696433,-0.582244211564028,-0.582244211564028,-0.582244211564028,-0.582244211564028,-0.443495757338862,-0.487155007748659,3.27739615586159,0.361297930541882,-0.582244211564028,-0.36373353161215,0.5832468349748,-0.130510268765254,0.72320624533841,-0.582244211564028
"ENSG00000105048","TNNT1",1.13606499416348,1.02520042447256,0.692501437108692,-1.42656413994513,1.32199467372616,0.759668337378749,0.0452039254515027,0.81093390638346,-1.75057131498355,-0.983656678813931,0.721640571276202,-0.0422300758271465,-0.167041106095834,-0.322312982688529,-1.54882104098594,-0.272010930620756
"ENSG00000118972","FGF23",-0.555318518908646,0.587890403836361,-0.150863211351182,-0.555318518908646,-0.226341181501714,-0.488707871051514,-0.00628091179958987,-0.555318518908646,3.49937849421271,0.319160409489428,-0.555318518908646,-0.555318518908646,-0.0611056532027848,-0.325589572197076,0.184370207017237,-0.555318518908646
"ENSG00000260903","XKR7",0.291116859310206,-0.473673709592399,-0.418154217729754,-0.557389057649686,-0.374937363977714,1.67052738243355,2.19000536496448,2.02487623908864,-0.557389057649686,-0.450648093299524,-0.557389057649686,-0.557389057649686,-0.557389057649686,-0.557389057649686,-0.557389057649686,-0.557389057649686
"ENSG00000080618","CPB2",-0.935060262487406,0.213348392117905,-0.895853251079743,-0.890954989269008,-1.00496493885372,-0.619085113648936,0.286749505336647,-0.017336539389016,2.96397050047309,0.202139448408875,-0.227725879638983,-0.714610331667177,1.0232411526638,0.161791810878787,0.697876569584832,-0.243526073429941
"ENSG00000283599","ENSG00000283599",-0.66874056049297,-0.584780942487019,-0.58806640638304,-0.66874056049297,-0.66874056049297,1.1047081669239,2.24305474423606,1.95024856687422,-0.66874056049297,-0.5616881405915,-0.66874056049297,-0.66874056049297,0.292727946358551,0.932161820607425,-0.35159721767778,-0.424325174903001
"ENSG00000113889","KNG1",-0.534651576748808,0.410874945658507,-0.519761998125781,-0.659476819350362,-0.5035025445436,-0.608383521268121,-0.441803075822086,-0.501062907686916,3.32651349556736,0.113405252890951,-0.208445587211108,-0.494906742923926,0.325260462303316,-0.469594558238874,1.00890552760515,-0.243370352105694
"ENSG00000255571","MIR9-3HG",1.31477791715252,1.45098436492154,1.30615675404569,-0.285974400209076,0.273561296716973,-0.873816849147117,-1.12818576745324,-1.26120146722293,-1.35442575392628,-1.40942893365256,-0.107926339265439,-0.432825070304494,0.716466122456982,0.81557762841916,0.514351535039692,0.46190896242858
"ENSG00000142484","TM4SF5",-0.64378576410711,0.270458499439207,-0.245380396624987,-0.64378576410711,-0.64378576410711,-0.525596261532663,-0.425783547273835,-0.64378576410711,3.16090687122122,0.274769865573402,-0.502202285512477,-0.64378576410711,0.91726262377312,-0.300814734352644,0.971710116128564,-0.376401930303358
"ENSG00000021852","C8B",-0.788866412174051,0.579565609123274,-0.551411615923024,-0.788866412174051,-0.788866412174051,-0.788866412174051,-0.649082985703695,-0.37824162514663,3.14302157713204,0.426162639605132,-0.340485427500832,0.0331534121704364,0.701279886010729,0.247637477348905,0.507895403130984,-0.564028701551114
"ENSG00000259655","ENSG00000259655",1.90553659459132,2.14483202951164,1.88754719440181,-0.479985094476914,-0.592409131834454,-0.507340919702806,-0.671651017281191,-0.578292789209777,-0.671651017281191,-0.26357936973386,-0.671651017281191,-0.00512135016444148,-0.475654721140355,-0.31442169133654,-0.486038374166668,-0.220119324895377
"ENSG00000278041","ENSG00000278041",1.67199286296881,1.55311803760751,1.52590638196106,-0.896557040411712,0.665670519479433,-0.896557040411712,-0.896557040411712,-0.8006819163168,-0.896557040411712,-0.722183036325391,0.873808588217664,-0.103712543146808,-0.896557040411712,-0.896557040411712,0.30762850726008,0.407794840764714
"ENSG00000238178","MAGEB17-AS1",1.80086285036995,1.47531072421402,-0.605175680456823,-0.353148710624197,-1.047592723427,-0.723372767078163,-0.786153947226496,-0.838155014482791,-0.79355753392514,-0.70981253860087,1.72019153651258,1.20610549006152,-0.521238655803259,-0.162882113599175,0.519502758303103,-0.180883674237257
"ENSG00000184811","TRARG1",1.06903362039098,-0.55467916168653,-0.267267570715128,3.26195194173265,-0.55467916168653,0.713494308753992,-0.476860161095521,-0.458556507896596,-0.55467916168653,-0.374758766014794,-0.55467916168653,-0.475900456152377,-0.0262466610827106,-0.466129738363136,-0.55467916168653,0.274635798875294
"ENSG00000161634","DCD",-0.410065853531357,-0.410065853531357,0.297887907162021,0.945008864519933,3.49319395740918,-0.358637719519201,-0.130337014835213,-0.410065853531357,-0.246931731926097,-0.410065853531357,-0.309591581028409,-0.410065853531357,-0.410065853531357,-0.410065853531357,-0.410065853531357,-0.410065853531357
"ENSG00000066405","CLDN18",-0.619795882944605,-0.56553432006709,-0.403903847980225,-0.274684778206756,-0.504961946769911,-0.349267207937646,-0.764117693405757,0.48034065636379,-0.974910748174049,1.93769475938826,-0.752146107127831,2.20185874729699,-0.31613655280453,1.51057841057091,-0.604192866440455,-0.000820621761091011
"ENSG00000184672","RALYL",-0.763256660938124,-0.663644334893584,-0.0987507769537094,-0.57074693524431,-0.459428366131349,1.76051049570639,2.01062278124928,1.9668221118153,-0.0705047258298099,-0.528511263626946,-0.68087322254035,-0.626199316827397,0.416106944859126,-0.679983623760637,-0.24890644594575,-0.763256660938124
"ENSG00000177551","NHLH2",-0.24395463586804,-0.609970577273052,-0.381871202467824,0.217384951727409,-0.609970577273052,1.68567183013674,2.08933719844336,2.11217791134074,-0.609970577273052,-0.505590226982557,-0.609970577273052,-0.609970577273052,-0.440663610430385,-0.526676571859118,-0.609970577273052,-0.345992180402008
"ENSG00000122194","PLG",-0.482896917849348,0.845990474560155,-0.65217983068856,-0.65217983068856,-0.319173413536405,-0.600698417073749,-0.433634094787306,-0.555849864878146,3.20239358858638,0.221130452131277,-0.462501955079144,-0.317202154132824,0.483147668467682,-0.480129073196615,0.855963198853724,-0.65217983068856
"ENSG00000291278","ENSG00000291278",1.72662597592468,1.37127043882141,1.47383589620119,-1.37937340610763,-1.24443748833813,0.146766898838779,0.444628907801766,1.22394986495155,-1.21606799871627,-0.174995651196654,-0.0260410302902506,-0.214289563177259,-0.649071082948154,-0.693527826289458,-0.276718010033797,-0.512555925441759
"ENSG00000261701","HPR",-0.577311056769341,0.139904986749741,-0.947008153546593,-0.0824506466816753,-0.762334532912713,-0.513048817772762,-0.554285373462666,-0.690780322067678,3.24559276259104,0.576090940154174,-0.804407958384609,0.0357902101710781,0.432006833871412,-0.00830927534511866,0.631836729190571,-0.121286325784858
"ENSG00000111046","MYF6",0.347157697510115,-0.607137093328835,-0.326471652250762,0.0382285045553801,-0.607137093328835,2.85831330774971,0.616564665528835,1.68650026196549,0.243941054900751,-0.607137093328835,-0.607137093328835,-0.607137093328835,-0.607137093328835,-0.607137093328835,-0.607137093328835,-0.607137093328835
"ENSG00000145192","AHSG",-0.313028093591079,0.582795244758185,-0.560551667589257,-0.710941396133358,-0.323066054765613,-0.467044635527747,-0.295846115291457,0.0215693691766619,3.19245762515509,0.13751549234199,-0.568087416553228,-0.710941396133358,0.173427897317312,-0.710941396133358,1.17219663481553,-0.619514091846312
"ENSG00000200336","RNA5SP333",-0.585107048657326,-0.254081421878392,-0.575391036960442,0.539220622124525,-0.657016824953494,0.696799924847386,-0.657016824953494,-0.562864249914784,3.37265929713199,0.444273735278123,-0.0610715393469487,-0.507265889328495,-0.315551138096291,-0.0794371755459829,-0.244306047017307,-0.553844382729066
"ENSG00000095627","TDRD1",-0.919824028646892,-0.770194342698215,-0.650783265802304,0.0469721601968796,1.9424721307075,-0.217319181150092,-0.85556264393018,-0.89756666143322,-0.668381022449515,-0.886931588888528,1.7042003908124,0.478061595871525,0.00232871331989646,-0.67209691641418,1.46805080938749,0.896573851117435
"ENSG00000251151","HOXC-AS3",0.931296097328468,1.32843815439211,1.01868415706467,-0.812417838879077,1.01580572864325,-0.438052381647298,-1.27739777288265,-1.36288386204777,-1.45969696464727,-1.45969696464727,0.771726550847791,-0.11495613300468,0.62754797807742,0.582169842190217,0.592507227048878,0.0569261821632113
"ENSG00000176406","RIMS2",0.644598683942934,-0.0461167666552633,-0.911700259420852,-0.621811991672645,1.29925045804304,1.06579153893434,1.25268243420414,1.42691050835437,-1.32359621785494,-1.14217215499719,-1.32359621785494,-0.232215477737755,0.789353906842489,0.595969778049931,-0.668352030520516,-0.804996191657155
"ENSG00000186081","KRT5",-0.798586131818206,-1.0923291180934,1.02216496622188,2.51663899108698,-0.875194032646933,-0.830472191084375,-1.0923291180934,-0.306722238318344,-0.9289793722945,-0.0870055592169121,0.0621771524685535,0.894287119746926,0.920329442503882,0.700385308001335,-0.176065952360402,0.0717007338969243
"ENSG00000171759","PAH",-1.00413506278299,-0.465226240110658,-1.11035125867927,-0.952348640439373,-1.53973371988221,0.283063041476384,0.987472226384116,0.90073798867632,2.02408067721457,-0.150460809383156,-0.383363287111748,-0.623398365591206,1.31265472584871,0.241636361634406,0.890305527876176,-0.410933165130063
"ENSG00000178445","GLDC",0.685493348684299,-0.792471544317899,-1.07552599142469,-1.16369598110391,-0.136977809702262,0.998921057872124,1.49811172960141,1.50000112229161,1.87540230166186,-0.333502495279102,-1.09399267532525,-0.52791291333247,0.0450430868609985,-0.353362186412173,-0.47326303270733,-0.652268017367212
"ENSG00000133169","BEX1",-0.575004437506123,-0.936926948574122,-0.679914853691375,-0.0414282455656134,-1.08390764123073,1.68072304010267,1.46216556591064,2.03782143856015,1.02650398668641,-0.0459425227246461,-0.912951847586272,0.00619492017322527,-0.326315988937532,-0.211176689774752,-0.792151095120388,-0.607688680721551
"ENSG00000091831","ESR1",0.511392334429624,0.785259528127436,-0.541823586626153,-1.35795284628319,-2.29536262780655,0.171901279941288,0.189757841872524,0.728175917179108,-1.20346636886775,-0.964759836072752,0.416602401053607,-0.0227238535864508,0.714441292640336,0.685487122522329,1.41041080936557,0.77266059211102
"ENSG00000022556","NLRP2",-1.1764247093453,-1.46816048688028,-1.15119064702453,0.125954791732988,1.73539818247774,-1.09199049904901,-0.908708971919662,-0.213760637880342,-0.640358043573975,0.0179936331374913,1.37896423055454,0.753894398311219,0.343071865654686,0.374028100990158,1.13439352467128,0.786895268143008
"ENSG00000104879","CKM",0.720411472434854,-0.168024055555414,-0.502838047608304,-0.853426548540114,0.308839911297869,3.22461783522893,0.476512787113571,0.330458348713563,-0.853426548540114,-0.671090870556059,-0.487007130720575,-0.853426548540114,-0.284298599113946,-0.554271139640032,-0.135134548896258,0.302103682922138
"ENSG00000250612","ENSG00000250612",-0.72479732202506,-0.72479732202506,-0.72479732202506,-0.72479732202506,-0.72479732202506,1.36755266668363,2.00119805210833,1.84754721120014,-0.240262963901049,0.183460847208247,-0.72479732202506,-0.72479732202506,-0.574483737971323,1.17388639682539,-0.343753965871933,-0.341563252106015
"ENSG00000136546","SCN7A",-1.5148580656021,-1.5478525620616,-0.0226790646143809,-0.321526532372065,-1.28422298349687,-0.087993383986227,0.283005088085722,0.93694340073585,-0.206161152877724,1.39090630545531,-0.728715907691923,1.72593215794624,0.815485118900292,1.12803871205842,-0.229717179289165,-0.336583951189779
"ENSG00000162706","CADM3",0.773328963935891,-1.15148720642455,-0.0310517206294125,0.5089814630883,-1.30171804406807,0.0379765387969167,-1.25143297691135,-0.648012475083597,-0.41606216794508,0.913892747802176,-0.980290354339599,0.482711907622534,0.402679688292863,1.77865370618777,-0.827398254275342,1.70922818395055
"ENSG00000197253","TPSB2",-0.81400037214254,-1.45472969492852,-0.356404588726117,-1.59497105741034,-1.78933943419789,0.753096268981335,0.81170548651171,0.790228714481643,1.10849218965154,0.691282619427951,-0.553926610260527,1.14205429020877,-0.191191487952916,0.747567625303396,-0.0527822865364449,0.762918337588952
"ENSG00000168702","LRP1B",-0.394513377081751,-0.726880409880182,-1.29899895691586,0.226826720754794,-0.702400849101811,0.990144752483611,0.988391573239712,1.58203693907168,-0.426826174375823,-0.954696452317769,-1.71414875989401,-0.261203137021844,1.38176614176006,1.16025286497765,0.43340679829576,-0.283157673994222
"ENSG00000229415","SFTA3",-0.485572455847326,-0.622616787573185,0.591623072506194,-0.708483176349636,-0.708483176349636,-0.708483176349636,-0.708483176349636,0.360630000013931,-0.449650899313348,2.01487213202385,-0.708483176349636,1.89748180600171,-0.708483176349636,1.66196790597383,-0.322235569970823,-0.39560014571701
"ENSG00000257434","ENSG00000257434",-0.599723209024686,-0.451613597497395,-0.599723209024686,-0.599723209024686,-0.599723209024686,0.749959629332558,1.90930130637466,2.19015051578224,-0.599723209024686,-0.490112766933978,-0.599723209024686,-0.599723209024686,1.52092916895666,-0.0311053747925677,-0.599723209024686,-0.599723209024686
"ENSG00000257520","SFTA3.1",0.0480302299010141,0.107797847517675,0.465227540083864,-0.908903248912447,-0.164911769039031,-0.908903248912447,-0.718265590837244,0.436364578047621,-0.649337568311006,1.89256336549602,-0.908903248912447,1.88069594002264,-0.908903248912447,1.55872417893103,-0.521561206496546,-0.699714549666244
"ENSG00000257514","ENSG00000257514",0.395086211321298,-0.336058142780017,-0.40170586674597,0.0376820657991386,-0.484484239424138,3.51659688059878,-0.322474418741194,-0.111167548173193,-0.484484239424138,-0.484484239424138,-0.484484239424138,-0.484484239424138,-0.484484239424138,-0.484484239424138,0.663197603168611,-0.0497671084784925
"ENSG00000135638","EMX1",1.53813723868983,1.35894027288001,0.314072362304159,-1.08594995427894,-0.722952689260038,0.52755681546153,1.37992143448024,0.835612192910423,-0.919682242421499,-1.08594995427894,-0.661665161953732,-0.899424449897621,1.11060723926781,0.0833363524810977,-0.779429430103139,-0.993130026281195
"ENSG00000272068","BCAN-AS1",-1.00192071157608,-0.910790682030857,-0.208224238089579,-1.51606978957233,-0.111788575471692,1.35209891576136,1.71226719323178,1.19901969972122,-1.18454655823132,-1.04389751548434,0.961465425447708,0.542119017247274,0.230915754779762,0.282974616414315,-0.753452167736267,0.449829615589053
"ENSG00000007908","SELE",-0.247150032449879,-1.03073004948691,-0.38378182528099,0.76024212366551,-0.652504649247705,-0.485211579645145,-1.27851017983285,-1.04468525577692,1.82728361715846,2.12635730426392,-0.745734737515048,0.310526174646482,0.130859251052793,0.930108007769635,-0.524115449178361,0.30704727985701
"ENSG00000155511","GRIA1",-0.510320393422104,-1.17888577618506,-0.817757605955983,0.270143654886627,-0.956130120577101,0.678492974469338,-0.784813893627263,0.299773965735204,-0.756812436822155,0.530491440952278,-1.17888577618506,1.39171458728083,-0.944502112597688,1.03780251907078,1.70018171456804,1.21950725840931
"ENSG00000163221","S100A12",-0.990057495109429,-0.916000377153849,-0.988143765273849,0.766807561265819,0.218597226313901,-0.724979233093938,-0.412152312505925,-0.164049377320942,1.97034306506146,1.63684757185657,-0.419984371883202,0.106686884103713,0.458602517377797,1.39592390200615,-1.14120538522229,-0.797236410421992
"ENSG00000234638","ENSG00000234638",-0.0375992131777632,-1.06866074373774,0.0969535872990866,0.282535920448019,-1.2397166907609,2.28590852109823,-1.16656806335319,0.0895371851264091,-1.33680749070206,1.08337246011471,-0.734670498382559,0.699872188863843,0.0938024380502553,0.68963594986724,-0.619468845385356,0.881873294631782
"ENSG00000173467","AGR3",0.16209050500239,0.494469077453226,-0.110965217604381,-2.48780562134354,-0.153148823550526,0.734767837280745,1.1904859721173,1.17986429780043,-1.99315465606931,-0.137282867252163,0.158846870875358,-0.393456142385675,0.804288342483269,0.515953576486034,0.20434935653335,-0.169302507826502
"ENSG00000186910","SERPINA11",-0.973859220210318,-0.203044723767154,-0.0370937625974905,-0.865013223132854,-0.838670640139819,0.423104218419439,-0.187474524287208,0.988103287669574,2.70422091555762,-0.33278017544431,-0.50315197228459,-0.89238712064348,-0.305659104736504,-0.762672445416326,1.45136749652099,0.335010994492425
"ENSG00000198650","TAT",-0.649475253880596,0.414137939062343,-0.358159567230899,-0.794105240244929,-0.802211205473736,-0.717526741092201,0.0198352175033613,-0.511327292091573,3.05480089132828,0.0955188837345018,-0.368940649051396,-0.553709022264567,0.458506738803533,-0.356648865672396,1.41065950507899,-0.341355338508715
"ENSG00000012223","LTF",-1.25199058519167,-1.3976978863792,2.22028061973208,0.715554677513384,-0.760187677256896,-0.858004712051197,-1.11028467703478,-0.762979823667793,0.706405967591446,0.517595044828814,0.515654245155256,0.263894081685834,0.940426688270427,0.83256545577528,-0.466162560259347,-0.105068858711633
"ENSG00000136881","BAAT",-0.714857383871102,0.0685094588851554,-0.924318013974532,-0.816498610343927,-0.466286594165296,-0.152489103781656,-0.243416820042662,-0.0547638698892996,3.07621010002504,0.0230284677191461,-0.0446992576684415,-0.416173046614888,0.990916058624763,-0.430850455279006,1.01419668208407,-0.908507611707365
"ENSG00000290700","ENSG00000290700",1.1261397791816,0.550678068491725,1.47661047344536,-0.528282865242582,-1.37621177498782,1.17742912774174,1.30231414899402,1.10466392226865,-0.428097106211437,0.180058042637883,-0.824549013815407,-0.781055714899493,-1.18081595454577,0.12454534304342,-1.02195923307563,-0.901467243026249
"ENSG00000127129","EDN2",1.61009851224532,1.41534900440345,0.661546556465135,-0.550779169706315,1.88969643550958,-1.12942889999959,-0.964028692629037,-1.16246877995211,-1.29541926298252,0.0520336466114106,0.440707663459307,-0.430982787500664,0.268679323553376,0.0492851013199345,-0.560955888317969,-0.293332762479318
"ENSG00000197249","SERPINA1",-0.56015729241349,0.470342885814902,-0.985279275062996,-0.933721212847013,-0.760669536687821,-0.691909839366597,-0.209976204727045,-0.35041818685594,2.93602483842808,0.542118932963128,-0.0333757657529804,-0.696283076707841,1.24334278542556,-0.118255012751339,0.536288774256514,-0.388072813715126
"ENSG00000178171","AMER3",0.189496356124727,0.374029670655324,-0.551429991725765,-0.634802914007029,-0.496479279365214,1.70280228025975,1.97740326432096,2.05217307928363,-0.634802914007029,-0.169572067497178,-0.634802914007029,-0.634802914007029,-0.634802914007029,-0.634802914007029,-0.634802914007029,-0.634802914007029
"ENSG00000158639","PAGE5",-0.307173062821545,-0.459010192616448,-0.459010192616448,-0.459010192616448,-0.459010192616448,0.92360725840717,2.22442591460651,2.57870073946714,-0.459010192616448,-0.459010192616448,-0.459010192616448,-0.459010192616448,-0.370448730878344,-0.459010192616448,-0.459010192616448,-0.459010192616448
"ENSG00000102837","OLFM4",-1.14164786605654,-0.619009143695332,-1.14037633759654,0.501561123456152,-0.0345831201809942,-0.0873316528919793,0.316787793866086,-0.523151813901489,0.482146194338946,-0.709549157214974,-0.623419466885934,-0.50810769564649,0.867865639087939,0.384979617154219,3.01051728611533,-0.176681399948398
"ENSG00000156689","GLYATL2",0.414832662273314,0.657058729748733,-0.384638786484876,-0.353718434300073,2.45176243319832,-0.7187980569077,-0.846332886598087,-0.875549426120894,-1.07112639352931,-0.885663309814959,1.45611659783142,0.741318208870654,-0.918430152905917,-0.330363477599655,0.742933463710281,-0.0794011713712496
"ENSG00000130477","UNC13A",-0.16727983956839,-1.11877865502126,-0.377392436109644,-0.696084931051618,-0.92772782220615,1.6775262325924,1.87634099971779,2.00574128602943,0.0997132585171617,0.309901084169255,-0.964768802463836,-0.275264818298916,-0.341454459944233,-0.174375412796413,-0.768506635059198,-0.157589048506387
"ENSG00000055957","ITIH1",-0.407200463900463,0.696952888669971,-0.809449790391666,-0.381810322172241,-0.209590166696067,-0.424289199995132,-0.60629067272725,-0.282187006427051,3.14676028778692,0.0791146892362469,-0.538529539968136,-0.357123439611006,0.59362213913942,-0.897514156625309,1.00915080869755,-0.611616055015786
"ENSG00000267881","ENSG00000267881",-1.56138081409612,-1.56138081409612,0.847870870381702,-1.22444172311858,-0.120038738428353,1.11868868438611,0.352709230470545,1.3597750019744,-1.17703322131864,0.581657495418057,0.295058847499115,1.13625720387777,0.558214166894654,0.461645807358743,-0.0488823923729094,-1.01871960483037
"ENSG00000140798","ABCC12",-0.481740115442245,-0.0227493390080218,0.881391517791942,-0.959887633167876,1.39444540060471,-1.15866214483018,-1.15866214483018,-0.894504089776653,-0.664776158416,0.538438312531403,0.847793510413146,0.746725756299324,-1.15866214483018,-0.668292687094119,1.51340029661874,1.2457416631362
"ENSG00000176887","SOX11",1.08436638982935,1.17498738788017,1.79521257702277,-0.934558239569576,0.989955029726227,-0.266758192571687,-1.04956010971754,-0.703746980167299,-1.13336724579391,-0.485670996044941,-1.0295442963371,-0.413403155477587,-0.522570453473227,-0.623478362775591,1.20576854051504,0.912368106954903
"ENSG00000188175","HEPACAM2",-1.15503739985537,-0.714037380967295,-0.087749113808259,-0.682603099582467,-0.942197669525796,0.926026204510402,1.60297581623413,1.45593852982942,-0.277867589271131,-0.41576520592511,-1.19979927610857,-1.09574500777784,1.02188201264304,0.731079354356711,1.26262229954787,-0.429722474299734
"ENSG00000105697","HAMP",-0.20071959191922,0.0505105418705492,-0.492397988092859,-0.882039936782365,-0.849921721857997,-0.890764704949708,-0.58331609986823,-0.647458135417186,3.21263771537403,0.184156280644275,-0.00188372841604547,-0.398507718648656,0.508979524353746,0.568474233810532,0.699123574653538,-0.276872244754403
"ENSG00000224559","LINC01087",0.00691198952721137,0.308437604508491,0.837497175492875,-1.30997751586058,-0.492557838755786,0.904030182272185,1.44044050747086,1.43694065442196,-1.47969067003911,-0.478854314153855,-1.25185657714733,-1.50565846248245,0.433485499319049,0.792154870668193,0.457858577949152,-0.0991616831908638
"ENSG00000140093","SERPINA10",-9.40465446570991e-05,0.214217559771329,-0.976637881080277,-0.639164582561161,-0.976637881080277,-0.0555568193543058,0.59502352034597,0.568084191967833,3.12006865383515,-0.0983214380096248,-0.67636898082315,-0.976637881080277,0.133871251102945,-0.582818022820125,0.613148118574381,-0.262175762243754
"ENSG00000089225","TBX5",-0.106685210357316,-0.716824682072044,0.211613360869268,0.873678980078424,-1.14489384976369,-0.0453906509249166,-1.14489384976369,0.883372938459721,-0.591769031176731,1.69932245035343,-0.893562760775694,1.58966211257066,-0.900051209914661,1.24203218517606,-1.14489384976369,0.189283067004876
"ENSG00000084628","NKAIN1",1.26498047397528,1.93156706725732,0.289096978049736,-1.50215282832482,-0.0115644621342224,0.434651500208535,0.0965694815932335,1.25841574089655,-1.06932940873654,-1.50215282832482,0.723301033864521,0.0273902611247926,-0.408002639494523,-0.489713765679399,0.0584410917262742,-1.10149769600192
"ENSG00000184956","MUC6",1.72059135323666,0.689742672119075,1.35471323212,-0.698300969837424,0.16264800886617,-0.963165087837527,-1.18386620571093,-1.46983523365761,0.57285348573678,-0.944405014737909,-0.481065460009676,-0.577847310406077,1.56274385457788,0.281625895598431,0.44374498066051,-0.470178200718352
"ENSG00000240253","FAR2P3",1.14516897045605,0.634156181030859,1.51592716143833,-1.00878978655559,-1.00878978655559,1.17040894581366,1.27532430670762,1.10452664633625,-1.00878978655559,0.248657955776277,-0.861182111906063,-0.66433209638266,-1.00878978655559,0.125824967578157,-0.650531994070538,-1.00878978655559
"ENSG00000196132","MYT1",-0.207673329120523,0.0626190820825145,-0.697140783453201,-0.891745232335988,-0.700439738760235,1.68670538173659,1.98973660687521,2.18747420586524,-0.462666738031288,-0.460203619261578,-0.478748996939857,-0.655136027024634,-0.288521593372629,-0.501994082173193,-0.252152068199436,-0.330113067886992
"ENSG00000223349","KLF2P3",1.07089225738399,0.627208892043239,1.4224777519743,-0.999919842091758,-0.999919842091758,1.28027284260104,1.36843701762349,1.19090467057816,-0.733738893177448,0.174005635221913,-0.658300104283334,-0.827846262138546,-0.999919842091758,-0.00931753222913797,-0.999919842091758,-0.905316907230633
"ENSG00000181143","MUC16",-0.807166231337932,-1.18727177901232,1.69219079093678,0.0337222462565376,1.62747093074773,-1.18727177901232,-1.10290516789301,-0.586433157250986,-1.01757527100708,-0.192233601050804,0.892880141804429,1.02226486745945,1.1220856514509,0.303607399697752,-0.278341967159496,-0.335023074629634
"ENSG00000004939","SLC4A1",-0.775841405633491,-1.14661000590071,-0.930374735081926,0.864813213506368,0.176254263736893,-0.296789222954182,-0.235176326690184,-0.193546965329393,2.41115288919268,1.97572517589849,-0.499008597959407,0.375797845067505,-0.133864469016185,-0.351643486429755,-0.96619141606228,-0.274696756344421
"ENSG00000144290","SLC4A10",0.0424676929127939,-0.0724807486576975,-0.421663321659422,-0.674459592923103,-0.814230402600854,0.485779560146847,1.02741330728278,2.22270565105103,-0.213476703109992,-0.630370496963289,-1.09060756294641,-0.897040666120321,1.7753389577788,0.806517990983341,-0.89755926374819,-0.648334401426319
"ENSG00000226482","ADIPOQ-AS1",1.40451195724989,-0.517729123068277,-0.248106876557315,3.01818780332771,-0.517729123068277,0.976736611690064,-0.517729123068277,-0.517729123068277,-0.517729123068277,-0.517729123068277,-0.517729123068277,-0.517729123068277,-0.431465554658961,-0.517729123068277,-0.418702992187508,0.358401158750618
"ENSG00000117601","SERPINC1",-0.272203960199918,0.058613307466169,-0.789230795460132,-0.46233954841136,-0.366707011931001,-0.240747919834482,-0.409199955680988,0.0450375687644814,3.305574149323,-0.119362623900113,-0.847812216185475,-0.47028336705974,-0.303085213082638,-0.595150916208241,1.1340357202363,0.332862782164127
"ENSG00000101981","F9",-0.451810745514564,0.191334517584094,-0.451810745514564,-0.451810745514564,-0.451810745514564,-0.398228681689582,-0.451810745514564,-0.354171609322896,3.50407767875346,0.147116279820195,-0.451810745514564,-0.451810745514564,0.307094110406288,-0.451810745514564,0.669074414079513,-0.451810745514564
"ENSG00000080910","CFHR2",-0.496684707265819,0.4819934275431,-0.496684707265819,-0.496684707265819,-0.496684707265819,-0.496684707265819,-0.35034429411876,-0.496684707265819,3.44543344528504,0.18505672316627,-0.243666242402999,-0.496684707265819,0.415874645320577,-0.496684707265819,0.535814660599146,-0.496684707265819
"ENSG00000113430","IRX4",0.346801684163235,0.962536522563161,2.16500247017954,0.207549099656745,0.739231592191043,-0.784541727735587,-1.30621059810643,-0.929577167511734,-0.616014039034758,0.255149047861,-1.39081390606976,-1.39081390606976,0.855982853206858,0.238234427792602,0.622313426174609,0.0251702207392387
"ENSG00000019169","MARCO",-0.343074092345714,-0.610904197672094,-0.685500037117061,0.658603557718677,-0.883857537656108,-0.224020731670843,-1.5059932746727,-0.54695692219944,2.21538562272503,1.0885986456309,-0.411833109149875,0.367163368652072,-0.470895171743619,0.745797746583723,-0.889359625678064,1.49684575859512
"ENSG00000291164","C3P1",-0.633169781641602,0.153528520802365,-0.787531437411503,-0.586769753097783,2.13651963446335,-0.787531437411503,-0.469482337187345,-0.621146726769916,2.59058247255953,-0.0859714827824127,-0.701616620418835,-0.16988366232038,0.291303909988753,-0.637632414041018,0.297778671071714,0.0110224441965867
"ENSG00000237988","OR2I1P",-0.713418609525108,0.393536260760835,-0.0786057273970104,-1.03808102896686,-0.61077586520572,-1.07311067731069,-1.14430825319488,-1.09628295752458,2.6802625321466,0.443050664837663,0.660713437094259,0.478035648623943,1.06370165777996,0.0709527192334509,0.11290816559418,-0.148577966946038
"ENSG00000286026","ENSG00000286026",1.75413217725418,1.36151461395595,1.51513222801173,-1.33545362736774,-0.929988130594414,0.084865212082135,0.523782057143606,1.18846070617178,-1.33545362736774,-0.231214255711439,0.000101751298519937,-0.317334514263435,-0.940885831838842,-0.499636151498744,-0.356847504098532,-0.481175103177001
"ENSG00000130294","KIF1A",1.67021178367057,1.60233561325217,1.16520044515732,-0.934625794537439,1.76213683183701,-0.832485935117193,-0.906722989540283,-0.965147513663554,-0.70377888064747,-0.91403379811858,-0.0983597664610262,0.00764972887902569,0.282419033222692,-0.419768301567588,-0.419903146702967,-0.295127309662699
"ENSG00000162896","PIGR",-1.39770396270476,-0.703459284729413,0.618856365610593,0.260659462906837,-0.524164773813975,-1.75432203467589,-0.841327323897604,-0.627465399162258,1.33502111622764,1.00789062562815,0.2622568991679,0.645452527603081,1.355331777215,0.961127303815844,0.54460781757196,-1.14276111676311
"ENSG00000164265","SCGB3A2",-0.718698588487312,-0.601078973669827,0.101684553176318,-0.793508568055872,-0.376959285635709,-0.793508568055872,-0.712081246668311,0.843534602016805,-0.793508568055872,2.02984547163506,-0.490447317929677,1.88401975896102,-0.388767642882499,1.57726692097457,-0.479171939478058,-0.288620607844753
"ENSG00000168243","GNG4",-0.989424150934439,-0.217955288906972,-0.383644745001766,-0.391792286725909,-0.596641441929791,1.60794770515141,2.00255430232389,2.097009772536,0.365953684917539,-0.360121053822153,-0.825932552072021,-0.816484513618383,-0.313397311453314,-0.247227508433435,-0.709045300204519,-0.221799311826139
"ENSG00000167798","C3P1.1",-0.641766221739717,0.173275916924324,-0.796544363326525,-0.59524100048728,2.11550116755114,-0.796544363326525,-0.533429559061895,-0.629710727258563,2.59170834558996,-0.0425127008164439,-0.796544363326525,-0.143187573508942,0.289980737996132,-0.487340418886868,0.288191013544536,0.00416411013319322
"ENSG00000213886","UBD",-0.709384701505587,0.349584194098802,-0.102921989466573,-1.33062484354458,-0.528784753223446,-0.994499919264026,-1.01159555020606,-0.939874163260438,2.75881571976901,0.486992004347819,0.619066597440071,0.472291575545473,0.975249297013487,0.0572054038461696,-0.00597350511439559,-0.0955453664757227
"ENSG00000225670","CADM3-AS1",0.655805037226123,-1.18028345404181,-0.0482394663816111,0.600260819826579,-1.29226138478028,0.0587403594955566,-1.18174199491738,-0.469194846445493,-0.565561779657419,1.23537963459765,-1.10240242207925,0.573272616058934,0.349285389636422,1.65529596971354,-0.872790785898175,1.58443630764661
"ENSG00000148965","SAA4",-0.617682133526758,0.286717041081757,-0.292471377390891,0.657302447401214,-1.13668997263283,0.511420146376432,-1.24485927320464,-1.32988808084325,2.94380890684564,0.182011709321935,0.0778884877241726,-0.238195396178477,-0.0763030636474553,0.332455326488167,0.337586342380945,-0.393101110195958
"ENSG00000256612","CYP2B7P",-0.932000930995227,-0.827594826361094,-0.497567804145564,-1.38617798089724,-1.46056571946801,0.999423427817943,0.750690251165039,1.03819111353272,-1.4223681125192,0.402903562860599,1.0515564508703,1.39273466211698,0.0377301876825962,0.683760459259502,-0.543727517786151,0.71301277686681
"ENSG00000185352","HS6ST3",-1.21727435136067,-0.622367137311644,0.605370397809365,-0.873552038017855,-0.61772488714291,-0.0335179674593352,-1.21727435136067,-0.30001877681878,-1.04541882961903,-0.0798725247349088,-0.267814272070164,-0.216364772768618,1.71852907907295,1.44456129812179,1.56420956732231,1.15852956633817
"ENSG00000148702","HABP2",-0.69269826297444,0.720696469573161,-0.727071517536013,-1.1581235717355,-0.41742441737312,0.673470702760328,-0.577163642636471,-0.89309387093108,2.42515343238574,-0.342189628436166,0.454995075049524,-0.907711198696115,1.48593430102188,-0.252776742190917,0.828359625975723,-0.62035675425653
"ENSG00000135480","KRT7",-1.14158092777644,-0.901471086085811,0.860278631716778,0.444734662999039,1.19926419534888,-1.76319702049207,-1.5839374191344,-0.866974616397902,-0.818438910547746,0.650032214783961,0.207387120733151,0.453746076119012,0.805958509011333,0.608848326269378,1.11563927895157,0.729710964501262
"ENSG00000160180","TFF3",-0.729777619833945,-0.242116036963151,0.493072708413954,-1.64716293479503,-0.24449004351679,-0.255408490192022,-1.326124767757,0.3290408388885,-0.610975681582451,0.105973234544077,-0.585078194854077,-0.723374361057768,1.14820354779961,0.716578202275137,1.77193850850157,1.79970109012939
"ENSG00000123407","HOXC12",0.372290946612935,0.648261448523013,-0.892600808189924,-0.411486267671189,-1.09041640182931,-0.772973418449488,-1.00483125104006,-1.09041640182931,-1.09041640182931,-0.905726384088915,1.21418007071712,0.274799143125317,1.13844073486413,1.18141441215984,1.59410719600971,0.835373382915427
"ENSG00000196188","CTSE",-0.800727082683518,-0.67981977493038,0.086815067098297,-1.11625691789708,-0.970578213446898,-1.11625691789708,-0.948422016816035,-0.130810069016237,0.805522624434214,1.99642710722124,0.0603314337347505,1.3539084750336,1.32065753665949,0.954755151293147,-0.209152898377522,-0.606393504409979
"ENSG00000223534","HLA-DQB1-AS1",0.353762914095141,0.16084857824139,0.422226908883677,0.346305679706897,-0.765807659404065,-1.71415309708547,-1.81764244786278,-1.81764244786278,0.766467856480882,1.17317328502019,0.425103599814241,0.647744439695999,0.609883170548874,1.03316793308945,-0.358525319053011,0.535086605691376
"ENSG00000178965","ERICH3",-0.550301020628998,-0.894887314499333,0.80269324881105,-0.757941783322703,-1.18394543301692,0.982557722816552,1.47725627533393,1.93560876174269,-1.10503930531056,0.418631927555515,-0.856487636481947,0.276716689307152,0.509936047713499,0.65870279633499,-0.775927426513196,-0.937573549841709
"ENSG00000123388","HOXC11",0.678507457973432,0.904206136142228,1.03643044900893,-0.837801122896465,0.266683008794604,-1.33499403448669,-0.699584627699762,-1.62598750799412,-1.62598750799412,-0.908295764390909,0.943711301242869,0.21933084346548,0.924715741315532,0.99531214177548,0.796727981443362,0.267025504300164
"ENSG00000291083","CYP2B7P.1",-1.0966283138014,-0.927801126621069,-0.487036298383241,-1.68278511900479,-1.56186639303469,0.945284915902178,0.696107674352548,1.04864055063684,-0.692886091444973,0.308419712692694,0.987256573453923,1.36054707471226,0.114445726829267,0.804503279474371,-0.568489712866734,0.752287547102811
"ENSG00000115602","IL1RL1",-0.480454251663607,-0.595888081913374,-0.949322056441938,1.16247519834996,-0.17642057182572,-0.329751234057786,0.587563272230662,-0.0314275299485182,1.48107065176167,1.61616787156695,-2.11632867067576,0.597103185671945,0.629544029686462,0.275487793848787,-1.12484572623211,-0.544973880357625
"ENSG00000236117","LINC01639",-0.614381697679765,-0.65802149863773,-0.414966853175284,-0.401289675081266,-0.458074670135918,1.77363660631987,1.9362726331868,2.13632649554884,-0.308842521814414,-0.747825467328759,-0.0292067513439505,-0.747825467328759,-0.747825467328759,-0.595253555386417,-0.222338451357078,0.0996163415425945
"ENSG00000130649","CYP2E1",-0.353253182750413,-0.0076008623534575,-0.800886015546611,0.0116728315884951,0.296664741714224,-1.08091210701109,-0.856106834248866,-1.09787795614272,3.14007890006466,0.0728182364269604,0.359077635645132,0.123040946773417,0.279779609890111,0.0114386306599406,0.638886985201109,-0.736821559910889
"ENSG00000125999","BPIFB1",-0.80808843621886,-0.590939749096937,2.02626531101191,-1.34748105144025,-1.34748105144025,0.135788545792622,-1.00489731284133,-0.00716692253288728,-0.870245386218651,0.558278458154844,0.412000913610501,1.15476640115752,-0.623799434207177,1.030259796939,1.08114797999957,0.201591937330383
"ENSG00000130720","FIBCD1",0.668004584499671,0.289339628173594,2.02563345857912,-1.01687273160662,-0.337599278580156,-0.78099368300174,-1.01687273160662,-0.520403661378162,-0.539537057294342,0.449592879745652,-0.780336469984306,0.272513441022651,1.93770890984559,0.980735815237379,-1.01687273160662,-0.61404037204508
"ENSG00000124875","CXCL6",-1.19684784237036,0.0599660516210215,0.151109297554224,-0.991677388291389,-1.19684784237036,-1.07580326786397,-0.648167950056594,-0.798743109072531,2.25923032607852,-0.212011171555719,0.655788230427407,0.226190325998914,1.55548068579613,0.884110020957971,0.274712083989041,0.0535115491576896
"ENSG00000115009","CCL20",-0.613808747656237,-0.272870651893378,-0.326906905847623,0.258274192091388,0.378272270363999,-1.25693924334588,-1.13836517251821,-0.988236667021085,2.73091028309237,1.24436621694657,0.0592046133872456,0.0142753832348792,0.716658525430119,0.384378649794462,-0.569641377194958,-0.619571368863668
"ENSG00000277200","CCDC92B",-0.510527337013179,-0.708346781379137,-0.547046727909583,-0.438617226009715,-0.0721224682236587,1.40734825220803,1.84020451409837,1.8329096896888,-0.910117567591284,-0.00982555218382086,-1.0942305533858,-0.169835440496176,0.658716623512481,0.701368413061382,-1.18208686585855,-0.797790972518174
"ENSG00000096088","PGC",-1.04835101867439,-0.638330929860767,-0.441492231526631,-1.21663979503978,-0.925349456309286,0.374581208678463,1.49484479441737,-0.00707759613088147,-1.21663979503978,2.27747990203739,-0.459285191873446,0.631409785944832,-0.274810145645633,0.944843062891014,0.580093458260844,-0.075276052129315
"ENSG00000168079","SCARA5",0.0903786710431875,-1.39870071072517,0.549777436812541,1.47803752177381,-1.39870071072517,1.25681841337705,-1.07804084422376,-0.196251161165709,-1.39870071072517,0.467401587040828,-0.756131782703772,1.59683929700433,0.352924344735277,0.517135550710587,-0.286449105862863,0.203662203633988
"ENSG00000289168","ENSG00000289168",-0.568378330820073,-0.979924967821125,1.45143146362736,-1.33524090304021,0.805027170369066,0.888176658807665,-0.086410368483094,1.74483831335032,-0.856506875055131,-0.0806042714456653,1.36876240022212,0.468655747168646,-0.926649012717187,-1.1729615075316,-0.434925786254967,-0.285289730376128
"ENSG00000215612","HMX1",1.50587671477766,2.00589842049164,2.15862644184589,-0.267406168644576,0.112796477548742,-0.28101928889505,-0.726173777431504,-0.555681153289816,-0.726173777431504,-0.726173777431504,0.302542355189925,-0.060802831310848,-0.726173777431504,-0.563788303124543,-0.726173777431504,-0.726173777431504
"ENSG00000188263","IL17REL",0.36920091120344,-0.487403336813681,1.36285697264257,-0.978711760831196,-0.148341245375644,1.27006283194181,0.672278564841612,1.7737658338407,-1.01557408459253,-1.23624356204473,-0.689434414183331,-0.740835939295406,0.765413721277874,0.873123018400989,-0.748068691140527,-1.04208881987195
"ENSG00000164326","CARTPT",-0.201891214934396,-0.494650922293512,-0.282168293211429,-0.494650922293512,-0.494650922293512,3.45495071534195,0.412276214255325,0.860657586497594,-0.494650922293512,-0.196789272100425,-0.313327024699427,0.134437787776557,-0.494650922293512,-0.405590042871163,-0.494650922293512,-0.494650922293512
"ENSG00000244468","TM4SF18-AS1",0.399418405743106,0.198211275656756,1.68809560028714,-1.18335861483442,-1.08298751293846,-0.477419772818256,-1.86806435301877,0.0737449941828139,-1.49641843177602,-0.278756607487161,1.24395883542026,0.516354447017263,0.976779569171298,0.530179981290192,0.385663476137601,0.374598707966655
"ENSG00000184012","TMPRSS2",-0.802972738328399,-0.159745137666885,0.283408381634346,-0.519844101493668,1.11128280815126,-2.18468290391494,-1.85830413024865,-0.779830760466839,0.744787361041352,0.978797469547331,0.212352545540537,0.40527166582642,0.300786610078081,0.404816668729983,1.24537156905383,0.618504692516243
"ENSG00000127324","TSPAN8",-1.08360275963473,-1.27011410212083,1.33795032191155,-0.728406992591293,-1.77885435188069,0.939949870562503,1.2472293582409,1.45034259963192,0.0912495169406932,0.164358820369014,-0.844974591510694,0.439589753764641,0.444898892889335,0.426894171774072,0.0879137103247985,-0.924424218671194
"ENSG00000118271","TTR",-0.486570304239865,0.0763444507612831,-0.398454965085498,-0.357175767264749,-0.364890770339191,-0.706594218223826,-0.619738323662249,-0.535833907118093,3.26223425709569,0.0803120990716232,-0.462007123667203,-0.180571742621019,0.545319993597214,-0.617467876314218,1.18922596603288,-0.424131768022784
"ENSG00000012504","NR1H4",-0.72432794856158,0.468488173079512,-0.72432794856158,-0.72432794856158,-0.023175161838403,-0.72432794856158,1.22107306849308,-0.621140759332001,2.6132892392552,-0.612495362386351,-0.160299240701984,-0.512384503038753,1.38441171844001,-0.72432794856158,0.588200519399174,-0.72432794856158
"ENSG00000162975","KCNF1",1.22861156100063,1.86181165035698,-0.665448484646952,-0.771107449849625,-0.693521254963136,-0.961828882866178,-0.970680262671246,-1.12144897390969,-0.57976276348956,-0.450242880738309,1.67558412340243,0.980368214920059,-0.324315429137174,-0.352243901028044,0.879812896955935,0.264411836663881
"ENSG00000115221","ITGB6",0.358115687763034,0.680407656475945,1.93499898254705,-1.1241974771123,0.947220259084952,-1.22575964418406,-1.17463528882317,-0.631608990800855,-1.17226560895227,0.888950126571951,0.534977960034172,0.249112466152354,0.803077594953867,0.420491375952366,-0.12013766562153,-1.36874743404152
"ENSG00000171885","AQP4",-1.0107828685394,-0.345228765987466,-0.272755088264379,-0.730570369965445,-0.00216915102375927,-0.657260980344168,0.0961797829186831,0.693726816893702,-0.200836891939291,2.15893826864015,-0.893671969470821,1.95450521458385,-0.503434513622657,1.24197116520789,-0.615731321507451,-0.912879327579438
"ENSG00000170786","SDR16C5",0.646308615622734,0.394613753134855,0.510095381015572,-1.12787776622785,0.649308291655413,-0.706493362191615,-2.01650074845382,-1.04762234184324,-1.74251906283744,1.19380194439483,0.780019016951707,0.25017451753316,0.904038414390301,0.708268549229452,0.598515390414457,0.00586940721148419
"ENSG00000141668","CBLN2",0.0421240424724286,-0.613040898114939,-0.613040898114939,-0.151730603441762,-0.613040898114939,-0.291947847014012,-0.613040898114939,-0.437587929836011,-0.613040898114939,0.335138285360579,-0.613040898114939,-0.177139895177027,2.82253178373808,1.9822361399554,-0.613040898114939,0.167662310746894
"ENSG00000257671","KRT7-AS",-1.14805421304481,-0.879493837602107,0.865862807504774,0.370095932292938,1.17037644478062,-1.80659588433505,-1.46930782149227,-0.934589759645508,-0.860628058046234,0.653065588186391,0.261232135927244,0.450074861568841,0.813271526116527,0.642460265805717,1.14954673306246,0.722683278920476
"ENSG00000198797","BRINP2",-0.526394541451027,-1.03000608853255,-0.621558905978726,-0.678520389013933,-0.569511933995648,0.893627170852616,1.75220361374367,1.78104932927337,-0.854269000974742,-0.801516317188683,-0.440340456191119,-0.297916256201674,1.22487745660851,1.28272658358167,-0.437990997408891,-0.676459267122835
"ENSG00000268388","FENDRR",-1.11721905928464,0.208503666873187,-0.0267725153842617,-1.11721905928464,-0.212147518699345,-1.05593323439158,-0.642529100999245,0.076282111467368,0.581343294775459,2.08686542066078,-1.02837996439931,1.60599504825568,0.596903330778082,1.22376588146161,-0.561638131095764,-0.617820170733378
"ENSG00000118432","CNR1",0.0535701984647504,-1.72862608334228,-0.301332402018595,1.55491252339297,-0.898270920596923,1.10344697148289,0.517576208504432,1.02224329542032,-1.07779355380789,0.396951267115989,-1.68249150035205,0.441888760168963,0.0606556765422119,0.583687444017819,-0.88122279493937,0.834804909946753
"ENSG00000237330","RNF223",1.13811669609626,1.01098463880033,0.196045287934914,-1.74973789521527,-0.922279823753933,0.236432081023992,1.13103662937168,0.810825656650707,-1.74973789521527,-1.33652674461118,0.00803625139221883,-0.593661803718304,0.61206781942254,0.825494707457801,0.64402258387849,-0.261118189514977
"ENSG00000248313","CYP4F27P",1.74843809471731,1.50219930365289,1.42720055071936,-1.23815762609721,-0.87980532608854,0.000784264482563694,0.554446231083367,1.27905431757198,-1.23815762609721,-0.143851236877131,-0.0914242880470872,-0.480822357500465,-0.648419758596625,-0.345382244909773,-0.622159789775779,-0.823942508237629
"ENSG00000159212","CLIC6",-0.812531966414825,-1.39734017502684,-0.0590576189551853,0.180728051990846,-1.096512033272,-0.236934439706485,-1.07894106072628,-0.939200058011204,-0.899065661404199,-0.0113647644813301,1.24205605086512,0.79927567726128,0.79513128686821,0.400849332418675,2.01383290324757,1.09907447534665
"ENSG00000230937","MIR205HG",0.594971231462698,0.129374008844086,0.668218769737214,0.768771851248182,1.67573375208602,-1.08615280014102,-1.00179559649993,-0.635961771603637,-1.08615280014102,0.135275309197284,1.72633756910019,1.16415082814236,-1.08615280014102,-0.364307728052658,-0.983129542191433,-0.619180281047323
"ENSG00000166292","TMEM100",-0.549054816428481,-0.853578635561273,-0.328776332714642,1.62359282841841,-1.72421885920815,0.247943579972835,-0.739200793312475,0.0600687438977307,0.0840684783935722,1.3768552457226,-1.39604074314142,1.29409873599657,0.0533315676078374,1.29041734430505,-0.638285577156086,0.19877923320791
"ENSG00000174697","LEP",0.819250137219435,0.32753869895684,-0.378051101759119,3.11454346469426,0.0796873018781977,-0.232912648655878,-0.354612459968704,0.316761413394299,-0.563440996632447,-0.49843600019902,-0.839596312024481,-0.691184353929125,-0.839596312024481,-0.328706753148273,-0.839596312024481,0.908352234222984
"ENSG00000100665","SERPINA4",-0.773434781971926,0.876389536730312,-0.426906909305348,-0.773434781971926,-0.773434781971926,-0.66748311795002,-0.0970363793819132,-0.268475090752675,2.27708005503573,-0.33050749521867,0.482989610716704,-0.773434781971926,1.89781333214988,-0.773434781971926,0.896745149807555,-0.773434781971926
"ENSG00000258197","NKX2-2-AS1",1.03253152599467,1.60388393705875,1.26133063648257,-0.907168102086253,0.820187436773298,-0.907168102086253,-0.907168102086253,-0.907168102086253,-0.907168102086253,-0.907168102086253,1.32185487158543,0.0175544123322138,-0.907168102086253,-0.907168102086253,0.752529651401079,0.447472345062016
"ENSG00000161896","IP6K3",0.0717229627837839,0.727677818790894,-1.08848231725877,-1.14087244687743,-0.820094893088549,1.88701499130288,1.22558659702573,0.795314076018258,1.14656543010736,0.440579936337781,-1.26514923560466,0.299933748719412,-0.644117099715933,0.236915847917761,-0.630209196175879,-1.24238622028264
"ENSG00000184937","WT1",1.7450185251038,1.89815371908943,-1.23631735888301,-0.575730515997759,-1.02891767227587,-0.397198245198461,-0.0654261707688156,-1.15808947148717,-0.520007108362115,-0.531931156125359,-0.297995973165258,-0.444873715265756,0.863659264834794,0.924770029690878,-0.345412306238761,1.17029815504943
"ENSG00000123843","C4BPB",-0.441315511497881,0.257767942101933,-0.993025118538311,-1.1554153519743,-0.179967381712346,-0.958916029284734,-0.678512136926468,-1.05382679582669,2.93263701170909,0.0874819717146057,0.193584096496575,0.373803878500586,0.507402319622291,-0.168638758407355,0.573377660307604,0.7035622037154
"ENSG00000130675","MNX1",0.210519352629799,0.744024143016357,1.39759071673057,-0.998055115698851,1.11154845608815,-0.792714125653668,-1.1377629646479,-1.46325209055341,-1.46325209055341,-0.444887568718297,0.19100677239221,-0.731749745615955,1.18013939690782,1.08905790855381,0.711760434096838,0.396026521025933
"ENSG00000285155","ENSG00000285155",0.378657995954064,0.810897057823173,1.97915690623373,-1.4986888727138,0.90751212731601,-1.32909214351036,-1.04249371712441,-0.553933624809659,-0.902065265813186,0.867428868221184,0.534796016966019,0.177123361016171,0.810590719688002,0.195976181228949,-0.12896740938689,-1.20689820108899
"ENSG00000081479","LRP2",-0.770803986721478,-0.870745681450571,-0.876468411333027,-1.59629284920264,-1.36225508965966,1.49111983542354,0.899511826056135,1.63030013793091,0.555226594633327,0.17220441398813,-0.796537069486048,-0.689627250284104,0.326936363458648,0.746965456642348,0.465413243387061,0.675052466617423
"ENSG00000261678","SCRT1",-0.438608509816602,-0.542934809354648,-0.656568182631793,-0.809341645768822,-0.659405166834585,1.65804706299561,1.9125519005644,2.26976137642142,-0.406778377005677,-0.467279180619352,-0.432552451915415,-0.40250956774557,-0.023364125111298,0.157603301075982,-0.536877328219374,-0.621744296034276
"ENSG00000175336","APOF",-0.651300530270629,-0.33352098646122,0.0491988221416834,-0.787820657176692,-0.787820657176692,-0.113366146725505,-0.550601326817483,0.0239946871913697,3.11741150034015,-0.0773888207687836,-0.581935795362901,-0.693526359195634,-0.181951665187918,-0.361698736988308,1.37342436352524,0.556902308933317
"ENSG00000148346","LCN2",-1.17789445820722,-0.196851004989847,-0.0480013169872045,-0.0368866489146545,-0.263985907141625,-1.58704669851008,-0.56339185504293,-1.24152769515842,2.08484192181188,0.614543590087382,0.161409195322973,-0.179661548744211,1.83062595360138,0.652995431212681,0.505310945113775,-0.554479903453879
"ENSG00000196260","SFTA2",-0.699202707931647,-0.846215774198648,-0.475686951896729,-0.303505034974618,-0.938328165454291,-0.864950791881314,-0.520234481766104,0.2718303693105,-0.58955313040252,2.08605548301136,-0.201169608768221,1.8057336216972,0.347152044253274,1.73976761634705,-0.290880973731059,-0.520811513614238
"ENSG00000223609","HBD",-0.680581611768242,-0.802415772939996,-0.648063547077053,0.846160687302058,0.138002903237922,-0.776605558228039,-0.894605083143245,-0.0951079359170904,2.43543750829293,1.97217146756907,-0.60949700780955,0.581438603122135,-0.386497685638937,-0.441752842704208,-0.670441580316289,0.0323574560185298
"ENSG00000152932","RAB3C",-0.0446775308665017,-1.30908371228455,-0.882212242089093,0.979800340349856,-1.16339883046326,1.02886751000863,1.91358102418826,0.936966049349199,1.09673032463797,-0.0456096835422675,-1.15221716608369,-0.170280426411898,-0.316196620100256,-0.239621992157524,-1.23153281171067,0.598885767175793
"ENSG00000074211","PPP2R2C",0.658989289781639,1.19708143981238,0.650168471301347,-1.25334932913898,0.164278317578719,0.696260844464961,0.894674614416265,0.634966758207107,-1.8937846830706,-2.08422954932968,0.246249532243531,-0.853773294828006,0.188094593445761,-0.17697484670603,0.784522314905047,0.146825526916537
"ENSG00000261538","ENSG00000261538",0.61169105167583,0.92958281897211,1.37994934687456,-1.19752186368293,1.25264734902766,-1.14139138116378,-1.19752186368293,-1.0234902463639,-0.107706493277678,0.387792856246123,0.473898161049978,0.166455768646933,-1.19752186368293,-1.19752186368293,1.09838824413897,0.762269978904919
"ENSG00000177108","ZDHHC22",1.0213772003382,1.02160421192948,-0.533892139404765,-0.687490450999694,-0.602895936134787,0.47308858747262,2.37525460760654,1.72032366849319,-0.687490450999694,-0.343581135676833,-0.687490450999694,-0.687490450999694,-0.687490450999694,-0.530590550570591,-0.587907331549548,-0.575328927505038
"ENSG00000211891","IGHE",-0.512655871710686,-0.691243847324104,-0.792110584207748,-0.945727307470381,-0.296880953273918,0.879254896350468,2.29104803682157,1.85114248359425,-0.945727307470381,-0.945727307470381,0.0387760818912676,-0.379694805852875,-0.331592375850657,-0.53561911930569,0.693238441547438,0.623519539731827
"ENSG00000128422","KRT17",-0.0841254677536514,-0.0816866703899344,0.796733616593938,2.01275191069754,1.27780171152076,-1.58914056700467,-1.42949209356054,-0.304315609250681,-1.45101069125099,0.0486889873544006,-0.0570567243829622,1.0413816227276,0.639144158080104,-0.104093226457939,-0.0977977984171649,-0.617783158505803
"ENSG00000204710","SPDYC",-0.920238825841349,-1.15178232891175,0.399731943711173,-1.15178232891175,0.23537978928642,-0.787270275981776,-1.15178232891175,-0.253900144944793,-0.69968007113212,-0.895162592783192,1.371024525958,0.249780556590602,0.934234872759396,0.921409462269033,1.6888047114377,1.21123303540617
"ENSG00000282944","CYP4F30P",1.08837377171967,0.709190406853495,1.65940511512187,-0.904606317690901,-0.904606317690901,1.15456764275502,1.31000027164789,1.14901319555927,-0.904606317690901,0.148343308845121,-0.904606317690901,-0.741535068815941,-0.904606317690901,-0.244864531506134,-0.804856206034857,-0.904606317690901
"ENSG00000110243","APOA5",-0.544904192156802,0.225198529112995,-0.544904192156802,-0.544904192156802,-0.397427825795127,-0.471210349940771,-0.544904192156802,-0.191910275333636,3.3330941510171,-0.233730737942737,-0.544904192156802,-0.302966360077413,0.364948897779772,-0.544904192156802,1.14876414645809,-0.20533502233747
"ENSG00000164825","DEFB1",-0.678178757741801,0.378370418322176,0.823973700017436,0.759501770534963,-0.596541618479703,-1.08398383319153,-0.61970785412635,-1.26454474618007,2.12154105538609,0.484806971763501,0.36099390607833,-0.68982991029643,1.56017370723515,-0.753860194108431,0.291593263463073,-1.0943078786764
"ENSG00000087510","TFAP2C",0.93775385385867,0.718393917936629,0.700552634239574,-0.0730265824950698,0.508012764694234,-1.2495594548171,-2.02142182773826,-1.52443228256387,-1.2349903728596,-0.468686394397436,0.810103888940928,-0.0190022667002741,0.592967608829795,0.448464861471723,1.22649212673842,0.648377524861622
"ENSG00000131482","G6PC1",-0.408267098293392,0.550290987779077,-0.593728947101539,-0.593728947101539,-0.593728947101539,-0.394930637965299,-0.593728947101539,-0.593728947101539,3.08111148309208,-0.137833048094892,-0.147585717944884,-0.507234952359717,0.708113125374842,-0.593728947101539,1.31256061765332,-0.493851076631895
"ENSG00000290699","ENSG00000290699",1.00819337979671,0.717855825177887,1.73445694000751,-0.886220898890164,-0.886220898890164,1.18452814750239,1.32156790800483,1.12808071284523,-0.886220898890164,0.217266155336785,-0.886220898890164,-0.722705307101225,-0.795296824306699,-0.676550175126761,-0.786198984230287,-0.786314182345704
"ENSG00000086696","HSD17B2",-0.43798157543454,0.476063432388304,-0.689707347383605,0.558590410087195,0.723226133855758,-1.23226952385933,-0.9781303738482,-1.3639811492823,2.13336309214446,-0.572607358103199,-0.264302657811795,-0.717891532717264,1.23528141080095,-0.567511361484718,0.547767987750481,1.1500904128978
"ENSG00000148584","A1CF",-0.469113564632149,0.641327981110408,-0.524191016396869,-0.433297312850526,-0.604966660590408,-0.74137889065305,-0.290804598350616,-0.392222704861979,2.76434659003465,-0.494081141104621,0.243591062631072,-0.809361935329112,1.42455617969918,-0.592379771393871,1.0698568010257,-0.791881018337811
"ENSG00000211890","IGHA2",-1.51369246785791,-0.85107882723671,0.231507118675837,-2.09700410490286,-1.13698323740141,-0.073418694145752,0.911682821534829,0.731094065936169,-0.246019035194766,0.207405015648006,-0.0935828696648204,1.48190496706388,0.78407101642689,1.33686045965899,-0.0663077131530918,0.393561484612726
"ENSG00000124302","CHST8",1.14088297802674,1.69759302625732,-0.619819473692319,-0.520387928933362,0.411870465920483,0.320483889947099,0.598384929308048,0.661902754890423,-1.56775611025917,-1.73341510558932,0.0970228273766832,-0.339075733580657,-0.911370649911496,-0.94686574772158,1.25273097820716,0.457818899753952
"ENSG00000204936","CD177",0.0515869992172288,-1.26944458864398,-0.893712365585404,1.73135451839442,0.765235112802433,0.077330706270451,-0.878356454544699,-0.366115487137149,1.45569197795965,1.11154013646427,-1.09533213715065,0.366550494058876,0.170762667305159,0.971322381659103,-1.18468251838676,-1.01373144268294
"ENSG00000119547","ONECUT2",0.321266422930755,0.445483616234927,-1.49072850011901,-1.01843404243537,1.44959271028627,-0.25050054195618,0.808082197962229,0.495225174456033,1.04616101288729,-1.12041309743423,0.00711237372146932,-1.24442241410341,1.42734340558341,-1.13350828951347,0.878122020551157,-0.620382049051861
"ENSG00000255026","ENSG00000255026",-0.904505410054903,-1.25769372687398,-0.67238211659154,-1.16536626393944,-1.12319254119098,1.02311728320097,-1.57041582673159,1.72768020192254,-0.183728387253498,0.630382074419165,0.251907445346942,0.139019795073108,0.776362651357817,0.644913841806422,1.0421371218501,0.641763857658861
"ENSG00000255399","TBX5-AS1",-0.343329082552862,-0.900830814272951,0.124848981789986,0.609755845337546,-1.10373654637285,0.381732244265126,-1.10373654637285,0.855159758532709,-0.412931394800434,1.62390613787176,-0.704808864946503,1.69995068003666,-1.10373654637285,1.3071837744662,-1.10373654637285,0.174308919764182
"ENSG00000167434","CA4",-0.387564076569547,-1.35318420165816,-1.05000099167199,1.75265002257959,-0.924511274445004,0.513650890378837,-0.0835384122063583,0.251574170258833,-0.0444389334619775,1.43993349619333,-1.19615359348112,1.41152873534884,-0.691924860342688,0.998838931349244,-0.80718412384283,0.170324221571006
"ENSG00000139304","PTPRQ",-0.801108211930929,-1.44267947972415,-0.759819274177382,-0.280071274834932,-0.977931467154697,1.64138789422292,1.45253490337632,1.87883477569427,-1.18096354814331,-0.301129895473451,0.0249089248858753,0.74671352141718,0.173886096925861,0.339160132680835,-0.327490986913506,-0.186232110850908
"ENSG00000159184","HOXB13",0.557914637085114,0.612431687609812,1.12229781405276,-1.05640060131051,0.82269860317776,-1.26878637859006,-1.18278617608616,-1.16533575187309,-1.26878637859006,-1.00980422331949,1.06817963592424,0.268338694630642,0.0352443442395587,0.0241512183797593,1.4097291367603,1.03091373790944
"ENSG00000129951","PLPPR3",1.58057985044663,2.01698734844771,0.366954819509431,-1.22233351410006,-1.21061614372849,-0.30418921618948,-0.627417044861698,-0.197500830383009,-1.78823763270284,0.109035079197045,0.735975342905212,0.292431478435448,0.11091227501639,0.278424663433366,0.591830313813814,-0.732836789239483
"ENSG00000114771","AADAC",-0.691652123628151,0.534940420234619,-0.905099006431097,-0.380278078529026,-0.0737259684735802,-1.09135334423368,-0.891086657017509,-0.854189966331406,2.89478406970995,0.27999726395439,-0.463938312430038,-0.365911663896903,0.822369799717227,-0.236229701509772,0.741718579789972,0.679654689075002
"ENSG00000224916","APOC4-APOC2",-1.15564941366901,0.256383205015651,-0.666543636069301,-0.547340562404909,-0.453447206875492,-1.0651360742249,-0.633766576348039,-0.325048426651288,3.23070335156289,0.122234264909267,0.182879869834197,-0.158924539017762,0.394765399068575,0.111502856674472,0.551020430135135,0.156367058060511
"ENSG00000168509","HJV",-0.362252986915236,-0.467245791388774,-0.681470707010476,-0.468552865781443,-0.404327343406857,2.35012216210986,0.216024643686796,-0.0930350394522292,2.54207812448169,-0.261418059523308,-0.681470707010476,-0.681470707010476,-0.427465567321682,-0.589369826161393,0.347852754576329,-0.337998083872325
"ENSG00000117983","MUC5B",0.0524532419941477,-0.434897778701505,0.850892051633753,-0.937671158748148,-1.65902325011448,-0.712823258138135,-0.718725378779326,-0.795866394622049,-0.196968921293227,-0.770291514720822,-0.0117334246009836,0.357399700430372,1.93503656076102,1.5160276749538,1.40616212964973,0.120029720295843
"ENSG00000287443","ENSG00000287443",0.143426977939376,0.632235740955954,0.615335109793102,-0.938976582668714,-0.938976582668714,1.46990719026429,1.36976394520145,2.14522289344429,-0.582771432588652,-0.823491487704826,-0.541536311187836,-0.626659207729169,-0.938976582668714,-0.938976582668714,0.383893028328043,-0.42942011604117
"ENSG00000234906","APOC2",-1.13079025144479,0.265225187378504,-0.681519246654648,-0.53711209144978,-0.466339215020901,-1.07055424873815,-0.689939628218217,-0.324694538147015,3.2210612245571,0.126440171800363,0.19517456301216,-0.142656633049486,0.404145519636857,0.121617713970029,0.546294751079059,0.163646721288922
"ENSG00000158022","TRIM63",0.222137305123772,-0.675014944563793,-0.315583234904615,-0.555491068893644,-0.768728477194339,3.44427392357251,-0.412275429544985,-0.0159228436869893,-0.209600733371373,0.271069390339499,-0.657370661546279,0.273003346320388,-0.768728477194339,0.046620941299752,-0.284206216812417,0.40581718105685
"ENSG00000244414","CFHR1",-0.208534143540589,0.192978447872503,-0.583463594490407,0.0222836536851579,-0.868909137823808,-0.660594641375321,-0.343320422505558,-0.784597657657226,3.37401936870531,0.401007927002424,-0.815586594467255,-0.11949841825564,0.235345896842556,-0.0675662047436802,-0.301288516252471,0.527724037004
"ENSG00000105398","SULT2A1",-0.515772275414559,0.366862708764011,-0.515772275414559,-0.515772275414559,-0.515772275414559,-0.382649235574136,-0.307827880318318,-0.515772275414559,3.38162764400209,0.210532775259605,-0.424310656322627,-0.419371155189291,0.258338384390498,-0.515772275414559,0.927203342890078,-0.515772275414559
"ENSG00000122584","NXPH1",0.25569693719815,-0.836194240259865,2.58569342863789,-0.836194240259865,-0.74774448060965,0.301277285583544,0.933881404800532,0.916755802958078,-0.836194240259865,-0.836194240259865,-0.836194240259865,-0.683881441703231,-0.262574793486112,1.31080827103633,-0.0671850224795011,-0.361756190636704
"ENSG00000105550","FGF21",-0.395715215707446,-0.165605473205957,-0.535465971060573,-0.17255177243694,-0.109991260384383,0.207149282043181,-0.165546213791974,-0.535465971060573,3.55680962311558,0.419947918436887,-0.443886165586947,-0.535465971060573,-0.376262655643906,-0.535465971060573,0.322981788464765,-0.535465971060573
"ENSG00000165973","NELL1",-0.591346719642942,-0.591346719642942,-0.337824492117892,-0.591346719642942,-0.591346719642942,1.70842377104613,2.37300075714243,1.83913670950207,-0.591346719642942,-0.475332640524629,-0.591346719642942,-0.256910372755366,-0.102012896592056,-0.209801381982487,-0.591346719642942,-0.399252416217611
"ENSG00000137699","TRIM29",1.19649735346063,0.543990821833261,1.15321428707916,1.5170893483315,1.0410038794756,-1.42995209420306,-1.35411745624128,-0.706259088779028,-1.09249611926289,0.111437452118197,0.502151987290727,0.632200135803891,-0.321018159964887,0.117951482965666,-0.521068141210483,-1.39062568869701
"ENSG00000184564","SLITRK6",1.01243139447604,0.993865048388877,-1.29381455765432,-2.0854942631841,-0.394684312813384,-0.472809762140202,0.322107006109194,0.751095789457841,-1.68393161048555,-0.0677395809060347,0.435342966417095,-0.260976679731912,1.01550131570215,0.568082000284305,1.20938199809828,-0.0483567520182726
"ENSG00000124939","SCGB2A1",1.11248508351034,0.716426339639689,-0.3368259835964,-1.14671757239854,1.34028792706014,-0.208484174933151,-0.0612545268167815,-0.242626573031622,-1.79686624395057,-0.908066513516126,1.81054321832918,1.16902561523788,-0.849387409468813,-0.491091271256646,-0.408574132648294,0.301126217839715
"ENSG00000210140","MT-TC",0.723093797737654,-0.563169196031161,0.750136050495924,0.0956295057129713,-1.52363287686134,-0.303975592926207,-1.7668864694977,-1.07185973271883,-0.164997058408142,1.67746852545896,-1.03527828984199,0.144269295684276,0.346757448230613,1.33917852368125,0.41162972445622,0.941636344827514
"ENSG00000163581","SLC2A2",-0.608272137160567,0.339299690768833,-0.517602774082989,-0.608272137160567,-0.608272137160567,-0.608272137160567,-0.363758549426291,-0.608272137160567,2.59253302693426,-0.487956345374844,0.325798343617315,-0.608272137160567,1.60156685873083,-0.608272137160567,1.37629684611742,-0.608272137160567
"ENSG00000151224","MAT1A",-1.08068697789582,0.0932787535895517,0.1223854419382,-1.26941397489231,-1.06814557629119,-0.939129232494444,0.375914142789358,-0.55738883973175,2.71279069126007,0.226066518025702,-0.289397750374603,-0.120692251085181,0.630014505661616,-0.50754421836693,1.119919282039,0.552029485828732
"ENSG00000215808","LINC01139",-0.297912092698412,-1.11058774091773,-0.786190580840702,-1.11058774091773,-1.11058774091773,0.940231592081138,1.89021189957164,1.24461670092204,-1.11058774091773,-0.915100679838607,1.05666888974159,0.579818971969822,-0.589935927826263,0.273220386290425,0.307850407040152,0.738871397258088
"ENSG00000171303","KCNK3",-1.01864342406148,-1.03154045125982,-0.429835197510818,0.675456278460938,-1.04830874841091,1.22093390287621,0.729000193786673,1.76610305403724,-0.74779178495383,1.11188867052798,-0.998948797916224,1.19371326157685,-0.632287979179759,0.619319403838515,-0.811046533186299,-0.598011848625269
"ENSG00000210135","MT-TN",0.780841405365989,-0.505977668807439,0.736879609709099,0.166073828735287,-1.46447593006616,-0.275661334993774,-1.72368464135995,-1.20756813918995,-0.19443284000804,1.68399796582919,-1.08121855349145,0.136325485759772,0.339664339728328,1.3354534602604,0.370084571236659,0.903698441292042
"ENSG00000106541","AGR2",-0.515328632292894,-0.11922174320873,0.630366075432313,-2.59368534209863,-0.124491405880891,0.5754707013049,0.970045661563369,0.925008557454945,-1.05736609234508,-0.0742799901788336,-0.670186900801564,-1.08012885420827,0.924450970017684,0.59136640677049,1.12501218389785,0.492968404573341
"ENSG00000167619","TMEM145",0.582917219705854,-0.130833768078703,-0.750052725736995,-0.813155998441831,-0.423332240358024,1.52697439999199,1.75629877364531,2.25669990218652,-0.0727052170344337,-0.553982309842515,-0.246369692886041,-0.485235220459383,-0.346807115784842,-0.380128842649339,-1.0446694183879,-0.875617745869661
"ENSG00000081277","PKP1",-0.0815931569680076,-1.71313274738345,0.172262038358237,2.0836286355767,0.931228950486888,0.832302744594926,-1.30594440266887,-1.12642701077371,-1.44718301914682,0.770134951369049,-0.294494904867179,0.25894096198608,0.073657155626868,0.277844432892128,0.100686006619387,0.468089364297777
"ENSG00000062038","CDH3",0.685726116672364,-0.0124976256604062,1.38956712861078,-0.0112245721906517,0.884959305615972,-1.33546782009673,-1.81408919483785,-1.21575561739346,-1.57340697422848,-0.121591619013118,1.34589614946909,0.208033875364873,0.612708720624544,0.666026149722445,0.313644983666,-0.0225290063253798
"ENSG00000101746","NOL4",-0.525664146920512,-0.144545512650952,-0.833717246395831,-0.00357146525915341,-0.729225103324808,1.11016135448502,1.66405185501948,1.40920954054417,-0.931708472806903,-0.422696155302639,-0.931708472806903,-0.54946620545503,2.12282269082854,0.00308882891999144,-0.607041198518601,-0.629990290355861
"ENSG00000290660","ENSG00000290660",-0.409863835664026,-0.126089222239242,-0.409863835664026,-0.193759710259259,-0.322867578876105,-0.409863835664026,-0.112097029161496,3.67504899506518,-0.409863835664026,-0.409863835664026,-0.409863835664026,-0.0544927434398804,0.187500421991111,0.12325714601039,-0.307453429442512,-0.409863835664026
"ENSG00000141161","UNC45B",-0.0722417845373216,-0.752808961416193,-0.0620317314212419,-0.752808961416193,-0.601385675451992,3.1935856693674,-0.752808961416193,0.399772889764261,-0.464955583109941,0.445802549553273,-0.752808961416193,0.883159464011684,-0.538813579339438,0.428763581837521,-0.577942535721515,-0.0224774192879198
"ENSG00000130595","TNNT3",1.21018363294622,-0.242656444433274,0.237711148798902,0.890183515328389,-0.618970086870832,2.78466373370193,-0.754615118905214,-0.447735971148774,-0.772108914349219,-0.271143315412362,-1.04626476613056,0.620032625546249,-0.659049110454477,0.0416966014191748,-1.06175252769136,0.0898249976552135
"ENSG00000113924","HGD",-0.674541233690085,0.343741074497964,0.380776482147886,-1.05026424939873,0.953244532256035,-1.21822825087496,-1.33300766537676,-1.17819351062598,2.14879299040253,-0.723254917172361,1.18067517650096,-0.071583068724627,0.388332459459817,-0.391670366570685,0.654322034472679,0.590858512696325
"ENSG00000197444","OGDHL",-1.10490839703079,-0.079965454735618,-0.0832644768393632,-0.879296576782054,-0.604804488819853,0.976520279737475,1.42868025047666,1.51682014169679,2.07522070039277,-0.867897967720716,-1.08618197325528,-0.924555346996042,0.135777157579726,-0.0162415771620007,-0.019003428900152,-0.466898841641564
"ENSG00000183242","WT1-AS",1.88589539750098,2.05552118193737,-1.21832159025312,-0.472435319268183,-0.506106882244745,0.0850708556804704,-0.0905031065719448,-1.30970426469541,-0.331911093831997,-0.543038656465353,-0.194659359198369,-0.853693134971646,0.456764793829713,0.551339053693806,-0.684872413691805,1.17065453855023
"ENSG00000244474","UGT1A4",-0.320414722777163,0.59093265099721,0.142955880004368,-0.325538216572663,-0.902711493934567,-0.902711493934567,-0.698642920903935,-0.797171012376983,3.11405103525273,-0.0170083298978511,-0.173020291088354,-0.0365599055436852,0.456710658470192,-0.417010634115303,1.01372026844165,-0.727581472021071
"ENSG00000150625","GPM6A",-1.1485212881968,-0.825059262311587,-0.874400867197875,0.0262881628845268,-0.325970869332724,-0.549221708234553,-0.610133851400732,-0.167717652545069,0.839878874473949,0.520944481049014,-1.00134988147442,0.935107018268142,2.24176162267707,1.77687292218286,-0.280651835600956,-0.557825865240838
"ENSG00000137077","CCL21",-1.84337146237167,-1.08587043845397,0.252636473541014,-1.6073061851181,-0.604170922002973,-0.361808821207405,-0.268794933524821,-0.68492471083811,0.872067052624284,1.7062706207705,0.539902456765249,1.28867914852596,0.74321450615018,0.65251459252444,0.367410017646468,0.0335526049689586
"ENSG00000161944","ASGR2",-0.5460195227456,0.523243165676514,-0.839509227102105,-1.19436743380622,-0.605363016560326,-0.321636484328903,-0.366502890446353,-0.330627132293063,3.10349659516265,0.202031319449934,-0.568915447674776,-0.506623482876749,0.947870939700428,-0.0454132924028196,0.64802564925601,-0.0996897390086138
"ENSG00000043355","ZIC2",0.842180038574521,0.883925994600686,0.485977087429221,-1.43473250603866,1.09783914851122,-1.29451819992977,-1.34674978706239,-0.70611292519469,-0.831340854317983,-0.972122680789079,0.367087683508298,-0.323554466565584,0.581373956554265,-0.000339059521316672,1.70875414790666,0.942332422334595
"ENSG00000140107","SLC25A47",-0.236156684918735,0.359582818662527,-0.409001233742169,-0.701757076704487,-0.418745018074429,-0.56144937759621,-0.376970947712717,-0.202074731859159,3.25308486390379,0.366648320654958,-0.374079429609529,-0.701757076704487,0.421430324201775,-0.701757076704487,0.984759402907839,-0.701757076704487
"ENSG00000125144","MT1G",-0.669527005877524,0.0217390691259619,-0.999895659406358,-0.224870123879993,0.864245681956803,-0.690085844839779,-1.24372248748151,-1.17475511979659,2.87079610890158,-0.00327523592225001,0.0686025933034287,-0.323447961943532,0.79026596689534,0.422357869947669,0.423859136712338,-0.132286987695596
"ENSG00000288705","UGT1A5",-0.317822557064722,0.571662525537939,0.1477165484773,-0.322970028018834,-0.902844387058618,-0.902844387058618,-0.697820804665523,-0.796809992369239,3.1199448915528,-0.0129962691887054,-0.169738342230241,-0.0326393431848997,0.442135293670376,-0.414870522329313,1.01679215765682,-0.726894783726524
"ENSG00000241635","UGT1A1",-0.219002739460513,0.680473780818415,0.120773331555959,-0.36602864352884,-0.946075895884483,-0.946075895884483,-0.740991184375337,-0.840009886349911,3.08911523252679,0.0150308221662178,-0.212751270715399,0.0203241295064689,0.410989568637874,-0.420326512939398,0.983084574417545,-0.628529410490909
"ENSG00000143546","S100A8",-0.907950451786809,-1.20832559065904,-1.02615381179581,0.740934312834339,0.10324031959666,-0.558655716210381,-0.912239371062227,-0.43876157247673,1.84380991263106,1.59755198792882,-0.641699975146432,0.329427219050025,0.160395291504243,1.2897268092017,-1.06200314439628,0.69070378078686
"ENSG00000172236","TPSAB1",-0.552755545770738,-1.7300432116292,-0.0810100691337586,-0.401427293458119,-2.12855087085202,0.185895862635401,-0.118699783523639,0.631974503699481,1.56330410246543,1.04324447075948,-0.697697647093275,1.14572593448918,-0.113103137048796,0.840242160885723,-0.251341448380079,0.664241971954928
"ENSG00000160183","TMPRSS3",-0.473712303800173,-0.76529198320459,0.186840245602036,0.0206638047195929,-0.581493985738211,-1.2537155849407,-1.52783455974992,-0.889467937465308,-0.223930843297317,-0.319099959310818,-0.236772484273468,0.213460186710023,1.61905006731449,1.44949084705664,1.76106251903349,1.02075197134424
"ENSG00000244122","UGT1A7",-0.332077930213242,0.564097324185397,0.159031321083522,-0.337242955671682,-0.919094869715927,-0.919094869715927,-0.713372092048764,-0.812698864197247,3.11731240679998,0.0546389462386809,-0.183488701360531,-0.0459221513579142,0.430471617201441,-0.38376016822994,1.00708824288369,-0.685887255881534
"ENSG00000241119","UGT1A9",-0.327506927363969,0.572405992554576,0.139688913296077,-0.332672716856303,-0.914610701063611,-0.914610701063611,-0.665823989871251,-0.808198956967257,3.1232013409021,-0.021595840359353,-0.178895718521422,-0.0413088190534085,0.435155419823828,-0.340508245091107,1.01331588753697,-0.738034937902251
"ENSG00000288702","UGT1A3",-0.333038896218814,0.617520149876473,0.134180957349159,-0.338204951222132,-0.920172845848195,-0.920172845848195,-0.671373347529175,-0.813755632406458,3.12291000078263,-0.0271120860117914,-0.184420049064955,-0.0468260779125178,0.429662650249303,-0.430437236294241,1.00821617758933,-0.626975967490414
"ENSG00000204740","MALRD1",-0.691832596862978,-1.04509949755738,0.64197768233539,-0.121647876169572,-0.860161915032301,1.58590862077242,1.43582233753896,2.17562083712041,-0.603136825575281,-0.114161009604272,-1.1813584283868,0.0942342014963534,0.254586246913504,-0.103788524795046,-0.832054614685222,-0.634908637508183
"ENSG00000182379","NXPH4",1.25231064406361,0.580127560975142,1.65133329901796,-0.541636024084793,2.12609362385254,-1.23187119630476,-0.534284510193461,-0.702207770111079,0.573681950388733,-1.15158686809709,-0.125047660747865,-1.10714758325341,0.0630647251040671,-0.14405529506817,-0.561723391855345,-0.147051503686086
"ENSG00000197893","NRAP",-0.397004233567141,0.125425104427627,-0.540479961843905,-0.926021128763667,0.113047797346036,2.22968267309982,-0.826714502433906,-0.633828857383581,2.1428042101792,-0.526800703777077,-0.0872629890331453,-0.936694709103184,0.95149394940245,-0.578546742440298,0.496545687361626,-0.605645593470861
"ENSG00000182566","CLEC4G",0.384457343152503,-0.996277176335551,-1.01711791014342,0.737298670599358,-1.02143592186303,0.522447530815811,-0.14088157411684,-0.817163811755645,2.34554720539646,0.20315583149116,-1.01587786923326,-0.196281505462278,-0.165365462483951,-0.100456562390206,-0.546390143606037,1.82434135593492
"ENSG00000166961","MS4A15",0.197262085082474,0.570654254477032,-0.406167282069617,-1.37167434668895,0.0628119877144419,0.735056930883262,0.671953190330887,0.779312572302105,-1.37167434668895,0.235351818200853,-1.11889468299158,2.08881983155362,-0.389763905870182,1.15944386493198,-1.26786313915112,-0.574628832016249
"ENSG00000249203","ENSG00000249203",-0.440245078914491,-0.852017127451976,-0.0401308080114745,-0.852017127451976,-0.852017127451976,1.72996461784635,-0.565691906284927,1.75904334334297,-0.852017127451976,-0.610517794704806,0.25427180857723,-0.696056495260945,1.72025030907829,0.911065725037075,-0.852017127451976,0.238131916554604
"ENSG00000166947","EPB42",-0.723105346662589,-0.723105346662589,-0.562982686879836,1.38206452173827,-0.152450034096923,-0.664548962205347,-0.723105346662589,-0.541552261171626,2.41297620403893,1.892442048833,-0.723105346662589,-0.232249311505039,0.330548902449896,-0.161995029590794,-0.437534081037887,-0.372297923922287
"ENSG00000147724","FAM135B",-0.709410466672821,-0.421141595446792,-0.664394804194178,-0.65877084836364,-0.87787621066216,1.31242724659041,1.83380627996259,2.16674151706186,-0.693275449238449,-0.300555902429996,-0.784111321368974,-0.505983423771091,0.811219900830289,0.482753326577865,-0.310210903110548,-0.681217345764365
"ENSG00000099399","MAGEB2",-0.558574262513042,-0.558574262513042,-0.558574262513042,-0.558574262513042,-0.558574262513042,0.491242939591993,1.32069584182698,-0.266590049935753,-0.558574262513042,-0.558574262513042,-0.558574262513042,-0.306664670365313,-0.558574262513042,-0.558574262513042,2.54824133546182,1.79881722855069
"ENSG00000187908","DMBT1",-0.911714051245743,-0.244558527435116,0.857021492931889,-1.10916279999856,-0.152466126124491,0.127076098231894,-1.12191683279176,-0.709795078096146,1.23969033131919,2.00782763486943,-0.775519570402447,0.483191873009399,1.22693486384677,0.891823524202595,-0.863608287982596,-0.944824544334299
"ENSG00000163554","SPTA1",-0.264539051431997,-0.809156777201489,-0.662800340827537,0.815636975336144,0.0891359161102851,-0.411238992236539,-0.580364221950373,-0.683069258936305,2.52573196041194,2.06377964998017,-0.922673458169416,0.108423349069654,-0.284109146967823,-0.360750878656816,-0.688238414427079,0.0642326898971805
"ENSG00000167165","UGT1A6",-0.283343280139831,0.564831384979587,0.113696754547723,-0.373064210798275,-0.957549932228947,-0.957549932228947,-0.455817442707849,-0.850672315189436,3.10391481425921,0.0373980626903595,-0.218613973401179,0.0162448986875641,0.458115892059344,-0.41979198789207,1.00240238387704,-0.780201116514293
"ENSG00000242515","UGT1A10",-0.210644765351566,0.618427111149967,0.11573007353947,-0.358839348345802,-0.943497278011369,-0.943497278011369,-0.656616626090282,-0.836588171398879,3.11902902550634,-0.0234339873434362,-0.204343604956368,-0.00645286742997323,0.412577573926202,-0.451497959476287,0.993074782661489,-0.623426680368139
"ENSG00000129596","CDO1",-0.180508219746258,-0.486712402807006,-0.169908549279761,1.43686044630534,-1.43133170863388,0.574094774828347,-1.29033056641206,-0.472626585675461,2.27827104502681,0.386236252102691,-1.32278786816666,0.848710705692282,-0.0704506573573147,0.516193360858379,-0.0845575335866334,-0.531152493148815
"ENSG00000253802","SIRLNT",-0.167633478266969,0.658907446408463,-0.497148085821912,-0.497148085821912,-0.497148085821912,-0.216428820247743,-0.497148085821912,-0.390092968834181,-0.497148085821912,-0.497148085821912,2.79623642882698,2.05583994116212,-0.497148085821912,-0.497148085821912,-0.497148085821912,-0.262495776651459
"ENSG00000163751","CPA3",-0.629659985753161,-1.55151491680157,0.110954473615631,-0.396856662329358,-1.80411898107924,0.0601869115324922,-0.256541061598036,0.592171059967478,1.7096943315379,1.44146262387986,-0.778783549472845,1.21643931911667,-0.172328762082675,0.679607105220194,-0.722139610364612,0.501427704611264
"ENSG00000242366","UGT1A8",-0.338219890898153,0.560583697841803,0.132196338608051,-0.34342128826499,-0.929370580858198,-0.929370580858198,-0.449013707285886,-0.822225338806674,3.13546091871254,-0.0302001535872456,-0.188584302474884,-0.0500490141774695,0.429699500771886,-0.436284559059305,1.01037663830607,-0.751577677969345
"ENSG00000118004","COLEC11",-0.669729619679258,0.307255836641128,-1.47156869120051,-0.0315881268680636,0.782836912774705,-1.73657982605243,1.17538398267972,-0.376313490690895,1.50599041975667,-0.897199774715377,0.0561137051314895,-0.703473351881689,1.59460532400455,-0.427021537030829,0.917635862300152,-0.0263476251693593
"ENSG00000226278","PSPHP1",-0.574869659306772,-0.574869659306772,-0.574869659306772,-0.354787061772367,-0.574869659306772,-0.574869659306772,-0.482094726471011,-0.574869659306772,2.23888638337857,1.58164701228517,-0.574869659306772,-0.574869659306772,-0.574869659306772,-0.574869659306772,1.38378108678868,1.38126389885867
"ENSG00000186487","MYT1L",1.9561544161818,1.78098981086052,-0.535136875513172,-0.137016254893281,-0.628133801784021,-0.126461813245558,2.21753724052615,-0.441344058804421,-0.628133801784021,-0.504729396611986,-0.628133801784021,-0.319319871111655,-0.464299307878855,-0.463702805985769,-0.628133801784021,-0.45013587638769
"ENSG00000235142","LINC02532",-1.03975147408588,0.231998340234797,-0.397534215424668,-1.03975147408588,-0.482165525949344,-0.355061989305807,0.224271308966493,-0.418169468446014,2.59506741710331,-0.480934359468511,0.327789639458192,-0.548921887766858,1.60157949937548,-0.875253584575662,1.07707883052226,-0.420241056551907
"ENSG00000172995","ARPP21",0.106636912249527,-0.494364572668339,-0.761151407393351,-0.387511663514193,-0.670061244278042,1.81101178515019,-0.671936870080443,-0.360318171022421,0.714658734576378,-0.499363609950935,-0.761151407393351,-0.661773003333163,2.19894551584509,1.54626003393869,-0.761151407393351,-0.348729624732294
"ENSG00000210144","MT-TY",0.661611551530791,-0.64328447777781,0.799985844033438,0.00360272161612792,-1.55355835894899,-0.339853407040368,-1.72018302350094,-1.03128497295838,-0.120869022876166,1.67996073250664,-1.01571641515527,0.164953247289503,0.373504262513186,1.36256935892941,0.449741172457571,0.928820787381263
"ENSG00000169562","GJB1",-1.24850072247902,-0.12738941577394,-0.933609281724144,-0.838797539119941,0.370061871690552,-0.821141419780589,-0.359826532550131,-0.320845278446544,2.29646647233837,-0.701615863332295,1.44799643466843,-0.379353173975605,1.13755345601173,-0.7624234570567,0.897898195734547,0.343526253795281
"ENSG00000166159","LRTM2",0.332491210225309,0.493335277357053,-0.206414637234125,-0.67533255324633,-0.67533255324633,1.57604390237761,2.01901834052565,2.00021044275324,-0.67533255324633,-0.67533255324633,-0.22714394377056,-0.584880166263533,-0.67533255324633,-0.67533255324633,-0.67533255324633,-0.67533255324633
"ENSG00000134258","VTCN1",-0.147110920451164,-0.191262382210414,0.955842237884909,-0.112218937511047,0.901902330788981,-0.548455646576034,-1.3665736383445,-1.45967860302641,-0.979436787730828,-1.19035630912591,1.80519086404334,0.588108683258497,0.0703650291735834,-0.531621954070997,1.42127671909546,0.784029314802536
"ENSG00000161649","CD300LG",0.540282005481039,-1.17035839315048,-0.715105897588787,2.09190580646316,-1.13445367641358,1.38123599328906,-0.309582681313746,-0.039375677538041,-0.380129775886717,0.211195031671381,-1.47642211107863,1.04144637464818,-0.438666324145302,0.439401028894923,-0.832729058121136,0.791357354788676
"ENSG00000100362","PVALB",-0.8090147956828,-0.743194650803615,1.13793856367625,-1.04506994789358,-0.953678018478188,0.322643841172782,-0.889392962347593,0.7801653808851,-0.0228781299835373,-0.078911152678648,0.497332096343448,-0.783201079577389,2.10756376517501,1.60762186473972,-1.04506994789358,-0.0828548266533829
"ENSG00000103723","AP3B2",-0.383088869181509,-1.42356961029864,-0.80337448353075,-0.147087246229691,0.517698192356011,1.42788682102763,1.93972390052983,1.70356882632311,-0.822098901366687,-0.58073759141745,-1.36038238486961,-0.271653176391969,-0.225083284433742,-0.0439314670389761,0.028079546289771,0.444049728232669
"ENSG00000237265","ENSG00000237265",-0.41689489800435,-0.499295365488379,-0.499295365488379,-0.499295365488379,-0.407720531433235,1.12792236894383,2.43791148119788,2.24278511445465,-0.499295365488379,-0.499295365488379,-0.499295365488379,-0.499295365488379,-0.40387721342825,-0.0864680323351261,-0.499295365488379,-0.499295365488379
"ENSG00000237515","SHISA9",1.32459586433879,1.39665233422329,1.24253201546426,-0.610157471639109,1.66291320309686,-0.648650754074317,-0.899737067783151,-0.995981156760274,-1.16432240741381,-1.22683039409613,-0.316697408982816,-0.221109395868971,-0.424367291047586,-0.473342645472816,0.84998107154569,0.504521504470091
"ENSG00000260220","CCDC187",0.965627642309342,-1.19768217824202,1.53628984798296,-1.29504663101502,-0.884933011036428,0.732076983282246,-0.325405205104597,-0.19323314054311,-1.29504663101502,0.787997815648816,-0.0864803967298663,1.20991515342215,0.749438663926455,1.03939994569518,-0.552740005771844,-1.19017885280924
"ENSG00000138653","NDST4",-0.644471202873234,-0.726934634984655,-0.726934634984655,-0.726934634984655,-0.726934634984655,1.17574298023392,1.57462633865024,2.09657893781746,-0.0938721850684671,1.32772380740629,-0.726934634984655,-0.32395923917326,0.600973227635376,-0.624800219735745,-0.726934634984655,-0.726934634984655
"ENSG00000138109","CYP2C9",-0.988315625071046,0.569072017560633,-0.31055406670953,-0.694820275174495,-1.07079140881186,0.559418500441046,0.666928163184663,0.628859877990486,2.39392476466741,-0.395284850185928,-0.426321817723848,-0.85990889527542,1.02148265663837,-1.07079140881186,0.942953168708969,-0.965850801427577
"ENSG00000290010","ENSG00000290010",-0.464616923894099,-0.642037000924235,-0.83028022864551,0.480899118646484,-0.0442153665112581,-0.819198618670593,-1.21352379883859,-0.0604212027605841,2.21128769594434,2.03043508186382,-1.1786677931208,0.637075575841197,0.209581749379512,0.264976879067827,-0.615675299298524,0.0343801319210084
"ENSG00000196549","MME",0.961389202450037,-0.904614639469138,-0.0904378912059258,1.36527082148319,-0.706818081022855,0.719782346127022,-1.85362817357163,-0.66445185918413,-0.00553445590595946,1.21248185619495,-1.32346478537665,1.17955469838167,-0.364862100135594,0.758653775867044,-0.892753293972264,0.609432579340225
"ENSG00000172260","NEGR1",0.0835792003430454,-0.558816691143742,-0.169745226226505,0.817270312084537,-1.47381338778061,0.818056931434341,-1.046461750118,0.617003221432451,-1.35997947779941,0.801355257330999,-1.14681647711475,1.25915329035177,1.51046091541405,0.991713152979618,-0.993582366859722,-0.149376904328074
"ENSG00000118526","TCF21",-1.59498913769058,-0.356494864852673,0.0881588496241762,-1.22753565697921,-0.582104025042507,-1.04713245630374,-0.225756247542087,0.566224245369743,-0.348949189736523,1.48242962116483,-0.660226665879914,1.99700298905193,0.452475615021981,1.43383551733597,0.0517198756055287,-0.0286584691469341
"ENSG00000210127","MT-TA",0.855943269545909,-0.448025281991215,0.759934851538816,0.217187870172255,-1.4590032898496,-0.256547417352515,-1.6364825145542,-1.22879651657678,-0.286098566472984,1.69709255422841,-1.16903555017725,0.110717410193439,0.322812149178437,1.34759943082813,0.351068611098392,0.821632990190752
"ENSG00000017427","IGF1",0.0931629337265974,-1.45113709523679,-0.0712788500375828,0.968989131370218,-1.83166695750433,0.928573490424937,-0.979577979583459,-0.621918325631677,1.11934130017967,0.555475003616748,-0.863264130781988,0.79860880748358,0.133258286231026,0.969401500642243,-0.979460254299792,1.23149313940059
"ENSG00000265766","CXADRP3",-0.997550554440249,-0.997550554440249,-0.997550554440249,-0.997550554440249,-0.905675605897127,-0.0660907221267589,0.573707889286804,1.21741733753865,0.0299525088476927,0.431044026339337,0.613195258926362,0.969292093174486,1.65173921689452,1.47072132365752,-0.997550554440249,-0.997550554440249
"ENSG00000204175","GPRIN2",-1.38397615057423,-0.873852602254624,-0.575748646230124,-0.39264512813762,0.781260972498256,-1.46975603627455,-1.37258898517417,-0.183718721693938,-0.501896763793894,1.11450644545902,1.30676969408734,1.54234970357245,0.656277266428067,1.03389438249238,0.24888761614567,0.0702369534499493
"ENSG00000261347","ENSG00000261347",-0.382037468014667,-0.527270967112059,-0.527270967112059,-0.527270967112059,-0.527270967112059,1.5274010367118,2.27228061641367,2.13003597653374,-0.527270967112059,-0.527270967112059,-0.527270967112059,-0.527270967112059,-0.527270967112059,-0.527270967112059,-0.0998696095169239,-0.175100881007028
"ENSG00000106511","MEOX2",-0.00597018899004231,-1.2564968813108,-0.352023743832106,1.80506168725708,-1.15196712237263,0.777912639059905,-0.869441536047815,0.308806557566201,-0.760334938404452,1.01949014416663,-1.41379502564376,1.44066194411596,0.019521307813737,0.485655676704699,-0.837911718163054,0.790831198080439
"ENSG00000189058","APOD",0.0520111365104705,-0.490843326871885,1.13468035010757,1.25136824768282,-1.80024263591835,1.0106326005595,-1.0252927092396,-0.238306084921498,-1.47677996539624,0.404094389506362,-1.46676903898773,0.591202432599199,-0.042100402105622,0.3286860995586,0.971749523184649,0.795909383731759
"ENSG00000101210","EEF1A2",0.735449404431076,0.390518214707607,0.0909941308741718,-2.07876775002984,0.490666786218238,1.32073271988095,0.61891772040847,1.06831155221999,-0.35868995434978,-0.308309483091647,1.02592880591252,-0.299969168391309,0.11749020196356,-0.20020462967529,-0.402807886564126,-2.21026066451459
"ENSG00000167767","KRT80",0.700215728158376,1.09355134666219,0.539692496122113,-1.0588243926638,0.981694868770729,-0.192447624971825,-1.48959096625772,-1.79542345305891,-1.31199305545249,-0.561826585006102,1.56261239764868,0.639796428457309,0.543330358912979,0.12037005423416,0.456711763100942,-0.227869364656621
"ENSG00000253477","ENSG00000253477",-0.778165490131561,-0.778165490131561,-0.676755004064745,-0.554613981772985,1.31905104453771,1.2141388408407,1.58856317248092,1.70817004644257,-0.778165490131561,-0.778165490131561,-0.778165490131561,-0.778165490131561,0.868563740815956,0.541836871829323,-0.667613961283809,-0.672347829036269
"ENSG00000144406","UNC80",-0.438434675208679,-0.777140644819901,-0.777140644819901,-0.777140644819901,0.0656894194757361,1.72539806740476,1.9362429943606,2.03871816645968,-0.777140644819901,-0.411265783359,-0.777140644819901,-0.136224699494861,0.144978155176293,-0.295844262136426,0.033586486241308,-0.777140644819901
"ENSG00000147647","DPYS",-0.676167502040581,-0.644130967483626,-0.951792657327105,0.273125718507799,-1.1476224470376,-0.272996704003988,-0.984457293948315,-0.71297766267953,2.59146799938539,0.243482670126134,-0.88222575269786,0.515470267668963,1.00788398133002,-0.0152722386148395,0.638735515249458,1.01747707356567
"ENSG00000136155","SCEL",-0.617166800696117,-0.206283709694113,-0.10651435210916,0.147332208285458,-0.721297244282486,-0.63136022621456,-0.813778367497991,0.71717740927483,-0.813778367497991,1.70610715467318,-0.476253621833775,2.27337123198486,-0.272624708079855,1.4426261286837,-0.813778367497991,-0.813778367497991
"ENSG00000261143","ADAMTS7P3",0.0514326243844909,-0.15164909401837,0.323898683449607,-0.855071759112214,-0.17681725608147,-1.02371956573373,-1.14021061961321,-0.12229509257945,0.757596980588602,1.51248246201649,-0.452675176533788,2.10387340868253,-0.347418868919738,1.454905440809,-0.699797394491786,-1.23453477284696
"ENSG00000206172","HBA1",-0.476636740969564,-0.614474633247077,-0.790899869267127,0.507301220416222,-0.0481552895635211,-0.839444421803175,-1.2348121698183,-0.0439260379301375,2.21127318180698,2.0325629633408,-1.17459792551574,0.631058147215149,0.205627704349438,0.234835882785713,-0.618031193931561,0.0183191821319038
"ENSG00000179914","ITLN1",-0.801932250222433,-0.801932250222433,-0.700379017901467,-0.578066068878198,-0.592088558952704,-0.801932250222433,-0.539166444474868,-0.353787091049972,0.779087223547322,-0.195404932109442,-0.801932250222433,-0.0759023984822605,2.63344270590699,0.520983578517486,1.55033561912802,0.758674385638818
"ENSG00000064886","CHI3L2",-0.697302898793462,-1.19305152298724,-0.262148699331738,0.371881145596224,-1.21070912920176,-0.124534927189281,-0.801177490520853,-0.303078358436369,-0.95640270388035,2.07719857621697,1.04224829784279,1.46868921163749,-0.878016876149532,1.12954522056324,0.382904788849408,-0.0460446342155362
"ENSG00000081138","CDH7",-0.801028531366766,-0.801028531366766,0.834083886082615,-0.801028531366766,-0.801028531366766,0.926496825880975,1.78903843892885,1.97172488949411,-0.801028531366766,0.148477730596807,-0.801028531366766,-0.535555228497773,0.865040282591567,0.40892142585697,-0.801028531366766,-0.801028531366766
"ENSG00000100557","CCDC198",-0.537814996732507,0.417921368381375,-0.766496427476163,-0.386392260894935,-0.55640004517811,-0.766496427476163,-0.128912350107651,-0.766496427476163,2.37398803023115,-0.320740933188933,0.25757206451918,-0.606922922237211,1.92482870413091,-0.589573011323453,1.21843206230484,-0.766496427476163
"ENSG00000187048","CYP4A11",-0.146240372144763,0.480686819541788,-1.04465954626669,-0.664401176116826,-0.300237913196149,-0.930713820613391,-0.789311456091428,-0.617637099752569,2.63000809329385,-0.361450118661019,0.38199235993153,-0.182341500171971,1.17538426151624,-0.776339780016835,1.40544321959949,-0.260181970851253
"ENSG00000218052","ADAMTS7P4",1.91954792325554,1.70949349886552,2.17817920432722,-0.737170237094095,0.105925809430214,-0.737170237094095,-0.64633286625062,-0.252396351230791,-0.737170237094095,-0.737170237094095,-0.641168796343144,-0.226907242675218,-0.266769982350034,-0.633807347011794,-0.112754061702674,-0.18432883993784
"ENSG00000112299","VNN1",-0.52985832617842,-0.0117795791736022,-1.04319018423324,-0.180591868182503,-1.23528081622515,-0.537655998992117,-0.517946899489774,-1.15500812816111,2.72335341625529,0.28049094929287,-0.318637893334278,-0.402145151287893,0.937756182663954,0.661487898274498,0.331122753460226,0.997883645311247
"ENSG00000166828","SCNN1G",1.07401132383459,1.34758398579347,-0.441905050642563,0.818620047598226,0.042046292293164,-0.0597383725972992,0.155395879148477,0.428043103346476,-1.7063422925163,0.91029611579827,0.877113947178282,0.675758626928605,-1.20048446363366,0.0917338943234311,-1.49830528640559,-1.51382775044758
"ENSG00000082482","KCNK2",1.04652523910801,0.666636296533679,-0.47110726371007,1.6329202333829,-0.815743094958585,0.972305673138396,-1.14075398567064,0.0156253820254253,-1.14075398567064,-0.936598898720565,1.95406544808544,-0.332458825695144,-0.8343023440757,0.0355097387733611,-0.892682265162341,0.240812652616471
"ENSG00000154198","CYP4Z2P",-1.05607511870028,-0.941271401689715,1.32565422512037,-0.0846787918908069,1.01505031210445,-1.17330813388592,-0.343746639536413,-0.34077581518682,-1.71719237427041,-0.482863318070175,1.89117459737619,0.764991607742817,-0.45749397102415,0.213880519699136,0.565256840195921,0.821397462015822
"ENSG00000196090","PTPRT",-1.32293857890429,-0.664880436077993,0.0814563685546891,-0.465875666781455,-1.4795650713525,1.86251323409451,-0.957878924572844,1.02874504420101,-0.00129839411803059,-0.00974108162800009,2.03090329223064,0.504540426417694,-0.435108003753482,-0.0338651797226848,0.362250714116867,-0.499257742704133
"ENSG00000198183","BPIFA1",-0.541872165846903,-0.541872165846903,1.855766242779,-0.541872165846903,-0.541872165846903,-0.427645447468575,-0.541872165846903,-0.181681002846072,-0.541872165846903,0.0930814847520269,-0.541872165846903,2.23374776004258,-0.541872165846903,1.84545262121008,-0.541872165846903,-0.541872165846903
"ENSG00000223808","ENSG00000223808",-0.761953253222834,-0.855384860381928,1.64016352978744,-1.07050387337023,-0.909237370604067,0.852797586111909,0.904559580881123,1.603243931907,-0.879891853466784,-0.267746587706554,1.67893807411781,-0.0125424750192157,-0.1413683895471,-0.580904677815523,-0.888621315944097,-0.311548045726947
"ENSG00000248431","ENSG00000248431",0.00798344688487562,0.637691725790532,-0.724914052696784,-0.724914052696784,-0.724914052696784,1.70179240540116,-0.348626595418002,1.52346846142055,-0.724914052696784,-0.724914052696784,-0.724914052696784,-0.724914052696784,1.59953614471736,1.40238088547459,-0.724914052696784,-0.724914052696784
"ENSG00000134762","DSC3",-0.374072393590471,-0.693262645387489,0.327180443226365,1.1482477081552,-0.232563795979774,-0.853806277136131,-0.630181371069525,-0.976221939782735,-1.22740493649108,-0.58348955671713,-1.0290667362616,0.256765160820115,1.39820025418526,1.62274278506778,0.0417073437217109,1.8052259572395
"ENSG00000287262","ENSG00000287262",0.938367612304671,1.39961020570195,0.764157702960365,-1.40677283851079,-1.0834707647352,0.382108954084471,1.70933173780827,0.954171409669282,-1.59947438095519,-0.83723554099619,-0.384698275952043,-0.442639964812979,-0.665137815746228,-0.139996578455167,0.590212101411105,-0.178533563776322
"ENSG00000162366","PDZK1IP1",-1.90353980980396,-0.682850785144896,-0.737185959369599,-0.877116846266259,1.28397892275187,-1.35286558507777,0.0046615234039437,-1.08574904664221,0.751394130372734,1.17233578558891,1.06086257399472,0.34982775594835,0.99640882911854,0.126737684881292,0.862046067780456,0.0310547584638775
"ENSG00000196208","GREB1",0.868935728386324,1.00481166510407,-1.14385913483621,-0.776496696948307,-1.63733480224952,-0.497165405352214,0.86897565536059,0.687130718982265,-1.40533142017115,-1.40464850372944,0.923975542547801,0.426906410786633,0.992872147938905,0.401412713024556,0.97728960155127,-0.287474220395579
"ENSG00000009709","PAX7",-0.362434423559755,-0.555315928336251,-0.232367617664294,-0.672033686697374,2.3082110067228,1.09596304868196,-0.672033686697374,-0.485090725786222,-0.672033686697374,-0.672033686697374,2.03508510848695,0.825505410798715,-0.672033686697374,-0.672033686697374,-0.422698521983283,-0.174655237176371
"ENSG00000141433","ADCYAP1",-0.267185889978105,-1.42145631083191,0.00159291331323053,-0.156936167381082,-1.12212185741183,0.553949608372295,-0.734067378362146,0.263195283992433,2.14796817720015,1.74290633342464,-1.11474798647226,0.879844069863166,-0.0389957739980976,-0.482308092446284,-0.74840061870165,0.496763689417452
"ENSG00000100867","DHRS2",0.324384177728288,0.743065540099652,-0.721709152838621,-1.6446228572615,-0.455973793194156,0.781720988199497,-0.601871234227607,2.33762614523491,-0.413391248218522,0.440406676637021,-1.02648649060484,-1.33218749094481,0.724159449856549,0.566935795750397,0.582557980868846,-0.304614487085095
"ENSG00000169877","AHSP",-0.666596785236795,-0.549756258348154,-0.666596785236795,0.573054526939195,0.0495585034976364,-0.666596785236795,-0.57140969613678,-0.443670066409119,2.72129644635305,2.03539302980027,-0.548675987518978,0.10538418124875,-0.666596785236795,-0.0732062161256093,-0.294269483337365,-0.337311839015717
"ENSG00000133083","DCLK1",0.0551906338642842,-0.415277769225322,-0.146094270895475,0.664472439901574,-1.10731782940978,1.45865640475416,1.76129479106045,1.71445421313136,-1.75434386706903,-0.388377477575752,-0.801293692294354,0.309635338583753,-0.555249496404939,-0.478034022997326,-0.613000944208475,0.295285548784869
"ENSG00000170965","PLAC1",0.493698954193836,0.83905416285842,-0.369832560823401,-0.73912997464711,-0.615309425536199,1.4652124244736,1.81594954578671,1.81985065656134,-0.965399666976652,-0.696547091183851,0.208248117594959,-0.732946888766432,-0.867925138423334,-0.740623610207334,0.0511001620721112,-0.965399666976652
"ENSG00000175920","DOK7",1.2947203499337,1.48774963043917,0.00162844522506246,-1.26272943867092,-1.56450836508269,0.381858580771538,-1.13949279444826,0.235985924414527,-0.901739079377767,-0.625869559618657,0.408564061256093,-0.00942930243124057,1.49774604266849,1.00016634198266,0.158481766982544,-0.963132604044244
"ENSG00000290456","CYP4Z2P.1",-1.05723241904815,-0.916793111906032,1.3275476570221,-0.0783442986594658,1.01121961714035,-1.1802738176326,-0.320199020022566,-0.344250172441545,-1.72344847299099,-0.469202105867204,1.90566137843708,0.7597513801073,-0.490050376024114,0.222731241490963,0.548994092848347,0.80388842754653
"ENSG00000089558","KCNH4",1.89868642907487,1.92122597635565,1.74454265664325,0.0194330052417681,-0.917865142940444,0.0437996429042907,-0.431040621990514,0.250419976180134,-0.546489517441274,-0.435220214013474,-1.12684422017875,-0.0665703568139989,-0.59192294760463,-0.596857349625828,-1.0405381273906,-0.124759188400447
"ENSG00000233875","ENSG00000233875",-0.113956120875138,-0.627584636045129,-0.627584636045129,-0.627584636045129,-0.270183332877292,1.91574335383655,1.93221225309138,2.12975449974682,-0.250753448628482,-0.504830163817718,-0.530674806558915,-0.534756885673695,-0.530030576235689,-0.529628347856416,-0.385591056551032,-0.444551459464982
"ENSG00000180777","ANKRD30B",0.675125652629237,0.372849930528511,-0.508070698482155,-2.30903076533594,0.719054276669698,-0.309794095510842,0.196622718411422,1.15364725789171,-1.06860087875743,-0.0340293911662074,0.0648589869791132,-0.0829731323655014,1.36945189604408,1.44743090019513,-0.465097686160241,-1.22144497157059
"ENSG00000186847","KRT14",-0.469913576983512,-0.356169827981786,-0.044878015139423,3.55256757484404,0.167647435058903,-0.493656990819493,-0.554266074969633,0.438909266607323,-0.554266074969633,-0.554266074969633,-0.435855136015171,-0.0385174506411569,-0.554266074969633,0.0610497391638777,-0.334683856945101,0.170565138730028
"ENSG00000108242","CYP2C18",-0.669611976059397,0.843570798807713,-0.354529165927715,-0.855563272428889,-0.59820746915152,-0.529902598711771,0.182506370114758,-0.667443389487536,2.718023044335,-0.0900632641438973,0.0350310985321996,-0.59157529697111,1.27569320685285,-0.855563272428889,1.01319845909709,-0.855563272428889
"ENSG00000101076","HNF4A",-0.935544685518004,0.609585202611953,-0.355507809330176,-0.550578577169463,-0.718118052391461,-0.740941312295598,-0.384636716017062,-0.525406531201669,2.58015778744871,-0.164111295247725,-0.0950277018904343,-0.0873438802953699,1.55930522389093,-0.508744794521886,1.25245782744526,-0.935544685518004
"ENSG00000156096","UGT2B4",-0.859098845336208,-0.0874633794884029,-1.20326238671389,-0.976100567766675,-0.826532264630383,0.243718403008032,-0.465035760078369,0.794457558029308,2.63130394568936,-0.36959162169849,-0.417881667849275,0.528441082726003,0.151656733277829,1.46375491996285,0.142384346759539,-0.750750495891231
"ENSG00000270930","GRAMD4P8",0.065893550621526,0.887853615690356,0.694507647623381,-1.31670118885601,-0.69502077906874,0.610987465299357,1.79072259898539,1.41065586402816,-1.31670118885601,-0.70212092557985,-1.2194279205962,-1.21417455395363,0.353200230973399,0.721912467795268,0.18999813578975,-0.261585019896139
"ENSG00000165828","PRAP1",-0.100462505514047,0.367764503108992,-0.717424701523312,-0.310851597944715,-0.28723168865669,-0.81077806285489,-0.557607523255525,-0.802873969095779,3.22117268115574,-0.0453084117407405,-0.916616669778201,-0.0205402090432118,0.536018611960856,0.293129626206576,0.763040631101982,-0.61143071412703
"ENSG00000135917","SLC19A3",0.431424318882939,-0.806537370559975,-0.876780231918374,2.2379118434915,-1.002326916935,0.064938929030875,-1.37601469389672,-0.704380336516748,0.894199421667522,1.05622021279137,-1.120428682114,0.873858156608926,-0.064409791750574,0.649657730048416,-0.673843812348332,0.416511223518172
"ENSG00000163395","IGFN1",0.711483383683316,-0.840014466854258,0.0579576943989806,0.542996434061047,-0.659596711451417,3.14143295999929,-0.823984822405989,-1.02246164909636,-0.908026363047538,0.319450115774632,0.0997423545053344,0.393138075690746,-0.209351615188808,-0.455587783308336,-0.345627148555889,-0.00155045820474341
"ENSG00000101323","HAO1",-0.498855454607456,0.542242581173805,-0.498855454607456,-0.498855454607456,-0.498855454607456,-0.498855454607456,-0.498855454607456,-0.498855454607456,3.34467634611568,0.0663635512423709,-0.401502966374886,-0.498855454607456,0.467656995615869,-0.498855454607456,0.861436718244874,-0.391174134550609
"ENSG00000165731","RET",-0.676369856437816,-0.118620111061266,-0.399065165702997,-1.74424327982283,-1.32838517208678,0.571442011582279,1.0111325074894,1.2238131732249,-1.19052639082711,-1.18446675478176,0.801962465181953,-0.131512419681866,1.05568472323869,0.231941269696886,1.32884327973596,0.548369720252377
"ENSG00000278518","ENSG00000278518",-0.255314238934562,0.252076201058737,-0.434370334962475,-0.606458356238097,0.611029952672198,-0.967335984245198,-0.733627012451253,-1.11428407442837,3.06374958480459,-0.249749637465473,0.645393793350636,-0.0236256489358381,0.290591326156895,-0.0232258299234821,0.537890156511873,-0.992739896970175
"ENSG00000196427","NBPF4",0.536230907649711,1.67154873892968,-0.812170253776321,-0.908408861934714,-0.69478297492749,0.730460483740045,1.29682823806029,1.65588444753418,-0.604880438692962,-0.908408861934714,-0.908408861934714,-0.731849198998368,0.52120085073425,0.851930919693564,-0.908408861934714,-0.786766272207724
"ENSG00000018625","ATP1A2",0.189311452508935,0.267916457829509,-0.258008047928084,1.31107187985188,-1.12537383253142,2.59505006997905,-0.581333145705982,0.168475835653333,-1.5012712985756,0.407874550054272,-1.02447915677867,0.785670601785995,-0.342075670640701,-0.0182581696676976,-0.713891128647052,-0.160680397187749
"ENSG00000124143","ARHGAP40",1.53517430826333,1.23460471124058,2.07349770199663,-0.327650022980264,-0.855106468750948,-1.01880410516402,-0.858099714870974,-0.904670003443063,-1.01880410516402,-0.228331706515975,-0.316191312425226,-0.247911486303547,0.585700246787896,0.333607900506879,-0.910665115122026,0.923649171944748
"ENSG00000148735","PLEKHS1",0.512873815170392,0.664521620310749,0.83932978760527,-1.85108099833708,0.220102712536542,-0.828280026612277,-0.598157672116191,-1.34936475061302,-1.45252998553524,-0.828140365027787,1.29525972852966,0.66941780391611,0.354901152629297,0.684869692069791,1.2494354142688,0.416842071204989
"ENSG00000189334","S100A14",1.06181298453627,0.104542874225678,1.08970117832346,-2.08552439055719,0.512355390796331,-0.506335378811488,-2.31158278952498,-0.376823185972648,-0.304566618160845,0.121401273683829,1.21350166921877,-0.0275767450733289,0.619020151213881,0.368241811555501,0.466683973934092,0.0551478006126677
"ENSG00000289332","ENSG00000289332",-0.763989178356973,-1.42653984281585,0.759306600167453,-1.109216951308,0.294754724070636,-0.463840495955866,-1.36127151264486,1.22901535227437,-0.99413167082898,0.0169644500164844,0.776827207030153,-0.992134282398392,1.42763709906798,0.729423315264296,0.926044208657284,0.95115097776027
"ENSG00000128564","VGF",0.354423201707551,0.257643085028387,-0.574052585837575,-0.195474368737604,0.536500308023792,0.766852286609284,2.59277562478276,1.58057744292204,-0.388302401874915,-0.655045580169882,-0.98595607042865,-1.29651592964557,-0.28416770132417,-0.577206851095369,-0.398637085623614,-0.733413374336465
"ENSG00000170367","CST5",0.223750596417338,-0.151080958367214,0.139366920316475,-0.643065686039084,-0.428742745768705,3.08986877225894,-0.282107116094936,1.64946654622584,-0.643065686039084,-0.514942956716877,-0.332302833237445,-0.226909365682563,-0.54052726605777,-0.0535768491367436,-0.643065686039084,-0.643065686039084
"ENSG00000196350","ZNF729",-0.497408556580338,-0.497408556580338,-0.497408556580338,-0.497408556580338,-0.497408556580338,2.1410625345227,1.90835771800759,1.98502289962241,-0.497408556580338,-0.497408556580338,-0.497408556580338,-0.497408556580338,-0.39486229326519,-0.398497194834462,-0.38904693819225,-0.375359716637751
"ENSG00000213759","UGT2B11",-0.484221002330678,-0.314211479582502,-0.876948562171159,-0.267801874125349,2.95147844475373,0.231719839779731,-0.78435067206701,0.788800755641922,-0.302516281036528,-0.876948562171159,-0.659664513112067,0.225853407516938,-0.602170704200646,-0.771582395715498,0.89100524712742,0.851558351692855
"ENSG00000174498","IGDCC3",-0.137744151347724,0.154571366180078,1.98975375882655,-1.06750111799365,-1.06750111799365,0.662162955614635,1.26291824385831,1.86708855253959,-0.195908240777439,0.376090292627956,-0.948016001189828,-0.240181633194679,-0.559709885481125,-0.716061676565871,-1.06750111799365,-0.312460227109499
"ENSG00000176153","GPX2",-1.02327011010764,-0.610228355584374,0.0219831044357716,-0.336375350552672,-0.934061071228503,0.722348355204301,1.86163107094063,-0.490848999749763,2.21246093633703,-0.800379607576274,-0.454796705094117,-1.08897712881661,0.884871553485613,-0.0631179960803729,0.6176614641391,-0.518901159752124
"ENSG00000136574","GATA4",0.672753059471265,1.369749789471,-0.228079620352792,-1.64590985046604,-0.531579278345486,-1.57827957346689,0.459419328550641,0.895709987268893,1.50135693037347,-1.52172896580212,0.657946823778952,-0.291143586343468,0.87559442160498,-0.507725294218626,-0.0240407567684602,-0.104043414755319
"ENSG00000213225","NOC2LP1",-0.745510209183878,-0.93325441080726,-0.649131803890393,0.205614406721282,-0.93325441080726,1.2019189064568,1.70271148068074,1.66952968307806,-0.332333821962497,-0.248512178158196,1.50952957212407,0.531243813357898,-0.471989463934414,-0.93325441080726,-0.93325441080726,-0.640052742060432
"ENSG00000186439","TRDN",0.0953928848117318,-0.71270170735284,-0.336431731453269,0.800824074683962,-0.813428429775051,2.88033630128172,0.571102578839497,-0.47252489629627,-0.813428429775051,-0.689188121204282,-0.813428429775051,-0.813428429775051,-0.113706604094468,-0.48014214406146,1.02004072808403,0.690712355861849
"ENSG00000241588","RN7SL484P",1.92072320748304,2.14020688442075,1.92361061551331,-0.317311603016876,-0.546522625568947,-0.546522625568947,-0.546522625568947,-0.546522625568947,-0.546522625568947,-0.546522625568947,-0.546522625568947,-0.179689932513653,-0.546522625568947,-0.546522625568947,-0.437900941989146,-0.130934599776897
"ENSG00000165125","TRPV6",0.301939067567417,0.239113416102015,1.18665302270596,-0.557599094818093,1.67016055991147,-1.78916566169045,-0.764783210381327,-1.40459736470164,-0.244791027572767,-1.36585556949521,0.97999448279149,0.289648490251292,0.801681560875911,-0.523332779694947,0.608010213128441,0.572923895020457
"ENSG00000127241","MASP1",-1.08908818963313,0.352725591546376,-1.06011587586227,-0.688636845948161,-0.108477565922891,-1.08626852190662,1.0041665698657,-0.787156337084872,2.35224815239289,0.358142761445612,-0.501684046522111,0.59640398393141,1.1049742380821,0.0935479772373619,0.63155941112586,-1.17234130274725
"ENSG00000030304","MUSK",-0.332084254467925,-1.01127191927232,-0.233999760279231,-0.344979502210219,-1.11208647320846,2.65310923157591,-0.553374428111435,-0.744499247605,-0.0310160248630473,0.655270780578002,-0.680507840037025,1.43647107549633,0.383161273129031,0.954864182089997,-0.489735483156789,-0.549321609657818
"ENSG00000141485","SLC13A5",-0.410208756376614,0.212241582113446,-1.03537173305657,0.527107520315325,-0.0907349682507356,-0.633777304988194,-0.501356982321162,-0.498858427501967,3.16112807690295,-0.07482533723924,-0.176429527998571,-0.374117746445841,0.908253692683795,-0.732569842016661,0.551273187933942,-0.831753433753896
"ENSG00000288669","ENSG00000288669",0.335493776108413,-1.19404984364041,-0.886051821277876,0.622439951417778,-1.22846603294387,0.563009338226406,0.5570432450128,-0.280501189677466,1.9193909157996,0.473476328505307,-1.39209898680101,-0.0870722520373434,-0.313710032282494,0.128332508808808,-0.986855532289387,1.76961962707075
"ENSG00000230328","ENSG00000230328",-0.507711340036909,0.0791439567023786,-0.593185270631049,-0.593185270631049,-0.43221543781962,-0.369497462938758,-0.191171882042915,-0.402769537220916,3.22302028802219,-0.169079258322302,-0.366908661220406,-0.489551648197904,0.908397724670153,-0.593185270631049,1.0910843409292,-0.593185270631049
"ENSG00000157064","NMNAT2",-0.290414295031405,-0.973379104491966,-0.792856865840775,1.22664738730534,-0.87516531606693,1.68205939441026,1.42343751421515,1.8322689012812,-1.01198977493574,0.162263863164286,-0.763884025504262,-0.0517527547235314,-0.686944637831951,-0.57747753043477,-0.580599795390162,0.277787039875267
"ENSG00000253154","ENSG00000253154",2.14112423891803,0.904124329616744,-0.729284171242933,-0.897281121092361,-0.897281121092361,-0.897281121092361,-0.538657419175213,-0.897281121092361,-0.319941396804665,-0.61701922185326,1.02437721134916,-0.529446853614871,0.876910443404136,1.24809982341852,0.903442833920185,-0.774605333566391
"ENSG00000134389","CFHR5",-0.400901682805731,-0.00362858207126092,-0.400901682805731,-0.400901682805731,-0.400901682805731,-0.400901682805731,-0.400901682805731,-0.28893949302434,3.59674630634003,0.18212848760862,-0.400901682805731,-0.400901682805731,-0.198796942337836,-0.400901682805731,0.61270320690952,-0.292097838173159
"ENSG00000231431","FAR2P4",1.77962086838623,1.52676341915075,1.47700764157899,-1.35695382288565,-1.35695382288565,-0.368268690552063,0.353580758896649,-0.390431470609081,-0.252114019912536,0.295492961104656,-1.1302943795016,-1.12051828485733,-0.44528170318322,0.260931245929749,0.293954094758439,0.433465204581658
"ENSG00000158104","HPD",-0.739811722712351,0.0843178121950777,-0.558329915535142,-0.359577004044675,-0.600450426495103,-0.596199953265778,-0.323089582334247,-0.665229281054453,3.39778075059441,0.0172248577356284,-0.537569477452956,0.27551527806458,0.552758075848398,-0.443000328553341,0.569465532243736,-0.0738046152337815
"ENSG00000162344","FGF19",1.86947438512618,1.95223489426833,-0.817220253276943,-0.914525485000692,-0.69381902916254,-0.503746274928042,0.495087316777801,-0.405854938449502,0.30141227054108,-0.785404075051896,-0.123583419758002,-0.6778018256502,1.56427232078217,-0.914525485000692,0.336462167633517,-0.682462568850565
"ENSG00000253361","ENSG00000253361",-0.815965031613685,-0.628956582230239,-1.07814522268396,-1.62898228788786,0.20053879217729,-0.126115015833902,0.552495775136491,1.07355619364896,-0.802210584473725,-0.106062040197195,0.664490790709905,0.262636824025483,1.95296691838632,1.69870682162016,-0.62961679570801,-0.589338555076029
"ENSG00000171798","KNDC1",0.523849131224668,0.742538012466855,0.87464076879527,-0.840380704235738,0.786739184633805,-1.77989028317512,-1.83986337403379,-1.02857798601547,1.02049441565811,0.583344651891054,-0.218134271029584,-0.00672633930792665,1.31650985137978,0.797164414605343,-0.812919272574747,-0.118788200282519
"ENSG00000110436","SLC1A2",-0.562917549721574,-0.476615716863444,-1.54858390894134,-0.718012698340978,-0.445882206837122,1.42143336616654,1.44926922714024,1.74232013902737,0.967430963404759,-1.41175912754338,0.19701216787112,-0.412262896380829,-0.173650196990818,-0.794250854858333,0.600576569715077,0.165892723152723
"ENSG00000258647","LINC00930",1.47693253220612,1.09143836888717,1.40584073946238,-1.72780503299183,-0.115334091350937,0.417643872144165,-1.03498892768426,0.161730513599442,-2.11901487317873,-0.580081733314672,0.27672625480045,0.23686624600109,0.112079141610015,0.207050583815321,0.512344797584258,-0.321428391589976
"ENSG00000113905","HRG",-0.426762835763411,-0.0306198339544985,-0.512621952068616,-0.512621952068616,-0.172333362640542,-0.395339315369432,-0.125533155591229,-0.397187052300291,3.50551426376771,0.0750398793835123,-0.413855325191567,-0.512621952068616,0.131329437416671,-0.512621952068616,0.812857060586157,-0.512621952068616
"ENSG00000167080","B4GALNT2",-0.281102296925708,-0.473018897998439,1.38397355954279,-0.0678950351282373,3.30301502696198,-0.0799570365834458,-0.449169198736058,-0.380102965210282,-0.767384157669404,-0.485771755973322,-0.289846369867371,-0.0756789795153169,0.00387022866906362,-0.426159924965495,-0.463990098511237,-0.450782098089514
"ENSG00000205358","MT1H",-0.851106038428842,0.356315764214553,-0.860483453942887,-0.425053230836659,-0.610327722410868,-0.53708037517432,-0.512165652094644,-0.733371023132671,3.21362187909236,0.448527698394866,-0.329132449891221,-0.595904262239916,0.617959203273135,0.00879452245349932,0.584926867122106,0.224478273601505
"ENSG00000087495","PHACTR3",0.0756483354695233,-1.0194529690126,-0.0763381168718833,-0.960274011293764,0.0637857747793931,0.766606453511095,2.66156328774989,0.875892611728401,-1.71001440474758,0.241656105165845,-0.340337462418471,0.751896401774109,-0.503578208688289,0.184263950861891,-0.259155859472561,-0.752161888534996
"ENSG00000165376","CLDN2",-0.54731294103457,0.226799623666337,-0.082214514731965,-0.0841129499505182,-0.864060687613922,-0.438754353531559,-1.02982374816387,-0.474191470318276,1.61066549556782,-0.703439246754043,0.264784634636297,-0.850807824430622,2.49502197117324,-0.52657316787678,1.37412751166883,-0.370108332306408
"ENSG00000163739","CXCL1",-0.8867118502485,-0.994084469427882,0.198309834484778,0.160010434015254,-0.71720196561585,-1.17188113652993,-0.49903405816096,-0.791995509787812,2.27146521592482,1.65989284806251,-0.426873660996029,0.661148059186611,0.559792541554182,0.781952140858506,-0.956396323707295,0.151607900387597
"ENSG00000129990","SYT5",-0.498540721284915,-0.724787506090882,0.73380373126885,-0.49544040024317,-0.0408284870900583,1.57716674048824,1.28635625041745,2.27575824223146,-0.947926964456383,0.0229875429999296,-1.2118849191455,-0.399698175037944,0.0147294309562925,-0.0495471731395159,-1.21828857641944,-0.323859015454411
"ENSG00000119125","GDA",-0.944027176128947,0.420332617706877,-0.269245656151668,-0.712541797154078,-0.944027176128947,0.0768840959930328,-0.726011201148496,-0.14452717533737,2.71528649562211,-0.354602835090302,0.0894935874559971,-0.395059667898897,1.65246310625309,-0.445288618864194,0.801342881454455,-0.820471480582664
"ENSG00000211892","IGHG4",-1.62091465389087,-1.10709918915975,-0.397056846179307,-1.14919114224577,-0.961590855631581,0.950081894692587,1.49879760382386,1.86064708392,-0.553965198854921,-0.541359247102773,-0.022278571513986,0.439265793217287,0.428577740858883,0.974160304832352,-0.204410985259706,0.406336268493707
"ENSG00000289252","ENSG00000289252",-0.334106109991255,-0.0535792136062968,0.837158105877704,2.23598714751679,1.40378093894681,-1.18261074870965,-1.31293077008078,-0.309950597714712,-1.31293077008078,0.0226838278119088,-0.0281782090724959,0.904745910881562,0.580209861829255,-0.298888884357018,-0.149364707742038,-1.00202578150901
"ENSG00000151892","GFRA1",0.224307963532104,1.04619899237282,-1.10699263920337,-0.254437495153555,-3.04748997746564,0.391990372525161,0.298622546299802,0.799731318357598,-0.46895900823373,-0.169559851466042,0.0469204101896539,0.24835036956278,1.06017412721177,0.852863815344458,0.377091479975635,-0.298812423849448
