"ID","Description","GeneRatio","BgRatio","RichFactor","FoldEnrichment","oddsRatio","zScore","pvalue","p.adjust","qvalue","geneID","Count"
"GO:0006959","humoral immune response","33/377","213/15234",0.154929577464789,6.26046998169388,7.82204457364341,12.3158037480392,2.47721965444342e-17,7.83049132769565e-14,5.40247377766722e-14,"PGC/FGB/LTF/HRG/F2/CCL21/DMBT1/IGHE/C9/CXCL6/BPIFA1/CXCL1/CXCL14/HAMP/CFHR1/KNG1/CFHR5/DEFB1/CXCL13/MASP1/DCD/S100A12/C8B/IGHA2/CCL20/CFHR2/IGHG4/IGHA1/C4BPA/FGA/C4BPB/C8A/COLEC11",33
"GO:0019730","antimicrobial humoral response","24/377","128/15234",0.1875,7.57659151193634,9.6445848768795,11.9022466726334,7.75247440800311e-15,1.22527858018489e-11,8.45353774465413e-12,"PGC/FGB/LTF/HRG/F2/CCL21/DMBT1/IGHE/CXCL6/BPIFA1/CXCL1/CXCL14/HAMP/KNG1/DEFB1/CXCL13/DCD/S100A12/IGHA2/CCL20/IGHG4/IGHA1/FGA/COLEC11",24
"GO:0008210","estrogen metabolic process","13/377","38/15234",0.342105263157895,13.8239564428312,21.1885714285714,12.6080239342149,3.28976378107299e-12,2.74003677305955e-09,1.89042758580697e-09,"UGT1A8/HSD17B2/UGT1A7/CYP2C9/UGT2B11/UGT1A3/UGT1A9/UGT1A4/UGT1A10/UGT1A1/UGT2B4/UGT1A5/UGT1A6",13
"GO:0031640","killing of cells of another organism","17/377","77/15234",0.220779220779221,8.9213545075614,11.645787037037,11.1003333630014,4.3341296631755e-12,2.74003677305955e-09,1.89042758580697e-09,"ARG1/LTF/F2/CCL21/C9/CXCL1/CXCL14/HAMP/KNG1/PLA2G2A/CHGA/CXCL13/DCD/S100A12/C8B/CCL20/C8A",17
"GO:0141061","disruption of cell in another organism","17/377","77/15234",0.220779220779221,8.9213545075614,11.645787037037,11.1003333630014,4.3341296631755e-12,2.74003677305955e-09,1.89042758580697e-09,"ARG1/LTF/F2/CCL21/C9/CXCL1/CXCL14/HAMP/KNG1/PLA2G2A/CHGA/CXCL13/DCD/S100A12/C8B/CCL20/C8A",17
"GO:0009812","flavonoid metabolic process","9/377","14/15234",0.642857142857143,25.9768851837817,72.645652173913,14.8933639847476,5.68470504286311e-12,2.99489210674838e-09,2.06625936950141e-09,"UGT1A8/UGT1A7/UGT1A3/UGT1A9/UGT1A4/UGT1A10/UGT1A1/UGT1A5/UGT1A6",9
"GO:0042742","defense response to bacterium","27/377","222/15234",0.121621621621622,4.91454584558033,5.80035164835165,9.35915042502675,8.19204570319436e-12,3.64181727899623e-09,2.51259104051934e-09,"NR1H4/PGC/FGB/LTF/F2/DMBT1/IGHE/LCN2/CXCL6/BPIFA1/VGF/CRP/HAMP/PLA2G2A/CHGA/DEFB1/CXCL13/DCD/S100A12/HP/IGHA2/CCL20/S100A8/IGHG4/IGHA1/LBP/FGA",27
"GO:0006953","acute-phase response","13/377","41/15234",0.317073170731707,12.8124474348192,18.9145408163265,12.0644598605272,1.00084255995845e-11,3.64181727899623e-09,2.51259104051934e-09,"SAA1/AHSG/F2/APCS/SERPINA1/LCN2/CRP/ORM2/HP/SAA4/ORM1/SAA2/LBP",13
"GO:0141060","disruption of anatomical structure in another organism","17/377","81/15234",0.209876543209877,8.48079379113862,10.9149739583333,10.7532245733657,1.03689830784454e-11,3.64181727899623e-09,2.51259104051934e-09,"ARG1/LTF/F2/CCL21/C9/CXCL1/CXCL14/HAMP/KNG1/PLA2G2A/CHGA/CXCL13/DCD/S100A12/C8B/CCL20/C8A",17
"GO:0061844","antimicrobial humoral immune response mediated by antimicrobial peptide","17/377","93/15234",0.182795698924731,7.38649781808847,9.18410087719298,9.84067291997668,1.06199333300626e-10,3.3569609256328e-08,2.31606071885169e-08,"PGC/LTF/HRG/F2/CCL21/DMBT1/CXCL6/BPIFA1/CXCL1/CXCL14/HAMP/KNG1/DEFB1/CXCL13/DCD/S100A12/CCL20",17
"GO:0010817","regulation of hormone levels","36/377","433/15234",0.0831408775981524,3.3595971600272,3.84526175051892,7.93476589747937,1.94342889354711e-10,4.84345890422369e-08,3.3416370222809e-08,"FGF23/SLC2A2/UGT1A8/CARTPT/NR1H4/HSD17B2/UGT1A7/CPA3/FGB/SOX11/CYP2C9/SDR16C5/UGT2B11/TFAP2B/RBP4/SULT2A1/SLC30A8/UGT1A3/HNF4A/UGT1A9/SLCO1B1/RIMS2/CHGA/UGT1A4/MME/UGT1A10/ADCYAP1/UGT1A1/UGT2B4/UGT1A5/FGA/PCSK1/UGT1A6/SERPINA7/CHST8/FGG",36
"GO:0008202","steroid metabolic process","28/377","273/15234",0.102564102564103,4.14446031422159,4.78493655341793,8.35112461884239,1.97198232177521e-10,4.84345890422369e-08,3.3416370222809e-08,"FGF23/UGT1A8/NR1H4/HSD17B2/APOA4/BAAT/APOA1/UGT1A7/APOB/LRP2/CYP2C9/UGT2B11/SULT2A1/CYP2E1/UGT1A3/SERPINA6/CGA/APOF/UGT1A9/UGT1A4/UGT1A10/UGT1A1/UGT2B4/GC/APOA5/UGT1A5/HMGCS2/UGT1A6",28
"GO:0006956","complement activation","14/377","61/15234",0.229508196721311,9.27407922772535,12.1528632553778,10.3144648022909,1.99193184925365e-10,4.84345890422369e-08,3.3416370222809e-08,"IGHE/C9/CFHR1/CFHR5/MASP1/C8B/IGHA2/CFHR2/IGHG4/IGHA1/C4BPA/C4BPB/C8A/COLEC11",14
"GO:0002526","acute inflammatory response","16/377","88/15234",0.181818181818182,7.34699782975645,9.10126192674669,9.51170876014062,4.1200021446183e-10,9.30237627081317e-08,6.41796814145137e-08,"SAA1/AHSG/CREB3L3/F2/APCS/SERPINA1/IGHE/LCN2/CRP/ORM2/HP/SAA4/ORM1/SAA2/LBP/VNN1",16
"GO:0034372","very-low-density lipoprotein particle remodeling","8/377","15/15234",0.533333333333333,21.5511936339523,45.993031358885,12.6849119408934,7.22659235474657e-10,1.52288389555693e-07,1.05067995964426e-07,"NR1H4/APOA4/APOA1/APOA2/APOH/APOC2/APOA5/APOC3",8
"GO:0034370","triglyceride-rich lipoprotein particle remodeling","8/377","16/15234",0.5,20.2042440318302,40.2411924119241,12.2426730619714,1.41423109614486e-09,2.7939903093212e-07,1.9276516312299e-07,"NR1H4/APOA4/APOA1/APOA2/APOH/APOC2/APOA5/APOC3",8
"GO:0006805","xenobiotic metabolic process","18/377","125/15234",0.144,5.81882228116711,6.91172259391352,8.6173928122878,1.73175726836739e-09,3.22004983841724e-07,2.22160195150233e-07,"UGT1A8/SLC22A7/UGT1A7/CYP2C9/UGT2B11/SULT2A1/AADAC/CYP2E1/UGT1A3/HNF4A/UGT1A9/SLCO1B1/S100A12/UGT1A10/ACSM2B/UGT1A1/UGT2B4/UGT1A6",18
"GO:0051384","response to glucocorticoid","17/377","112/15234",0.151785714285714,6.13343122394846,7.33783625730994,8.68580303519213,2.15507212897011e-09,3.78454611093029e-07,2.6110636317747e-07,"UGT1A8/CARTPT/UGT1A7/CDO1/SCGB1A1/UGT1A3/AVPR1A/UGT1A9/TRIM63/UGT1A4/PCK1/UGT1A10/TAT/UGT1A1/UGT1A5/HMGCS2/UGT1A6",17
"GO:0042440","pigment metabolic process","14/377","74/15234",0.189189189189189,7.64484909312495,9.51138659320478,9.12744481985673,3.01330033409513e-09,4.98635458905706e-07,3.44022472999263e-07,"UGT1A8/UGT1A7/AMBP/FABP1/UGT1A3/UGT1A9/SLCO1B1/UGT1A4/CDH3/UGT1A10/UGT1A1/UGT1A5/UGT1A6/ALB",14
"GO:0031960","response to corticosteroid","18/377","130/15234",0.138461538461538,5.59502142419914,6.60092518901711,8.38129376080207,3.30055787227733e-09,4.98635458905706e-07,3.44022472999263e-07,"UGT1A8/CARTPT/UGT1A7/CDO1/SCGB1A1/UGT1A3/AVPR1A/SCNN1G/UGT1A9/TRIM63/UGT1A4/PCK1/UGT1A10/TAT/UGT1A1/UGT1A5/HMGCS2/UGT1A6",18
"GO:0019216","regulation of lipid metabolic process","27/377","289/15234",0.0934256055363322,3.77518746615513,4.29732824427481,7.58736752775496,3.3126683445175e-09,4.98635458905706e-07,3.44022472999263e-07,"UGT1A8/CARTPT/NR1H4/APOA4/APOA1/UGT1A7/ADIPOQ/EDN2/AADAC/APOA2/FABP1/UGT1A3/AVPR1A/CGA/HNF4A/UGT1A9/UGT1A4/APOH/PCK1/UGT1A10/APOC2/UGT1A1/APOD/APOA5/UGT1A6/CIDEC/APOC3",27
"GO:0019217","regulation of fatty acid metabolic process","15/377","91/15234",0.164835164835165,6.66073979071327,8.05884704856063,8.6275157625492,6.01203342205676e-09,8.63819893050974e-07,5.95973371981056e-07,"UGT1A8/APOA4/UGT1A7/ADIPOQ/EDN2/UGT1A3/AVPR1A/UGT1A9/UGT1A4/UGT1A10/APOC2/UGT1A1/APOA5/UGT1A6/APOC3",15
"GO:0042730","fibrinolysis","9/377","26/15234",0.346153846153846,13.9875535604979,21.349104859335,10.5578577944046,6.81735748409431e-09,9.36942043792266e-07,6.46422377722144e-07,"PLG/FGB/HRG/F2/VTN/CPB2/APOH/FGA/FGG",9
"GO:0034368","protein-lipid complex remodeling","10/377","35/15234",0.285714285714286,11.545282303903,16.1656675749319,9.94907167720151,8.08907018645895e-09,1.02278203437587e-06,7.05645774926211e-07,"NR1H4/APOA4/APOA1/APOB/APOA2/PLA2G2A/APOH/APOC2/APOA5/APOC3",10
"GO:0034369","plasma lipoprotein particle remodeling","10/377","35/15234",0.285714285714286,11.545282303903,16.1656675749319,9.94907167720151,8.08907018645895e-09,1.02278203437587e-06,7.05645774926211e-07,"NR1H4/APOA4/APOA1/APOB/APOA2/PLA2G2A/APOH/APOC2/APOA5/APOC3",10
"GO:0034367","protein-containing complex remodeling","10/377","36/15234",0.277777777777778,11.2245800176835,15.542863131419,9.7836597988399,1.09556209649039e-08,1.31349550023059e-06,9.06217081421366e-07,"NR1H4/APOA4/APOA1/APOB/APOA2/PLA2G2A/APOH/APOC2/APOA5/APOC3",10
"GO:0071384","cellular response to corticosteroid stimulus","12/377","57/15234",0.210526315789474,8.50705011866536,10.8215525114155,9.04506330065719,1.14905260533798e-08,1.31349550023059e-06,9.06217081421366e-07,"UGT1A8/UGT1A7/UGT1A3/SCNN1G/UGT1A9/UGT1A4/PCK1/UGT1A10/UGT1A1/UGT1A5/HMGCS2/UGT1A6",12
"GO:0009410","response to xenobiotic stimulus","28/377","327/15234",0.0856269113149847,3.46005402379967,3.90627785071537,7.16343343372273,1.16348857976769e-08,1.31349550023059e-06,9.06217081421366e-07,"UGT1A8/ACTC1/SLC22A7/UGT1A7/ADIPOQ/CYP2C9/UGT2B11/SCGB1A1/TFAP2B/RBP4/SULT2A1/AADAC/CYP2E1/LCN2/UGT1A3/KCNK3/HNF4A/UGT1A9/SLCO1B1/S100A12/UGT1A10/SFRP2/ACSM2B/UGT1A1/UGT2B4/HMGCS2/GRIA1/UGT1A6",28
"GO:0016125","sterol metabolic process","18/377","142/15234",0.126760563380282,5.12220271229499,5.95727378919939,7.86136485964594,1.37545509000085e-08,1.49924604810093e-06,1.03437155118081e-06,"UGT1A8/NR1H4/APOA4/APOA1/UGT1A7/APOB/CYP2C9/SULT2A1/UGT1A3/APOF/UGT1A9/UGT1A4/UGT1A10/UGT1A1/APOA5/UGT1A5/HMGCS2/UGT1A6",18
"GO:0042445","hormone metabolic process","21/377","195/15234",0.107692307692308,4.35168332993267,4.97777024409144,7.50358211962219,1.63123338862709e-08,1.71877624715008e-06,1.18583154189357e-06,"UGT1A8/HSD17B2/UGT1A7/CPA3/CYP2C9/SDR16C5/UGT2B11/RBP4/SULT2A1/SLC30A8/UGT1A3/UGT1A9/UGT1A4/MME/UGT1A10/UGT1A1/UGT2B4/UGT1A5/PCSK1/UGT1A6/CHST8",21
"GO:0030195","negative regulation of blood coagulation","11/377","48/15234",0.229166666666667,9.26027851458886,12.0381036774479,9.1304345195643,1.83231377262664e-08,1.75513449553721e-06,1.21091610878641e-06,"TSPAN8/PLG/FGB/HRG/F2/VTN/KNG1/CPB2/APOH/FGA/FGG",11
"GO:0071385","cellular response to glucocorticoid stimulus","11/377","48/15234",0.229166666666667,9.26027851458886,12.0381036774479,9.1304345195643,1.83231377262664e-08,1.75513449553721e-06,1.21091610878641e-06,"UGT1A8/UGT1A7/UGT1A3/UGT1A9/UGT1A4/PCK1/UGT1A10/UGT1A1/UGT1A5/HMGCS2/UGT1A6",11
"GO:1900047","negative regulation of hemostasis","11/377","48/15234",0.229166666666667,9.26027851458886,12.0381036774479,9.1304345195643,1.83231377262664e-08,1.75513449553721e-06,1.21091610878641e-06,"TSPAN8/PLG/FGB/HRG/F2/VTN/KNG1/CPB2/APOH/FGA/FGG",11
"GO:0009617","response to bacterium","34/377","470/15234",0.0723404255319149,2.9231672216265,3.27863963409741,6.74624009550137,2.2091701127938e-08,2.05387844898271e-06,1.41702787204417e-06,"NR1H4/PGC/CSF3/FGB/LTF/F2/DMBT1/SCGB1A1/IGHE/LCN2/CXCL6/BPIFA1/VGF/CRP/HAMP/PLA2G2A/CHGA/DEFB1/CXCL13/DCD/S100A12/HP/MMP3/IGHA2/CCL20/HMGCS2/S100A8/IGHG4/IGHA1/LBP/C4BPA/FGA/C4BPB/SELE",34
"GO:0019731","antibacterial humoral response","12/377","61/15234",0.19672131147541,7.94921076662173,9.93547665641599,8.66288415704786,2.5886812093088e-08,2.33794894360718e-06,1.6130160079086e-06,"PGC/FGB/LTF/DMBT1/IGHE/BPIFA1/DEFB1/DCD/IGHA2/IGHG4/IGHA1/FGA",12
"GO:0071466","cellular response to xenobiotic stimulus","19/377","168/15234",0.113095238095238,4.57000757862827,5.23887368302651,7.41178191039876,3.593140466254e-08,3.08698512943544e-06,2.12979690748619e-06,"UGT1A8/SLC22A7/UGT1A7/ADIPOQ/CYP2C9/UGT2B11/SULT2A1/AADAC/CYP2E1/UGT1A3/HNF4A/UGT1A9/SLCO1B1/S100A12/UGT1A10/ACSM2B/UGT1A1/UGT2B4/UGT1A6",19
"GO:0050819","negative regulation of coagulation","11/377","51/15234",0.215686274509804,8.71555624902481,11.1329918032787,8.79166979792363,3.61336443496082e-08,3.08698512943544e-06,2.12979690748619e-06,"TSPAN8/PLG/FGB/HRG/F2/VTN/KNG1/CPB2/APOH/FGA/FGG",11
"GO:0001889","liver development","14/377","90/15234",0.155555555555556,6.28576480990274,7.50086994345368,8.01136694132137,4.17145014390421e-08,3.46998786970558e-06,2.3940411514924e-06,"UGT1A8/BAAT/UGT1A7/VTN/UGT1A3/UGT1A9/UGT1A4/PCK1/UGT1A10/TAT/UGT1A1/UGT1A5/HMGCS2/UGT1A6",14
"GO:0061008","hepaticobiliary system development","14/377","91/15234",0.153846153846154,6.21669047133238,7.40295517155021,7.95074158745059,4.82058592603121e-08,3.90714669543197e-06,2.69564918524494e-06,"UGT1A8/BAAT/UGT1A7/VTN/UGT1A3/UGT1A9/UGT1A4/PCK1/UGT1A10/TAT/UGT1A1/UGT1A5/HMGCS2/UGT1A6",14
"GO:0010565","regulation of ketone metabolic process","16/377","122/15234",0.131147540983607,5.29947384441449,6.16777295771703,7.59507538189238,5.44799436466362e-08,4.30527754667543e-06,2.97033073381082e-06,"UGT1A8/NR1H4/APOA4/UGT1A7/ADIPOQ/EDN2/UGT1A3/AVPR1A/UGT1A9/UGT1A4/UGT1A10/APOC2/UGT1A1/APOA5/UGT1A6/APOC3",16
"GO:0030193","regulation of blood coagulation","12/377","66/15234",0.181818181818182,7.34699782975645,9.01248097412481,8.23140541258805,6.54401495723318e-08,5.04527592190587e-06,3.48087619646384e-06,"TSPAN8/PLG/FGB/HRG/F2/VTN/KNG1/CPB2/SERPINC1/APOH/FGA/FGG",12
"GO:1900046","regulation of hemostasis","12/377","67/15234",0.17910447761194,7.23734114573023,8.8480199252802,8.15051198706482,7.79616704394239e-08,5.86754381569093e-06,4.0481816883529e-06,"TSPAN8/PLG/FGB/HRG/F2/VTN/KNG1/CPB2/SERPINC1/APOH/FGA/FGG",12
"GO:0061045","negative regulation of wound healing","12/377","68/15234",0.176470588235294,7.13090965829303,8.6894324853229,8.07126639605727,9.25822493932671e-08,6.80587186818878e-06,4.69556031203384e-06,"TSPAN8/PLG/FGB/HRG/F2/APCS/VTN/KNG1/CPB2/APOH/FGA/FGG",12
"GO:0050818","regulation of coagulation","12/377","71/15234",0.169014084507042,6.82960361639332,8.24592523798468,7.84284202464778,1.52251408741295e-07,1.09378796143462e-05,7.54634739084444e-06,"TSPAN8/PLG/FGB/HRG/F2/VTN/KNG1/CPB2/SERPINC1/APOH/FGA/FGG",12
"GO:0045922","negative regulation of fatty acid metabolic process","9/377","36/15234",0.25,10.1021220159151,13.4329710144928,8.70960617426127,1.6499118109214e-07,1.15897138540501e-05,7.99606596404953e-06,"UGT1A8/UGT1A7/UGT1A3/UGT1A9/UGT1A4/UGT1A10/UGT1A1/UGT1A6/APOC3",9
"GO:0006958","complement activation, classical pathway","9/377","37/15234",0.243243243243243,9.82909169116066,12.9523486024845,8.56516614671876,2.13303755608952e-07,1.45498134945481e-05,1.00383210433076e-05,"IGHE/C9/C8B/IGHA2/IGHG4/IGHA1/C4BPA/C4BPB/C8A",9
"GO:0071827","plasma lipoprotein particle organization","10/377","48/15234",0.208333333333333,8.4184350132626,10.6259859457909,8.19990936220976,2.16336992800937e-07,1.45498134945481e-05,1.00383210433076e-05,"NR1H4/APOA4/APOA1/APOB/APOA2/PLA2G2A/APOH/APOC2/APOA5/APOC3",10
"GO:0048545","response to steroid hormone","24/377","291/15234",0.0824742268041237,3.33265880937406,3.7151860457714,6.39995103520367,2.66290884436436e-07,1.75363642854911e-05,1.20988255070152e-05,"UGT1A8/CARTPT/SCGB2A2/UGT1A7/CDO1/ATP1A2/SCGB2A1/SCGB1A1/UGT1A3/AVPR1A/SCNN1G/UGT1A9/TCF21/TRIM63/UGT1A4/PCK1/UGT1A10/TAT/UGT1A1/UGT1A5/HMGCS2/UGT1A6/NKX2-2/ESR1",24
"GO:0071825","protein-lipid complex organization","10/377","50/15234",0.2,8.0816976127321,10.0933242506812,7.98963827898221,3.25109426247266e-07,2.09728754360736e-05,1.44697701388058e-05,"NR1H4/APOA4/APOA1/APOB/APOA2/PLA2G2A/APOH/APOC2/APOA5/APOC3",10
"GO:0001906","cell killing","18/377","177/15234",0.101694915254237,4.10933776918581,4.63488726546487,6.62800984324152,4.14779226331621e-07,2.62223426886851e-05,1.80915236140507e-05,"ARG1/LTF/F2/CCL21/IGHE/C9/CXCL1/CXCL14/HAMP/KNG1/PLA2G2A/CHGA/CXCL13/DCD/S100A12/C8B/CCL20/C8A",18
"GO:0097006","regulation of plasma lipoprotein particle levels","12/377","78/15234",0.153846153846154,6.21669047133238,7.36787048567871,7.35779877667519,4.41963473140191e-07,2.73764541186642e-05,1.88877771920242e-05,"NR1H4/APOA4/APOA1/APOB/ADIPOQ/FGF21/APOA2/PLA2G2A/APOH/APOC2/APOA5/APOC3",12
"GO:0045833","negative regulation of lipid metabolic process","13/377","93/15234",0.139784946236559,5.64849833147942,6.596875,7.16266613598217,4.60527979619957e-07,2.73764541186642e-05,1.88877771920242e-05,"UGT1A8/UGT1A7/APOA2/UGT1A3/UGT1A9/UGT1A4/UGT1A10/APOC2/UGT1A1/APOD/UGT1A6/CIDEC/APOC3",13
"GO:0008228","opsonization","7/377","21/15234",0.333333333333333,13.4694960212202,20.0581081081081,9.10854378185202,4.63497802077525e-07,2.73764541186642e-05,1.88877771920242e-05,"CRP/MASP1/LBP/C4BPA/C4BPB/SFTPA1/COLEC11",7
"GO:0048732","gland development","20/377","217/15234",0.0921658986175115,3.72428461416226,4.16897723556428,6.43855764999552,4.67677482571296e-07,2.73764541186642e-05,1.88877771920242e-05,"UGT1A8/BAAT/UGT1A7/CDO1/NKX2-1/VTN/UGT1A3/UGT1A9/TCF21/PITX2/UGT1A4/PCK1/UGT1A10/TAT/UGT1A1/UGT1A5/HMGCS2/HOXB13/WT1/UGT1A6",20
"GO:0033700","phospholipid efflux","6/377","14/15234",0.428571428571429,17.3179234558545,30.0181940700809,9.73014736285444,5.6048333547588e-07,3.22125058807137e-05,2.22243038208842e-05,"APOA4/APOA1/APOA2/APOC2/APOA5/APOC3",6
"GO:0050878","regulation of body fluid levels","24/377","304/15234",0.0789473684210526,3.19014379449951,3.53953864832052,6.14436988501179,5.91218043686805e-07,3.3372147073107e-05,2.30243725357615e-05,"TSPAN8/CYP4A11/SAA1/PLG/CDO1/FGB/HRG/F2/SERPINA1/VTN/AQP4/FGL1/BPIFA1/SCNN1G/KNG1/HNF4A/CPB2/SERPINA10/SERPINC1/APOH/FGA/C4BPB/F9/FGG",24
"GO:0002455","humoral immune response mediated by circulating immunoglobulin","9/377","42/15234",0.214285714285714,8.65896172792724,10.9861660079051,7.91744222896159,6.85319001288348e-07,3.80051467205696e-05,2.62208078627289e-05,"IGHE/C9/C8B/IGHA2/IGHG4/IGHA1/C4BPA/C4BPB/C8A",9
"GO:0042167","heme catabolic process","6/377","15/15234",0.4,16.1633952254642,26.681042228212,9.35937525508034,9.14693097748691e-07,4.90058454573493e-05,3.38104959134989e-05,"AMBP/FABP1/SLCO1B1/UGT1A4/UGT1A1/ALB",6
"GO:0046149","pigment catabolic process","6/377","15/15234",0.4,16.1633952254642,26.681042228212,9.35937525508034,9.14693097748691e-07,4.90058454573493e-05,3.38104959134989e-05,"AMBP/FABP1/SLCO1B1/UGT1A4/UGT1A1/ALB",6
"GO:0034381","plasma lipoprotein particle clearance","9/377","44/15234",0.204545454545455,8.26537255847601,10.3569875776398,7.68781944524352,1.04298728382625e-06,5.49480467362464e-05,3.79101858623682e-05,"NR1H4/APOA1/APOB/ADIPOQ/FGF21/APOA2/APOC2/APOA5/APOC3",9
"GO:0006641","triglyceride metabolic process","12/377","85/15234",0.141176470588235,5.70472772663442,6.65820979545881,6.92866891892585,1.14580993517125e-06,5.93754951651855e-05,4.09648056861228e-05,"APOA4/APOB/AADAC/APOA2/FABP1/APOH/PCK1/APOC2/FABP4/APOA5/CIDEC/APOC3",12
"GO:0007596","blood coagulation","19/377","211/15234",0.0900473933649289,3.63867901995047,4.05369820763501,6.14819017413164,1.29078038017858e-06,6.58089803507175e-05,4.5403446067591e-05,"TSPAN8/SAA1/PLG/FGB/HRG/F2/SERPINA1/VTN/FGL1/KNG1/HNF4A/CPB2/SERPINA10/SERPINC1/APOH/FGA/C4BPB/F9/FGG",19
"GO:0050817","coagulation","19/377","212/15234",0.089622641509434,3.62151543966768,4.03241960228095,6.12285967062231,1.38621681946636e-06,6.9552878830685e-05,4.79864657681217e-05,"TSPAN8/SAA1/PLG/FGB/HRG/F2/SERPINA1/VTN/FGL1/KNG1/HNF4A/CPB2/SERPINA10/SERPINC1/APOH/FGA/C4BPB/F9/FGG",19
"GO:0006787","porphyrin-containing compound catabolic process","6/377","16/15234",0.375,15.1531830238727,24.011320754717,9.02263021967046,1.43305565937166e-06,6.96905990657511e-05,4.80814827890802e-05,"AMBP/FABP1/SLCO1B1/UGT1A4/UGT1A1/ALB",6
"GO:0033015","tetrapyrrole catabolic process","6/377","16/15234",0.375,15.1531830238727,24.011320754717,9.02263021967046,1.43305565937166e-06,6.96905990657511e-05,4.80814827890802e-05,"AMBP/FABP1/SLCO1B1/UGT1A4/UGT1A1/ALB",6
"GO:1903035","negative regulation of response to wounding","12/377","87/15234",0.137931034482759,5.57358456050489,6.47978082191781,6.81476463825864,1.47749605733762e-06,7.07631066249121e-05,4.88214355867065e-05,"TSPAN8/PLG/FGB/HRG/F2/APCS/VTN/KNG1/CPB2/APOH/FGA/FGG",12
"GO:0007599","hemostasis","19/377","217/15234",0.0875576036866359,3.53807038345414,3.92925060662491,5.99846007229348,1.9667905581104e-06,9.27914172266711e-05,6.40193798039991e-05,"TSPAN8/SAA1/PLG/FGB/HRG/F2/SERPINA1/VTN/FGL1/KNG1/HNF4A/CPB2/SERPINA10/SERPINC1/APOH/FGA/C4BPB/F9/FGG",19
"GO:0002920","regulation of humoral immune response","8/377","36/15234",0.222222222222222,8.97966401414677,11.4819976771196,7.63555254968264,2.15484079493091e-06,0.000100168408129068,6.91089710238155e-05,"PGC/CFHR1/CFHR5/CXCL13/MASP1/CFHR2/C4BPA/C4BPB",8
"GO:0006910","phagocytosis, recognition","7/377","26/15234",0.269230769230769,10.8792083248317,14.774679943101,8.03101801497962,2.35610196353973e-06,0.000107936787054334,7.44685917273462e-05,"CRP/MASP1/LBP/C4BPA/C4BPB/SFTPA1/COLEC11",7
"GO:0006631","fatty acid metabolic process","25/377","354/15234",0.0706214689265537,2.85370678415681,3.13622547665101,5.62132945570858,2.65356173641483e-06,0.000119827266411532,8.26721641780241e-05,"UGT1A8/CYP4A11/APOA4/BAAT/UGT1A7/ADIPOQ/EDN2/CYP2C9/CYP4Z1/HAO1/CYP2E1/GLYATL2/UGT1A3/AVPR1A/UGT1A9/ACSM2A/UGT1A4/CYP4B1/UGT1A10/APOC2/ACSM2B/UGT1A1/APOA5/UGT1A6/APOC3",25
"GO:0062012","regulation of small molecule metabolic process","22/377","289/15234",0.0761245674740484,3.0760786761264,3.38640080181463,5.67600283743334,3.19365645649951e-06,0.000142185183929506,9.80975133750642e-05,"UGT1A8/NR1H4/APOA4/APOA1/UGT1A7/ADIPOQ/EDN2/ALDOB/UGT1A3/AVPR1A/HNF4A/UGT1A9/TRIM63/UGT1A4/UGT1A10/APOC2/UGT1A1/APOA5/TFF3/IGF1/UGT1A6/APOC3",22
"GO:0031638","zymogen activation","9/377","52/15234",0.173076923076923,6.99377678024893,8.42555611729019,6.89660857322135,4.54504412187456e-06,0.000199540062072854,0.00013766823917292,"FGB/F2/APOH/MASP1/HP/HPR/FGA/F9/FGG",9
"GO:0071383","cellular response to steroid hormone stimulus","17/377","190/15234",0.0894736842105263,3.61549630043278,4.00815671162492,5.77892532582035,5.09867293836089e-06,0.000220779522714504,0.00015232193386031,"UGT1A8/SCGB2A2/UGT1A7/ATP1A2/SCGB2A1/UGT1A3/SCNN1G/UGT1A9/TCF21/UGT1A4/PCK1/UGT1A10/UGT1A1/UGT1A5/HMGCS2/UGT1A6/ESR1",17
"GO:0051918","negative regulation of fibrinolysis","5/377","12/15234",0.416666666666667,16.8368700265252,28.5138248847926,8.7422244234686,6.20386640781437e-06,0.000265005698852719,0.000182834802960635,"PLG/HRG/F2/VTN/APOH",5
"GO:0062014","negative regulation of small molecule metabolic process","12/377","100/15234",0.12,4.84901856763926,5.51768368617684,6.1513576136698,6.55545337383433e-06,0.000276290508195871,0.000190620506821479,"UGT1A8/UGT1A7/ADIPOQ/ALDOB/UGT1A3/UGT1A9/TRIM63/UGT1A4/UGT1A10/UGT1A1/UGT1A6/APOC3",12
"GO:0006721","terpenoid metabolic process","12/377","101/15234",0.118811881188119,4.80100848281115,5.45531783900262,6.10512898917124,7.27603223532386e-06,0.000299173910969724,0.000206408402913297,"UGT1A8/UGT1A7/LRP2/CYP2C9/SDR16C5/RBP4/CYP2E1/UGT1A3/UGT1A9/TTR/UGT1A1/HMGCS2",12
"GO:0046461","neutral lipid catabolic process","8/377","42/15234",0.19047619047619,7.69685486926866,9.4519368723099,6.92286545183249,7.38233630358698e-06,0.000299173910969724,0.000206408402913297,"APOA4/AADAC/APOA2/FABP1/APOC2/FABP4/APOA5/APOC3",8
"GO:0046464","acylglycerol catabolic process","8/377","42/15234",0.19047619047619,7.69685486926866,9.4519368723099,6.92286545183249,7.38233630358698e-06,0.000299173910969724,0.000206408402913297,"APOA4/AADAC/APOA2/FABP1/APOC2/FABP4/APOA5/APOC3",8
"GO:0019433","triglyceride catabolic process","7/377","31/15234",0.225806451612903,9.12449730469753,11.6926801801802,7.2129103207153,8.46480593317054e-06,0.000338699386769013,0.00023367812809647,"APOA4/AADAC/FABP1/APOC2/FABP4/APOA5/APOC3",7
"GO:0034114","regulation of heterotypic cell-cell adhesion","6/377","21/15234",0.285714285714286,11.545282303903,16.0021563342318,7.70297094554836,8.74270231091289e-06,0.000345446025059946,0.000238332821515931,"CEACAM6/APOA1/ADIPOQ/FGB/FGA/FGG",6
"GO:0010876","lipid localization","26/377","405/15234",0.0641975308641975,2.5941251596424,2.82966871885078,5.1795476129411,9.41315115836981e-06,0.000367345318661814,0.000253441753316299,"NR1H4/CYP4A11/APOA4/SLC22A7/APOA1/APOB/ADIPOQ/RBP4/APOA2/FABP1/APOF/CRP/SLCO1B1/VSTM2A/PRAP1/PLA2G2A/APOH/APOC2/FABP4/XKR7/APOD/APOA5/LBP/CIDEC/SFTPA1/APOC3",26
"GO:0045834","positive regulation of lipid metabolic process","13/377","124/15234",0.104838709677419,4.23637374860957,4.74453024453024,5.7641478867161,1.21942628251496e-05,0.000458881723694022,0.00031659526529828,"NR1H4/APOA4/APOA1/ADIPOQ/EDN2/AADAC/APOA2/AVPR1A/CGA/APOH/PCK1/APOC2/APOA5",13
"GO:0055002","striated muscle cell development","13/377","124/15234",0.104838709677419,4.23637374860957,4.74453024453024,5.7641478867161,1.21942628251496e-05,0.000458881723694022,0.00031659526529828,"ACTC1/TNNT1/NRAP/ACTA1/MYBPC1/KLHL40/MYPN/TBX5/ACTN2/KLHL41/TNNT3/IGF1/MYF6",13
"GO:0061041","regulation of wound healing","13/377","124/15234",0.104838709677419,4.23637374860957,4.74453024453024,5.7641478867161,1.21942628251496e-05,0.000458881723694022,0.00031659526529828,"TSPAN8/PLG/FGB/HRG/F2/APCS/VTN/KNG1/CPB2/SERPINC1/APOH/FGA/FGG",13
"GO:0050832","defense response to fungus","8/377","45/15234",0.177777777777778,7.18373121131742,8.68380575697649,6.61744139951539,1.26362260562282e-05,0.000464454773996946,0.000320440267720629,"ARG1/LTF/HRG/HAMP/CHGA/DCD/S100A12/S100A8",8
"GO:0055090","acylglycerol homeostasis","8/377","45/15234",0.177777777777778,7.18373121131742,8.68380575697649,6.61744139951539,1.26362260562282e-05,0.000464454773996946,0.000320440267720629,"NR1H4/APOA4/APOA1/HNF4A/ACSM2A/APOC2/APOA5/APOC3",8
"GO:0006638","neutral lipid metabolic process","12/377","108/15234",0.111111111111111,4.48983200707339,5.05513698630137,5.79765256163696,1.45729236920503e-05,0.000523466043074671,0.000361153783697805,"APOA4/APOB/AADAC/APOA2/FABP1/APOH/PCK1/APOC2/FABP4/APOA5/CIDEC/APOC3",12
"GO:0006639","acylglycerol metabolic process","12/377","108/15234",0.111111111111111,4.48983200707339,5.05513698630137,5.79765256163696,1.45729236920503e-05,0.000523466043074671,0.000361153783697805,"APOA4/APOB/AADAC/APOA2/FABP1/APOH/PCK1/APOC2/FABP4/APOA5/CIDEC/APOC3",12
"GO:0006720","isoprenoid metabolic process","12/377","111/15234",0.108108108108108,4.3684851960714,4.90095475300955,5.67381264456885,1.92827494410716e-05,0.000684862595317162,0.000472505754449881,"UGT1A8/UGT1A7/LRP2/CYP2C9/SDR16C5/RBP4/CYP2E1/UGT1A3/UGT1A9/TTR/UGT1A1/HMGCS2",12
"GO:0072378","blood coagulation, fibrin clot formation","6/377","24/15234",0.25,10.1021220159151,13.3324348607367,7.10855783732321,2.03633323162239e-05,0.000715205482795376,0.000493440156530115,"FGB/F2/APOH/FGA/F9/FGG",6
"GO:0010896","regulation of triglyceride catabolic process","5/377","15/15234",0.333333333333333,13.4694960212202,19.9556451612903,7.69660691217379,2.21215743486628e-05,0.000768420840836517,0.00053015491226576,"APOA4/AADAC/APOC2/APOA5/APOC3",5
"GO:0042180","ketone metabolic process","16/377","193/15234",0.0829015544041451,3.3499264715988,3.67591592719533,5.23350214977004,2.5089877598739e-05,0.000858843864990901,0.000592540271810649,"UGT1A8/NR1H4/APOA4/UGT1A7/ADIPOQ/EDN2/UGT1A3/AVPR1A/UGT1A9/UGT1A4/UGT1A10/APOC2/UGT1A1/APOA5/UGT1A6/APOC3",16
"GO:0045471","response to ethanol","12/377","114/15234",0.105263157894737,4.25352505933268,4.75584206285254,5.55428960761714,2.52681048542087e-05,0.000858843864990901,0.000592540271810649,"CHRNB2/CARTPT/ACTC1/CDO1/CSF3/RBP4/KCNC2/CLDN18/TAT/HMGCS2/S100A8/GRIA1",12
"GO:0009620","response to fungus","8/377","50/15234",0.16,6.46535809018568,7.6474383791457,6.16606873007196,2.8254779638147e-05,0.000950142111023221,0.000655529471274046,"ARG1/LTF/HRG/HAMP/CHGA/DCD/S100A12/S100A8",8
"GO:0030449","regulation of complement activation","6/377","26/15234",0.230769230769231,9.32503570699857,11.9975741239892,6.76759812526712,3.34030841482214e-05,0.0011097890244339,0.000765674317528608,"CFHR1/CFHR5/MASP1/CFHR2/C4BPA/C4BPB",6
"GO:0030239","myofibril assembly","9/377","66/15234",0.136363636363636,5.51024837231734,6.35011441647597,5.84932969252866,3.37044436398781e-05,0.0011097890244339,0.000765674317528608,"ACTC1/TNNT1/NRAP/ACTA1/MYBPC1/MYPN/ACTN2/KLHL41/TNNT3",9
"GO:0090207","regulation of triglyceride metabolic process","7/377","38/15234",0.184210526315789,7.44366885383219,9.04812554489974,6.33516898590891,3.49953610582049e-05,0.00114041583819573,0.000786804608249517,"APOA4/AADAC/APOH/APOC2/APOA5/CIDEC/APOC3",7
"GO:0006869","lipid transport","24/377","388/15234",0.0618556701030928,2.49949410703055,2.70703234442611,4.76599664718183,3.79308688974036e-05,0.00122346404678258,0.00084410187739862,"NR1H4/CYP4A11/APOA4/SLC22A7/APOA1/APOB/ADIPOQ/RBP4/APOA2/FABP1/APOF/SLCO1B1/PRAP1/PLA2G2A/APOH/APOC2/FABP4/XKR7/APOD/APOA5/LBP/CIDEC/SFTPA1/APOC3",24
"GO:0072376","protein activation cascade","6/377","27/15234",0.222222222222222,8.97966401414677,11.4254909510974,6.61062541905015,4.20572525309167e-05,0.00134285833586089,0.000926475318470879,"FGB/F2/APOH/FGA/F9/FGG",6
"GO:0006957","complement activation, alternative pathway","5/377","17/15234",0.294117647058824,11.8848494304884,16.6274641577061,7.15286783705512,4.37574424204214e-05,0.00136947797515794,0.000944840948066132,"C9/CFHR5/MASP1/C8B/C8A",5
"GO:0051917","regulation of fibrinolysis","5/377","17/15234",0.294117647058824,11.8848494304884,16.6274641577061,7.15286783705512,4.37574424204214e-05,0.00136947797515794,0.000944840948066132,"PLG/HRG/F2/VTN/APOH",5
"GO:0055001","muscle cell development","13/377","140/15234",0.0928571428571429,3.75221674876847,4.14229471316085,5.21125485723314,4.46797285540251e-05,0.00138463354862033,0.000955297199760895,"ACTC1/TNNT1/NRAP/ACTA1/MYBPC1/KLHL40/MYPN/TBX5/ACTN2/KLHL41/TNNT3/IGF1/MYF6",13
"GO:0042632","cholesterol homeostasis","10/377","85/15234",0.117647058823529,4.75393977219535,5.37039055404178,5.5284401849405,4.58999506837819e-05,0.00140863829234403,0.000971858740164908,"NR1H4/APOA4/APOA1/APOB/APOA2/HNF4A/APOC2/APOA5/APOC3/NEGR1",10
"GO:0042060","wound healing","23/377","369/15234",0.0623306233062331,2.51868624787044,2.72487018712648,4.70431745637124,4.89038954456954e-05,0.0014863962836908,0.00102550614128893,"TSPAN8/SAA1/PLG/FGB/HRG/F2/APCS/SERPINA1/VTN/SFTA3/FGL1/KNG1/HNF4A/CPB2/SERPINA10/SERPINC1/APOH/MMP12/IGF1/FGA/C4BPB/F9/FGG",23
"GO:0055092","sterol homeostasis","10/377","86/15234",0.116279069767442,4.69866140275122,5.29936899469382,5.47916005589395,5.0814177574973e-05,0.00152974871728085,0.0010554161911015,"NR1H4/APOA4/APOA1/APOB/APOA2/HNF4A/APOC2/APOA5/APOC3/NEGR1",10
"GO:0043691","reverse cholesterol transport","5/377","18/15234",0.277777777777778,11.2245800176835,15.3473945409429,6.91399904621279,5.93620933698374e-05,0.00177022242586845,0.00122132569160346,"APOA4/APOA1/APOA2/APOC2/APOC3",5
"GO:0006544","glycine metabolic process","4/377","10/15234",0.4,16.1633952254642,26.5433422698838,7.64064288267372,6.88822381107014e-05,0.00199758490521034,0.00137818939035063,"BAAT/HAO1/AGXT/GLDC",4
"GO:0019585","glucuronate metabolic process","4/377","10/15234",0.4,16.1633952254642,26.5433422698838,7.64064288267372,6.88822381107014e-05,0.00199758490521034,0.00137818939035063,"UGT1A4/UGT1A10/UGT1A1/UGT1A6",4
"GO:0070508","cholesterol import","4/377","10/15234",0.4,16.1633952254642,26.5433422698838,7.64064288267372,6.88822381107014e-05,0.00199758490521034,0.00137818939035063,"APOA1/ADIPOQ/APOA2/APOC3",4
"GO:0050994","regulation of lipid catabolic process","8/377","58/15234",0.137931034482759,5.57358456050489,6.42037940379404,5.55891310597114,8.49117533811774e-05,0.00244005502216274,0.00168346183165734,"CARTPT/APOA4/AADAC/APOA2/APOC2/APOA5/CIDEC/APOC3",8
"GO:1903034","regulation of response to wounding","13/377","150/15234",0.0866666666666667,3.50206896551724,3.83733055265902,4.90551353444908,9.12603920385115e-05,0.00257655453378423,0.00177763664155608,"TSPAN8/PLG/FGB/HRG/F2/APCS/VTN/KNG1/CPB2/SERPINC1/APOH/FGA/FGG",13
"GO:0009611","response to wounding","26/377","463/15234",0.0561555075593952,2.26915915692262,2.44427493855411,4.41773304172674,9.12920303017507e-05,0.00257655453378423,0.00177763664155608,"TSPAN8/SAA1/APOA4/PLG/FGB/HRG/F2/APCS/SERPINA1/VTN/SFTA3/FGL1/KNG1/HNF4A/CPB2/SERPINA10/SERPINC1/APOH/MMP12/APOD/HOXB13/IGF1/FGA/C4BPB/F9/FGG",26
"GO:0070328","triglyceride homeostasis","7/377","44/15234",0.159090909090909,6.42862310103689,7.57779401022644,5.74427173570902,9.3532419400803e-05,0.00261642458164547,0.00180514409658931,"NR1H4/APOA1/HNF4A/ACSM2A/APOC2/APOA5/APOC3",7
"GO:0007585","respiratory gaseous exchange by respiratory system","6/377","32/15234",0.1875,7.57659151193634,9.22517105535973,5.93230302827215,0.000115974794785241,0.00321575724838725,0.00221864037423919,"SFTPB/ATP1A2/GRPR/SFTPC/SFTPA2/SFTPA1",6
"GO:0009743","response to carbohydrate","14/377","175/15234",0.08,3.23267904509284,3.52042160737813,4.73200384095791,0.000117321627614801,0.00322481447730771,0.00222488920840468,"SLC2A2/CARTPT/G6PC1/NR1H4/ADIPOQ/SLC30A8/LCN2/APOA2/HNF4A/PCK1/HMGCS2/CA1/GRIA1/NKX2-2",14
"GO:0016485","protein processing","15/377","199/15234",0.0753768844221105,3.04586593444677,3.30433281287533,4.62753622817197,0.00013183654546714,0.00358283472044479,0.00247189733273286,"CPA3/FGB/F2/SLC30A8/HJV/MME/APOH/TMPRSS3/MASP1/HP/HPR/FGA/PCSK1/F9/FGG",15
"GO:0042359","vitamin D metabolic process","5/377","21/15234",0.238095238095238,9.62106858658583,12.4672379032258,6.2973981092447,0.000132613622996533,0.00358283472044479,0.00247189733273286,"FGF23/LRP2/UGT1A3/UGT1A4/GC",5
"GO:0050804","modulation of chemical synaptic transmission","24/377","422/15234",0.0568720379146919,2.29811306523188,2.46997024783977,4.30784163409121,0.000140160560351369,0.00375331184294461,0.00258951424148799,"CHRNB2/UNC13A/PLG/GRIK3/CBLN2/ADIPOQ/ATP1A2/GLRA3/CHRNA1/GRIA2/VGF/SYT13/RIMS2/CPLX2/MME/CHRDL1/NXPH4/SYT5/NXPH1/SHISA9/SYT4/IGF1/GRIA1/SLC4A10",24
"GO:0001523","retinoid metabolic process","9/377","79/15234",0.113924050632911,4.60349864016385,5.16626552795031,5.11514291547788,0.000141298357896364,0.00375331184294461,0.00258951424148799,"UGT1A8/UGT1A7/LRP2/SDR16C5/RBP4/UGT1A3/UGT1A9/TTR/UGT1A1",9
"GO:0099177","regulation of trans-synaptic signaling","24/377","424/15234",0.0566037735849057,2.2872729092638,2.45728045325779,4.28226819278046,0.000150546388430618,0.00396564278190986,0.00273600726241632,"CHRNB2/UNC13A/PLG/GRIK3/CBLN2/ADIPOQ/ATP1A2/GLRA3/CHRNA1/GRIA2/VGF/SYT13/RIMS2/CPLX2/MME/CHRDL1/NXPH4/SYT5/NXPH1/SHISA9/SYT4/IGF1/GRIA1/SLC4A10",24
"GO:0050829","defense response to Gram-negative bacterium","8/377","63/15234",0.126984126984127,5.13123657951244,5.83473762010347,5.23408861378599,0.00015408009929426,0.00396632671358366,0.00273647912590212,"LTF/F2/DMBT1/HAMP/CHGA/DEFB1/DCD/LBP",8
"GO:0060541","respiratory system development","9/377","80/15234",0.1125,4.5459549071618,5.09315676668708,5.06538424243015,0.000155793439657944,0.00396632671358366,0.00273647912590212,"ASCL1/SOX11/NKX2-1/RBP4/TCF21/MME/CLDN18/HMGCS2/WT1",9
"GO:0034384","high-density lipoprotein particle clearance","4/377","12/15234",0.333333333333333,13.4694960212202,19.9048257372654,6.88337610162062,0.000156097169288018,0.00396632671358366,0.00273647912590212,"APOA1/APOA2/APOC2/APOC3",4
"GO:0032102","negative regulation of response to external stimulus","21/377","347/15234",0.0605187319884726,2.44547045918406,2.62934273109533,4.33878568063979,0.000156498743564552,0.00396632671358366,0.00273647912590212,"TSPAN8/NR1H4/SAA1/ARG1/APOA1/PLG/ADIPOQ/FGB/LTF/HRG/F2/APCS/VTN/KNG1/CPB2/APOH/CXCL13/MMP12/IGF1/FGA/FGG",21
"GO:0044057","regulation of system process","26/377","479/15234",0.0542797494780793,2.19336260888345,2.35532662905731,4.22735198609544,0.000157548588588793,0.00396632671358366,0.00273647912590212,"CARTPT/SLN/TNNT1/ADIPOQ/UNC80/ATP1A2/FGB/EDN2/TNNC2/AVPR1A/TRDN/HAMP/RIMS2/TRIM63/PRAP1/CHGA/TBX5/DES/TNNT3/TMEM100/KCNJ3/IGF1/GRIA1/FGA/STRIT1/FGG",26
"GO:1901605","alpha-amino acid metabolic process","14/377","180/15234",0.0777777777777778,3.14288240495137,3.41322314049587,4.60687544048565,0.000158100969918235,0.00396632671358366,0.00273647912590212,"HPD/NR1H4/ARG1/BAAT/CDO1/HAO1/HGD/HNF4A/PAH/NMNAT2/AGXT/TAT/GLDC/MAT1A",14
"GO:0034377","plasma lipoprotein particle assembly","5/377","22/15234",0.227272727272727,9.18374728719556,11.7330803289058,6.11882773381865,0.000168155368135081,0.00415264936464836,0.00286502830556882,"APOA4/APOA1/APOB/APOA2/APOC3",5
"GO:0090208","positive regulation of triglyceride metabolic process","5/377","22/15234",0.227272727272727,9.18374728719556,11.7330803289058,6.11882773381865,0.000168155368135081,0.00415264936464836,0.00286502830556882,"APOA4/AADAC/APOH/APOC2/APOA5",5
"GO:0009914","hormone transport","17/377","251/15234",0.0677290836653386,2.7368298688535,2.95098528015195,4.41969789668612,0.000176941502305703,0.00430240068298712,0.00296834590553024,"FGF23/SLC2A2/CARTPT/NR1H4/FGB/SOX11/TFAP2B/RBP4/SLC30A8/HNF4A/SLCO1B1/RIMS2/CHGA/ADCYAP1/FGA/SERPINA7/FGG",17
"GO:0051146","striated muscle cell differentiation","17/377","251/15234",0.0677290836653386,2.7368298688535,2.95098528015195,4.41969789668612,0.000176941502305703,0.00430240068298712,0.00296834590553024,"ACTC1/TNNT1/NRAP/SCGB3A1/ACTA1/AVPR1A/MYBPC1/KLHL40/MYPN/CEACAM5/TBX5/ACTN2/KLHL41/TNNT3/IGF1/WT1/MYF6",17
"GO:1903530","regulation of secretion by cell","25/377","457/15234",0.0547045951859956,2.21052998160068,2.37153435395623,4.18541328105484,0.000186731221169165,0.00450578160393688,0.00310866406007857,"CHRNB2/FGF23/SLC2A2/CARTPT/NR1H4/SAA1/CD177/FGB/SOX11/TFAP2B/RBP4/SLC30A8/AVPR1A/SYT13/HNF4A/RIMS2/CPLX2/CHGA/ADCYAP1/SYT5/SYT4/IGF1/FGA/TRPV6/FGG",25
"GO:0016101","diterpenoid metabolic process","9/377","82/15234",0.109756097560976,4.43507795820664,4.95294818344253,4.96828359114767,0.000188521193337092,0.0045145113040799,0.00311468692303006,"UGT1A8/UGT1A7/LRP2/SDR16C5/RBP4/UGT1A3/UGT1A9/TTR/UGT1A1",9
"GO:0045723","positive regulation of fatty acid biosynthetic process","5/377","23/15234",0.217391304347826,8.78445392688271,11.080495818399,5.95128874463646,0.000210532982857496,0.00500371999107178,0.0034522056038736,"APOA4/EDN2/AVPR1A/APOC2/APOA5",5
"GO:0030324","lung development","8/377","66/15234",0.121212121212121,4.89799855317097,5.5318194561256,5.05530445250887,0.000214247819740269,0.00505401013581337,0.003486902173587,"ASCL1/SOX11/NKX2-1/RBP4/TCF21/MME/CLDN18/HMGCS2",8
"GO:0006570","tyrosine metabolic process","4/377","13/15234",0.307692307692308,12.4333809426648,17.6919868930593,6.5693528845366,0.00022108397652515,0.00513857683673529,0.00354524709283601,"HPD/HGD/PAH/TAT",4
"GO:0034116","positive regulation of heterotypic cell-cell adhesion","4/377","13/15234",0.307692307692308,12.4333809426648,17.6919868930593,6.5693528845366,0.00022108397652515,0.00513857683673529,0.00354524709283601,"CEACAM6/FGB/FGA/FGG",4
"GO:0170039","proteinogenic amino acid metabolic process","12/377","143/15234",0.0839160839160839,3.39092207527221,3.69574401338492,4.57585512068663,0.000228823458531001,0.00526516800724377,0.00363258586259332,"HPD/ARG1/BAAT/CDO1/HAO1/HGD/PAH/NMNAT2/AGXT/TAT/GLDC/MAT1A",12
"GO:0010038","response to metal ion","18/377","281/15234",0.0640569395017794,2.58844407525227,2.7822531959287,4.28113336286017,0.000229861811135603,0.00526516800724377,0.00363258586259332,"FGF23/MT1G/SLC13A5/FGB/MT1H/SLC30A8/LCN2/KCNK3/HAMP/KCNC2/TFF1/TAT/HMGCS2/S100A8/GRIA1/FGA/TRPV6/FGG",18
"GO:0015711","organic anion transport","22/377","384/15234",0.0572916666666667,2.31506962864721,2.48144113298576,4.15765996636862,0.000238683302235122,0.00542789869327498,0.00374485828935612,"SLC2A2/RTBDN/NR1H4/CYP4A11/SLC38A4/SLC22A7/SLC13A5/LRP2/ATP1A2/SLC1A2/FABP1/UGT1A3/AVPR1A/SLCO1B1/CA4/SLC4A1/PLA2G2A/FABP4/SLC25A47/SYT4/ALB/SLC4A10",22
"GO:0098739","import across plasma membrane","16/377","235/15234",0.0680851063829787,2.75121620858965,2.96244576835022,4.30963392509801,0.000257052754494111,0.00580388397825632,0.00400426099576307,"SLC2A2/CARTPT/SLC38A4/LRP2/ADIPOQ/ATP1A2/ITLN1/FGF21/SLC30A8/SLC1A2/LCN2/SCNN1G/PDZK1IP1/KCNJ3/IGF1/TRPV6",16
"GO:0065005","protein-lipid complex assembly","5/377","24/15234",0.208333333333333,8.4184350132626,10.4966044142615,5.79363518331158,0.000260577627736779,0.00583912554409004,0.00402857513230099,"APOA4/APOA1/APOB/APOA2/APOC3",5
"GO:0030323","respiratory tube development","8/377","68/15234",0.117647058823529,4.75393977219535,5.34670280036134,4.94201507196554,0.000264155315661144,0.00583912554409004,0.00402857513230099,"ASCL1/SOX11/NKX2-1/RBP4/TCF21/MME/CLDN18/HMGCS2",8
"GO:0046503","glycerolipid catabolic process","8/377","68/15234",0.117647058823529,4.75393977219535,5.34670280036134,4.94201507196554,0.000264155315661144,0.00583912554409004,0.00402857513230099,"APOA4/AADAC/APOA2/FABP1/APOC2/FABP4/APOA5/APOC3",8
"GO:0051703","biological process involved in intraspecies interaction between organisms","6/377","37/15234",0.162162162162162,6.5527277941071,7.73463177115033,5.38674167034031,0.000268062394476352,0.00588434186763714,0.00405977113164036,"CHRNB2/LTF/MUC5B/AVPR1A/BPIFA1/GRPR",6
"GO:0051046","regulation of secretion","26/377","496/15234",0.0524193548387097,2.11818687430478,2.26745468873128,4.03305167551175,0.000272076442973653,0.00593126645682563,0.00409214571096235,"CHRNB2/FGF23/SLC2A2/CARTPT/NR1H4/CYP4A11/SAA1/CD177/FGB/SOX11/TFAP2B/RBP4/SLC30A8/AVPR1A/SYT13/HNF4A/RIMS2/CPLX2/CHGA/ADCYAP1/SYT5/SYT4/IGF1/FGA/TRPV6/FGG",26
"GO:0033344","cholesterol efflux","7/377","52/15234",0.134615384615385,5.43960416241583,6.22726726726727,5.10833373527044,0.000275571104217526,0.00596630315364109,0.004116318502666,"APOA4/APOA1/ADIPOQ/APOA2/APOC2/APOA5/APOC3",7
"GO:0055080","monoatomic cation homeostasis","23/377","416/15234",0.0552884615384615,2.23412313813507,2.39122496801369,4.06544602371808,0.000288977508745172,0.00621399935471762,0.00428721100163483,"FGF23/CARTPT/CYP4A11/MT1G/UNC80/ATP1A2/EDN2/MT1H/F2/SLC30A8/LCN2/AVPR1A/SCNN1G/TRDN/SCARA5/HAMP/HJV/SLC4A1/SCN7A/TMPRSS3/CNR1/SLC4A10/TRPV6",23
"GO:0050830","defense response to Gram-positive bacterium","8/377","69/15234",0.115942028985507,4.68504209433745,5.25869652139144,4.88701447852653,0.000292458296235076,0.00624635590810186,0.00430953468783519,"DMBT1/CRP/HAMP/PLA2G2A/CHGA/DEFB1/DCD/LBP",8
"GO:0032372","negative regulation of sterol transport","4/377","14/15234",0.285714285714286,11.545282303903,15.9217158176944,6.28800294825897,0.000303496521562533,0.00635332784542495,0.00438333760289496,"ADIPOQ/APOA2/APOC2/APOC3",4
"GO:0032375","negative regulation of cholesterol transport","4/377","14/15234",0.285714285714286,11.545282303903,15.9217158176944,6.28800294825897,0.000303496521562533,0.00635332784542495,0.00438333760289496,"ADIPOQ/APOA2/APOC2/APOC3",4
"GO:0044406","adhesion of symbiont to host","4/377","14/15234",0.285714285714286,11.545282303903,15.9217158176944,6.28800294825897,0.000303496521562533,0.00635332784542495,0.00438333760289496,"LRRC15/LTF/MUC5B/BPIFA1",4
"GO:0045923","positive regulation of fatty acid metabolic process","6/377","38/15234",0.157894736842105,6.38028758899902,7.49241913746631,5.28969316119125,0.000311762463242255,0.00648342859413662,0.00447309772827608,"APOA4/ADIPOQ/EDN2/AVPR1A/APOC2/APOA5",6
"GO:0170040","proteinogenic amino acid catabolic process","9/377","88/15234",0.102272727272727,4.132686279238,4.57491744634012,4.69469193534352,0.000322756129477243,0.00666818382534356,0.00460056550138401,"HPD/ARG1/CDO1/HGD/PAH/AGXT/TAT/GLDC/MAT1A",9
"GO:0030194","positive regulation of blood coagulation","5/377","26/15234",0.192307692307692,7.77086308916548,9.49564772145417,5.50417823555462,0.000387200376524657,0.00784577173201565,0.00541301615364291,"PLG/HRG/F2/VTN/APOH",5
"GO:0050996","positive regulation of lipid catabolic process","5/377","26/15234",0.192307692307692,7.77086308916548,9.49564772145417,5.50417823555462,0.000387200376524657,0.00784577173201565,0.00541301615364291,"APOA4/AADAC/APOA2/APOC2/APOA5",5
"GO:1900048","positive regulation of hemostasis","5/377","26/15234",0.192307692307692,7.77086308916548,9.49564772145417,5.50417823555462,0.000387200376524657,0.00784577173201565,0.00541301615364291,"PLG/HRG/F2/VTN/APOH",5
"GO:0050801","monoatomic ion homeostasis","23/377","426/15234",0.0539906103286385,2.18167893301453,2.33027715859865,3.94052352083785,0.000404164402426734,0.00811886213108345,0.00560142881616362,"FGF23/CARTPT/CYP4A11/MT1G/UNC80/ATP1A2/EDN2/MT1H/F2/SLC30A8/LCN2/AVPR1A/SCNN1G/TRDN/SCARA5/HAMP/HJV/SLC4A1/SCN7A/TMPRSS3/CNR1/SLC4A10/TRPV6",23
"GO:0002922","positive regulation of humoral immune response","4/377","15/15234",0.266666666666667,10.7755968169761,14.4733122105776,6.03383856926724,0.000405814684185759,0.00811886213108345,0.00560142881616362,"PGC/CFHR1/CFHR5/CFHR2",4
"GO:1902652","secondary alcohol metabolic process","11/377","131/15234",0.083969465648855,3.3930791503837,3.69096083788707,4.38186440239928,0.000411870673402025,0.00818819621775975,0.00564926433113857,"NR1H4/APOA4/APOA1/APOB/CYP2C9/SULT2A1/UGT1A3/APOF/UGT1A4/APOA5/HMGCS2",11
"GO:0090277","positive regulation of peptide hormone secretion","9/377","92/15234",0.0978260869565217,3.95300426709722,4.35326086956522,4.52547532996637,0.000450076484224861,0.00889182354146741,0.00613471639365933,"SLC2A2/CARTPT/NR1H4/FGB/RBP4/SLC30A8/ADCYAP1/FGA/FGG",9
"GO:0055088","lipid homeostasis","12/377","155/15234",0.0774193548387097,3.12839907589629,3.38285276367468,4.24258424282885,0.000479614062373115,0.00941652205690321,0.00649672049432118,"G6PC1/NR1H4/APOA4/APOA1/APOB/APOA2/HNF4A/ACSM2A/APOC2/APOA5/APOC3/NEGR1",12
"GO:0002793","positive regulation of peptide secretion","9/377","93/15234",0.0967741935483871,3.91049884487037,4.3011451863354,4.48465935198766,0.000487640856510196,0.0095150169594366,0.00656467486728479,"SLC2A2/CARTPT/NR1H4/FGB/RBP4/SLC30A8/ADCYAP1/FGA/FGG",9
"GO:0097305","response to alcohol","15/377","225/15234",0.0666666666666667,2.69389920424403,2.89009471191792,4.07756392884023,0.000496554163607239,0.00962949516050603,0.00664365656249523,"CHRNB2/CARTPT/ACTC1/CDO1/CSF3/CCL21/RBP4/AVPR1A/SCNN1G/KCNC2/CLDN18/TAT/HMGCS2/S100A8/GRIA1",15
"GO:0034284","response to monosaccharide","12/377","156/15234",0.0769230769230769,3.10834523566619,3.35913242009132,4.21628530754692,0.000508260651809729,0.00979641414860094,0.00675881861535238,"SLC2A2/CARTPT/NR1H4/ADIPOQ/SLC30A8/LCN2/APOA2/HNF4A/PCK1/HMGCS2/CA1/NKX2-2",12
"GO:0023061","signal release","21/377","379/15234",0.0554089709762533,2.23899274231364,2.38904494382022,3.89089824972383,0.000511667788603438,0.00980231442288162,0.00676288937869895,"CHRNB2/FGF23/SLC2A2/UNC13A/CARTPT/NR1H4/FGB/SOX11/TFAP2B/RBP4/SLC30A8/SYT13/HNF4A/RIMS2/CPLX2/CHGA/ADCYAP1/SYT5/SYT4/FGA/FGG",21
"GO:0034383","low-density lipoprotein particle clearance","5/377","28/15234",0.178571428571429,7.21580143993937,8.66877045348294,5.24404596616402,0.000555473046869711,0.0105140736596117,0.00725395187420885,"NR1H4/APOB/ADIPOQ/FGF21/APOC3",5
"GO:0050820","positive regulation of coagulation","5/377","28/15234",0.178571428571429,7.21580143993937,8.66877045348294,5.24404596616402,0.000555473046869711,0.0105140736596117,0.00725395187420885,"PLG/HRG/F2/VTN/APOH",5
"GO:1905952","regulation of lipid localization","11/377","136/15234",0.0808823529411765,3.2683335933843,3.54212021857923,4.23267090353069,0.00056647902609569,0.0106585726279076,0.00735364573177782,"CYP4A11/APOA4/APOA1/APOB/ADIPOQ/APOA2/CRP/VSTM2A/PRAP1/APOC2/APOC3",11
"GO:0098771","inorganic ion homeostasis","20/377","356/15234",0.0561797752808989,2.27013977885733,2.42113512071495,3.86279867668191,0.000581872816808861,0.010883431798419,0.00750878232813152,"FGF23/CARTPT/CYP4A11/MT1G/ATP1A2/EDN2/MT1H/F2/SLC30A8/LCN2/SCNN1G/TRDN/SCARA5/HAMP/SLC34A2/HJV/SCN7A/TMPRSS3/CNR1/TRPV6",20
"GO:0045109","intermediate filament organization","6/377","43/15234",0.13953488372093,5.63839368330146,6.47774459095214,4.85184018256586,0.00062046774397374,0.0115370502276529,0.00795973186332184,"KRT80/PKP1/KRT17/KRT5/DES/KRT7",6
"GO:0015850","organic hydroxy compound transport","15/377","230/15234",0.0652173913043478,2.63533617806481,2.82191956828986,3.98075335095276,0.00062431806173303,0.0115407566850182,0.0079622890513559,"CHRNB2/CARTPT/NR1H4/APOA4/APOA1/APOB/ADIPOQ/RBP4/APOA2/SLCO1B1/CHGA/APOC2/APOA5/SYT4/APOC3",15
"GO:0046883","regulation of hormone secretion","14/377","207/15234",0.0676328502415459,2.73294122169684,2.93033015030189,3.99880932744723,0.000657952093027371,0.0120917823608112,0.00834245699225687,"FGF23/SLC2A2/CARTPT/NR1H4/FGB/SOX11/TFAP2B/RBP4/SLC30A8/HNF4A/CHGA/ADCYAP1/FGA/FGG",14
"GO:1901606","alpha-amino acid catabolic process","9/377","97/15234",0.0927835051546392,3.74924116054582,4.10452692687747,4.32689776103983,0.000664567806024353,0.0121427678314623,0.00837763328665625,"HPD/ARG1/CDO1/HGD/PAH/AGXT/TAT/GLDC/MAT1A",9
"GO:0090276","regulation of peptide hormone secretion","12/377","161/15234",0.0745341614906832,3.01181277493122,3.24530661027857,4.08788325598164,0.000674038758285965,0.0122164974366381,0.00842850139210851,"SLC2A2/CARTPT/NR1H4/FGB/TFAP2B/RBP4/SLC30A8/HNF4A/CHGA/ADCYAP1/FGA/FGG",12
"GO:0042157","lipoprotein metabolic process","8/377","78/15234",0.102564102564103,4.14446031422159,4.57979094076655,4.43505444312361,0.000676332505982814,0.0122164974366381,0.00842850139210851,"APOA4/ZDHHC22/APOA1/APOA2/APOC2/APOD/APOA5/APOC3",8
"GO:1903027","regulation of opsonization","4/377","17/15234",0.235294117647059,9.5078795443907,12.2449989688596,5.59086630855499,0.000680368631421124,0.0122195752495578,0.00843062486085334,"MASP1/C4BPA/C4BPB/COLEC11",4
"GO:0009306","protein secretion","17/377","284/15234",0.0598591549295775,2.41881794747263,2.5804203079484,3.84470552380271,0.000737024779257287,0.0131623464815383,0.00908106895764959,"SLC2A2/CARTPT/NR1H4/SAA1/FGB/TFAP2B/RBP4/SLC30A8/HNF4A/RIMS2/CHGA/ADCYAP1/SYT4/IGF1/FGA/NEGR1/FGG",17
"GO:0060538","skeletal muscle organ development","9/377","99/15234",0.0909090909090909,3.67349891487823,4.01277173913043,4.25112848613129,0.000770929139605745,0.013690488821875,0.00944544904890301,"ACTA1/CHRNA1/TCF21/KLHL40/KLHL41/DES/WT1/MYF6/PAX7",9
"GO:0030072","peptide hormone secretion","13/377","187/15234",0.0695187165775401,2.80914622902453,3.01375205254516,3.96522055234808,0.000787346626354801,0.0139039256195951,0.00959270503254653,"SLC2A2/CARTPT/NR1H4/FGB/TFAP2B/RBP4/SLC30A8/HNF4A/RIMS2/CHGA/ADCYAP1/FGA/FGG",13
"GO:0002791","regulation of peptide secretion","12/377","164/15234",0.0731707317073171,2.95671863880443,3.18060562364816,4.01320656718532,0.000793685896403079,0.0139166268253708,0.00960146794770426,"SLC2A2/CARTPT/NR1H4/FGB/TFAP2B/RBP4/SLC30A8/HNF4A/CHGA/ADCYAP1/FGA/FGG",12
"GO:0071692","protein localization to extracellular region","17/377","286/15234",0.0594405594405594,2.40190313665115,2.5608839322594,3.81247771587237,0.000796871070987698,0.0139166268253708,0.00960146794770426,"SLC2A2/CARTPT/NR1H4/SAA1/FGB/TFAP2B/RBP4/SLC30A8/HNF4A/RIMS2/CHGA/ADCYAP1/SYT4/IGF1/FGA/NEGR1/FGG",17
"GO:0035592","establishment of protein localization to extracellular region","17/377","287/15234",0.0592334494773519,2.39353413617501,2.55122427983539,3.79646479767187,0.000828320633140092,0.0143537430792045,0.00990304660992386,"SLC2A2/CARTPT/NR1H4/SAA1/FGB/TFAP2B/RBP4/SLC30A8/HNF4A/RIMS2/CHGA/ADCYAP1/SYT4/IGF1/FGA/NEGR1/FGG",17
"GO:0050708","regulation of protein secretion","14/377","212/15234",0.0660377358490566,2.66848506080777,2.85535798758939,3.8969443915046,0.000831486332991764,0.0143537430792045,0.00990304660992386,"SLC2A2/CARTPT/NR1H4/SAA1/FGB/TFAP2B/RBP4/SLC30A8/HNF4A/CHGA/SYT4/IGF1/FGA/FGG",14
"GO:0051047","positive regulation of secretion","16/377","262/15234",0.0610687022900763,2.46769392755178,2.63243474540009,3.81719255653193,0.000846844935534512,0.0143537430792045,0.00990304660992386,"CHRNB2/SLC2A2/CARTPT/NR1H4/CYP4A11/CD177/FGB/SOX11/RBP4/SLC30A8/AVPR1A/ADCYAP1/SYT4/IGF1/FGA/FGG",16
"GO:0034375","high-density lipoprotein particle remodeling","4/377","18/15234",0.222222222222222,8.97966401414677,11.3695901953275,5.39595653684456,0.000857799070864349,0.0143537430792045,0.00990304660992386,"APOA4/APOA1/APOA2/APOC3",4
"GO:0006835","dicarboxylic acid transport","8/377","81/15234",0.0987654320987654,3.99096178406523,4.39068938634592,4.29934103951723,0.00087015642704886,0.0143537430792045,0.00990304660992386,"SLC22A7/SLC13A5/LRP2/ATP1A2/SLC1A2/AVPR1A/SYT4/ALB",8
"GO:0090087","regulation of peptide transport","12/377","166/15234",0.072289156626506,2.92109552267425,3.13887208681729,3.96435951670481,0.000882921987732874,0.0143537430792045,0.00990304660992386,"SLC2A2/CARTPT/NR1H4/FGB/TFAP2B/RBP4/SLC30A8/HNF4A/CHGA/ADCYAP1/FGA/FGG",12
"GO:0046879","hormone secretion","15/377","238/15234",0.0630252100840336,2.54675344939037,2.71919827564849,3.83106649784388,0.000886747384802268,0.0143537430792045,0.00990304660992386,"FGF23/SLC2A2/CARTPT/NR1H4/FGB/SOX11/TFAP2B/RBP4/SLC30A8/HNF4A/RIMS2/CHGA/ADCYAP1/FGA/FGG",15
"GO:0010927","cellular component assembly involved in morphogenesis","9/377","101/15234",0.0891089108910891,3.60075636210836,3.9250059073724,4.1773000854595,0.000890764123707834,0.0143537430792045,0.00990304660992386,"ACTC1/TNNT1/NRAP/ACTA1/MYBPC1/MYPN/ACTN2/KLHL41/TNNT3",9
"GO:0032989","cellular anatomical entity morphogenesis","9/377","101/15234",0.0891089108910891,3.60075636210836,3.9250059073724,4.1773000854595,0.000890764123707834,0.0143537430792045,0.00990304660992386,"ACTC1/TNNT1/NRAP/ACTA1/MYBPC1/MYPN/ACTN2/KLHL41/TNNT3",9
"GO:0042168","heme metabolic process","6/377","46/15234",0.130434782608696,5.27067235612963,5.99070080862534,4.62085892741841,0.000895747341783983,0.0143537430792045,0.00990304660992386,"AMBP/FABP1/SLCO1B1/UGT1A4/UGT1A1/ALB",6
"GO:0042304","regulation of fatty acid biosynthetic process","6/377","46/15234",0.130434782608696,5.27067235612963,5.99070080862534,4.62085892741841,0.000895747341783983,0.0143537430792045,0.00990304660992386,"APOA4/EDN2/AVPR1A/APOC2/APOA5/APOC3",6
"GO:0046887","positive regulation of hormone secretion","10/377","122/15234",0.0819672131147541,3.31217115275906,3.58724211755547,4.08447983091139,0.000901561793059673,0.0143537430792045,0.00990304660992386,"SLC2A2/CARTPT/NR1H4/FGB/SOX11/RBP4/SLC30A8/ADCYAP1/FGA/FGG",10
"GO:0098704","carbohydrate import across plasma membrane","7/377","63/15234",0.111111111111111,4.48983200707339,5.00033783783784,4.42145822943997,0.00090317936576715,0.0143537430792045,0.00990304660992386,"SLC2A2/CARTPT/ADIPOQ/ITLN1/FGF21/PDZK1IP1/IGF1",7
"GO:0098708","D-glucose import across plasma membrane","7/377","63/15234",0.111111111111111,4.48983200707339,5.00033783783784,4.42145822943997,0.00090317936576715,0.0143537430792045,0.00990304660992386,"SLC2A2/CARTPT/ADIPOQ/ITLN1/FGF21/PDZK1IP1/IGF1",7
"GO:0140271","hexose import across plasma membrane","7/377","63/15234",0.111111111111111,4.48983200707339,5.00033783783784,4.42145822943997,0.00090317936576715,0.0143537430792045,0.00990304660992386,"SLC2A2/CARTPT/ADIPOQ/ITLN1/FGF21/PDZK1IP1/IGF1",7
"GO:0031424","keratinization","5/377","31/15234",0.161290322580645,6.51749807478395,7.66697684036394,4.89842230424835,0.000903636467181807,0.0143537430792045,0.00990304660992386,"KRT80/KRT5/CDH3/KRT7/CASP14",5
"GO:0042573","retinoic acid metabolic process","5/377","31/15234",0.161290322580645,6.51749807478395,7.66697684036394,4.89842230424835,0.000903636467181807,0.0143537430792045,0.00990304660992386,"UGT1A8/UGT1A7/UGT1A3/UGT1A9/UGT1A1",5
"GO:0090075","relaxation of muscle","5/377","31/15234",0.161290322580645,6.51749807478395,7.66697684036394,4.89842230424835,0.000903636467181807,0.0143537430792045,0.00990304660992386,"CARTPT/SLN/ATP1A2/CHGA/PVALB",5
"GO:0002790","peptide secretion","13/377","190/15234",0.068421052631579,2.76479128856624,2.96206618240517,3.89929707436216,0.000912500399696769,0.0144220688172074,0.00995018643710113,"SLC2A2/CARTPT/NR1H4/FGB/TFAP2B/RBP4/SLC30A8/HNF4A/RIMS2/CHGA/ADCYAP1/FGA/FGG",13
"GO:0046394","carboxylic acid biosynthetic process","17/377","293/15234",0.0580204778156997,2.34451978526358,2.49473631239936,3.70176640090679,0.00104017881478367,0.0163582349926924,0.0112860013374086,"NR1H4/CYP4A11/APOA4/BAAT/CDO1/EDN2/CYP2C9/HAO1/CYP2E1/AVPR1A/ACSM2A/PAH/AGXT/APOC2/ACSM2B/APOA5/APOC3",17
"GO:0031630","regulation of synaptic vesicle fusion to presynaptic active zone membrane","4/377","19/15234",0.210526315789474,8.50705011866536,10.6109025915996,5.21564437790532,0.00106549623274572,0.0165912984813262,0.0114467983210438,"SYT13/CPLX2/SYT5/SYT4",4
"GO:1901632","regulation of synaptic vesicle membrane organization","4/377","19/15234",0.210526315789474,8.50705011866536,10.6109025915996,5.21564437790532,0.00106549623274572,0.0165912984813262,0.0114467983210438,"SYT13/CPLX2/SYT5/SYT4",4
"GO:0060537","muscle tissue development","16/377","268/15234",0.0597014925373134,2.41244704857674,2.56870245789913,3.71607556399273,0.00107568154488669,0.0166677909969942,0.011499572635297,"ACTC1/LRP2/NRAP/TFAP2B/RBP4/ACTA1/CHRNA1/TCF21/KLHL40/TBX5/ACTN2/KLHL41/IGF1/WT1/MYF6/PAX7",16
"GO:0008015","blood circulation","22/377","432/15234",0.0509259259259259,2.05783966990864,2.18367571281347,3.55303395050449,0.00115744538556474,0.0178472432379032,0.0123133095436037,"CARTPT/ACTC1/CPA3/ADIPOQ/ATP1A2/FGB/EDN2/AVPR1A/KCNK3/SCNN1G/TRDN/CRP/KNG1/CHGA/MME/SCN7A/TBX5/DES/KCNJ3/FGA/STRIT1/FGG",22
"GO:0016053","organic acid biosynthetic process","17/377","297/15234",0.0572390572390572,2.31294376121962,2.45842261904762,3.63990871794184,0.00120569096351207,0.0184387696752089,0.0127214200864298,"NR1H4/CYP4A11/APOA4/BAAT/CDO1/EDN2/CYP2C9/HAO1/CYP2E1/AVPR1A/ACSM2A/PAH/AGXT/APOC2/ACSM2B/APOA5/APOC3",17
"GO:0098754","detoxification","11/377","149/15234",0.0738255033557047,2.98317697114272,3.20561099231805,3.87507205260107,0.00120747400277388,0.0184387696752089,0.0127214200864298,"APOA4/MT1G/UGT1A7/MT1H/AMBP/FABP1/GPX2/HBA1/HP/UGT1A10/ALB",11
"GO:0006778","porphyrin-containing compound metabolic process","6/377","49/15234",0.122448979591837,4.94797813024414,5.57161662383251,4.40923467975585,0.00125663581066491,0.0190972394111144,0.0131757166730354,"AMBP/FABP1/SLCO1B1/UGT1A4/UGT1A1/ALB",6
"GO:0009746","response to hexose","11/377","150/15234",0.0733333333333333,2.96328912466844,3.18233282226678,3.84919101184996,0.00127486179526633,0.0192815221762529,0.0133028584786607,"SLC2A2/CARTPT/NR1H4/ADIPOQ/SLC30A8/LCN2/APOA2/HNF4A/PCK1/CA1/NKX2-2",11
"GO:1903532","positive regulation of secretion by cell","15/377","247/15234",0.0607287449392713,2.45395676499962,2.61210468660697,3.66978355291884,0.00128823553794138,0.019391012073489,0.0133783986043034,"CHRNB2/SLC2A2/CARTPT/NR1H4/CD177/FGB/SOX11/RBP4/SLC30A8/AVPR1A/ADCYAP1/SYT4/IGF1/FGA/FGG",15
"GO:0014706","striated muscle tissue development","15/377","248/15234",0.0604838709677419,2.44406177804398,2.60071609797738,3.65230118188706,0.00134104514624594,0.0200366416426893,0.0138238364027406,"ACTC1/LRP2/NRAP/RBP4/ACTA1/CHRNA1/TCF21/KLHL40/TBX5/ACTN2/KLHL41/IGF1/WT1/MYF6/PAX7",15
"GO:0009063","amino acid catabolic process","9/377","107/15234",0.0841121495327103,3.39884479040135,3.6832020851819,3.96657316199273,0.00134380513389754,0.0200366416426893,0.0138238364027406,"HPD/ARG1/CDO1/HGD/PAH/AGXT/TAT/GLDC/MAT1A",9
"GO:0031099","regeneration","10/377","130/15234",0.0769230769230769,3.10834523566619,3.34627611262489,3.84561009362118,0.00146469089912478,0.0217365630616593,0.0149966594742123,"IGFBP1/APOA4/BAAT/VTN/TM4SF4/TAT/APOD/APOA5/IGF1/MYF6",10
"GO:0042391","regulation of membrane potential","19/377","358/15234",0.053072625698324,2.14458456203785,2.27288607636657,3.49095416620201,0.00154383977047263,0.0227232563172913,0.015677406596848,"CHRNB2/GRIK3/UNC80/ATP1A2/GLRA3/CHRNA1/GRIA2/KCNH4/KCNK3/TRDN/RIMS2/SCN7A/KCNC2/TBX5/ACTN2/KCNF1/KCNJ3/GRIA1/ALB",19
"GO:0006066","alcohol metabolic process","17/377","304/15234",0.0559210526315789,2.25968518777049,2.39730933023616,3.53400162663801,0.00154920777896426,0.0227232563172913,0.015677406596848,"NR1H4/APOA4/APOA1/APOB/IP6K3/CYP2C9/SDR16C5/RBP4/SULT2A1/HAO1/UGT1A3/APOF/UGT1A4/PCK1/APOA5/HMGCS2/IGF1",17
"GO:0042246","tissue regeneration","6/377","51/15234",0.117647058823529,4.75393977219535,5.32327044025157,4.27751387628152,0.00155274386729988,0.0227232563172913,0.015677406596848,"IGFBP1/TM4SF4/APOD/APOA5/IGF1/MYF6",6
"GO:0030277","maintenance of gastrointestinal epithelium","4/377","21/15234",0.19047619047619,7.69685486926866,9.36129947957735,4.89182527294104,0.00158220227927731,0.0228803944988434,0.0157858205992112,"RBP4/MUC6/TFF1/TFF3",4
"GO:0099505","regulation of presynaptic membrane potential","4/377","21/15234",0.19047619047619,7.69685486926866,9.36129947957735,4.89182527294104,0.00158220227927731,0.0228803944988434,0.0157858205992112,"GRIK3/KCNC2/KCNJ3/GRIA1",4
"GO:0045917","positive regulation of complement activation","3/377","10/15234",0.3,12.1225464190981,17.0168067226891,5.60451032705235,0.00158519658185596,0.0228803944988434,0.0157858205992112,"CFHR1/CFHR5/CFHR2",3
"GO:1990266","neutrophil migration","8/377","89/15234",0.0898876404494382,3.63222364617173,3.95489979591154,3.96717158986853,0.00161080224879163,0.0231442995837742,0.0159678960580128,"SAA1/CD177/EDN2/CCL21/CXCL6/CXCL13/S100A12/S100A8",8
"GO:0008037","cell recognition","9/377","110/15234",0.0818181818181818,3.3061490233904,3.573073611709,3.86676884419097,0.00163143626631363,0.0233347060534723,0.016099262777749,"CCL21/CRP/MYPN/MASP1/LBP/C4BPA/C4BPB/SFTPA1/COLEC11",9
"GO:0051180","vitamin transport","6/377","52/15234",0.115384615384615,4.66251785349929,5.20719559357787,4.21419631629498,0.00171933161900627,0.024481113728283,0.0168902013207463,"SLC2A2/RTBDN/TCN1/APOA1/LRP2/GC",6
"GO:0046889","positive regulation of lipid biosynthetic process","8/377","90/15234",0.0888888888888889,3.59186560565871,3.90640491770771,3.92835988287268,0.00173067917183143,0.0245321832383818,0.0169254355962983,"NR1H4/APOA4/EDN2/AVPR1A/CGA/PCK1/APOC2/APOA5",8
"GO:0009636","response to toxic substance","14/377","230/15234",0.0608695652173913,2.45964709952716,2.6141975308642,3.55308905935605,0.00180892798078785,0.0255268810146,0.0176117052603379,"APOA4/MT1G/UGT1A7/MT1H/AMBP/LCN2/FABP1/GPX2/HBA1/KCNC2/HP/UGT1A10/GRIA1/ALB",14
"GO:0009074","aromatic amino acid family catabolic process","4/377","22/15234",0.181818181818182,7.34699782975645,8.84063151623473,4.7455261000012,0.00189643492619781,0.0266428035631612,0.0183816112667703,"HPD/HGD/PAH/TAT",4
"GO:0016042","lipid catabolic process","17/377","310/15234",0.0548387096774194,2.21594934542654,2.34725066363292,3.44549436896311,0.00190619390703068,0.0266614112394867,0.018394449220253,"FGF23/CARTPT/CYP4A11/APOA4/ADIPOQ/SULT2A1/HAO1/AADAC/APOA2/GLYATL2/FABP1/PLA2G2A/APOC2/FABP4/APOA5/CIDEC/APOC3",17
"GO:0170035","L-amino acid catabolic process","8/377","92/15234",0.0869565217391304,3.51378157075308,3.81287908117176,3.85236709954021,0.00199153915399331,0.0277324020518628,0.019133355572083,"HPD/ARG1/CDO1/HGD/PAH/AGXT/TAT/MAT1A",8
"GO:0016054","organic acid catabolic process","14/377","233/15234",0.0600858369098712,2.42797782356758,2.5778582839604,3.49894529422313,0.00204033159038647,0.0280973788742558,0.0193851632339421,"HPD/CYP4A11/ARG1/CDO1/ADIPOQ/SULT2A1/HAO1/GLYATL2/HGD/PAH/AGXT/TAT/GLDC/MAT1A",14
"GO:0046395","carboxylic acid catabolic process","14/377","233/15234",0.0600858369098712,2.42797782356758,2.5778582839604,3.49894529422313,0.00204033159038647,0.0280973788742558,0.0193851632339421,"HPD/CYP4A11/ARG1/CDO1/ADIPOQ/SULT2A1/HAO1/GLYATL2/HGD/PAH/AGXT/TAT/GLDC/MAT1A",14
"GO:0009072","aromatic amino acid metabolic process","5/377","37/15234",0.135135135135135,5.46060649508925,6.22689852150538,4.32726684488083,0.00205330418220598,0.0280973788742558,0.0193851632339421,"HPD/HGD/PAH/NMNAT2/TAT",5
"GO:0055078","sodium ion homeostasis","5/377","37/15234",0.135135135135135,5.46060649508925,6.22689852150538,4.32726684488083,0.00205330418220598,0.0280973788742558,0.0193851632339421,"CYP4A11/ATP1A2/SCNN1G/SCN7A/TMPRSS3",5
"GO:0000098","sulfur amino acid catabolic process","3/377","11/15234",0.272727272727273,11.0204967446347,14.8887032085561,5.29582108798548,0.00213984552442897,0.0287831987349786,0.0198583294324223,"CDO1/AGXT/MAT1A",3
"GO:0015671","oxygen transport","3/377","11/15234",0.272727272727273,11.0204967446347,14.8887032085561,5.29582108798548,0.00213984552442897,0.0287831987349786,0.0198583294324223,"HBA1/HBG2/HBD",3
"GO:0048665","neuron fate specification","3/377","11/15234",0.272727272727273,11.0204967446347,14.8887032085561,5.29582108798548,0.00213984552442897,0.0287831987349786,0.0198583294324223,"ASCL1/MNX1/MYT1L",3
"GO:0160257","complement activation, GZMK pathway","3/377","11/15234",0.272727272727273,11.0204967446347,14.8887032085561,5.29582108798548,0.00213984552442897,0.0287831987349786,0.0198583294324223,"C9/C8B/C8A",3
"GO:0030593","neutrophil chemotaxis","7/377","73/15234",0.0958904109589041,3.87478652665237,4.23984438984439,3.92193996493977,0.00215480281165759,0.028861574947668,0.0199124033616468,"SAA1/EDN2/CCL21/CXCL6/CXCL13/S100A12/S100A8",7
"GO:0001508","action potential","10/377","138/15234",0.072463768115942,2.9281513089609,3.13543085831063,3.62449533936638,0.0022851980524333,0.0303067733392914,0.0209094859312498,"CHRNB2/UNC80/ATP1A2/CHRNA1/KCNK3/SCN7A/KCNC2/KCNF1/KCNJ3/GRIA1",10
"GO:0032371","regulation of sterol transport","6/377","55/15234",0.109090909090909,4.40819869785387,4.88739754661973,4.03350412026255,0.00230105207258144,0.0303067733392914,0.0209094859312498,"APOA4/APOA1/ADIPOQ/APOA2/APOC2/APOC3",6
"GO:0032374","regulation of cholesterol transport","6/377","55/15234",0.109090909090909,4.40819869785387,4.88739754661973,4.03350412026255,0.00230105207258144,0.0303067733392914,0.0209094859312498,"APOA4/APOA1/ADIPOQ/APOA2/APOC2/APOC3",6
"GO:0051952","regulation of amine transport","6/377","55/15234",0.109090909090909,4.40819869785387,4.88739754661973,4.03350412026255,0.00230105207258144,0.0303067733392914,0.0209094859312498,"CHRNB2/CARTPT/ATP1A2/AVPR1A/CHGA/SYT4",6
"GO:1900026","positive regulation of substrate adhesion-dependent cell spreading","5/377","38/15234",0.131578947368421,5.31690632416585,6.03779732811991,4.2442173364736,0.00231717413962473,0.0303924790678579,0.0209686166973537,"APOA1/FGB/OLFM4/FGA/FGG",5
"GO:0003012","muscle system process","21/377","430/15234",0.0488372093023256,1.97343778915551,2.08378890689816,3.26175041058984,0.00246576224637546,0.0322077457057555,0.0222210196437729,"CHRNB2/CARTPT/ACTC1/SLN/TNNT1/ATP1A2/EDN2/TNNC2/ACTA1/CHRNA1/TRDN/TRIM63/CHGA/SCN7A/KLHL41/DES/TNNT3/KCNJ3/IGF1/STRIT1/PVALB",21
"GO:0015849","organic acid transport","16/377","291/15234",0.0549828178694158,2.22177253958271,2.35015865021405,3.352090926484,0.00249701588979843,0.032348636178905,0.0223182239001675,"NR1H4/CYP4A11/SLC38A4/SLC22A7/SLC13A5/LRP2/ATP1A2/SLC1A2/FABP1/UGT1A3/AVPR1A/SLCO1B1/PLA2G2A/FABP4/SYT4/ALB",16
"GO:0046942","carboxylic acid transport","16/377","291/15234",0.0549828178694158,2.22177253958271,2.35015865021405,3.352090926484,0.00249701588979843,0.032348636178905,0.0223182239001675,"NR1H4/CYP4A11/SLC38A4/SLC22A7/SLC13A5/LRP2/ATP1A2/SLC1A2/FABP1/UGT1A3/AVPR1A/SLCO1B1/PLA2G2A/FABP4/SYT4/ALB",16
"GO:1903556","negative regulation of tumor necrosis factor superfamily cytokine production","6/377","56/15234",0.107142857142857,4.32948086396362,4.78932614555256,3.97613477554979,0.00252450745972392,0.0325712982864788,0.0224718446816877,"NR1H4/ADIPOQ/LTF/ORM1/IGF1/LBP",6
"GO:0017157","regulation of exocytosis","11/377","164/15234",0.0670731707317073,2.71032541890406,2.88838887103111,3.50785701482542,0.00258998315513672,0.0332346342807188,0.0229294986352767,"CARTPT/CD177/FGB/SYT13/RIMS2/CPLX2/SYT5/SYT4/FGA/TRPV6/FGG",11
"GO:0002385","mucosal immune response","5/377","39/15234",0.128205128205128,5.18057539277699,5.85981973434535,4.16404913735533,0.00260486810214866,0.0332346342807188,0.0229294986352767,"APOA4/LTF/DEFB1/PIGR/BPIFB1",5
"GO:0015833","peptide transport","13/377","214/15234",0.0607476635514019,2.45472123751208,2.60412224591329,3.41389008251699,0.00264775674891785,0.0332346342807188,0.0229294986352767,"SLC2A2/CARTPT/NR1H4/FGB/TFAP2B/RBP4/SLC30A8/HNF4A/RIMS2/CHGA/ADCYAP1/FGA/FGG",13
"GO:0010984","regulation of lipoprotein particle clearance","4/377","24/15234",0.166666666666667,6.73474801061008,7.95549597855228,4.47871252929995,0.00264951845578651,0.0332346342807188,0.0229294986352767,"NR1H4/FGF21/APOC2/APOC3",4
"GO:0014904","myotube cell development","4/377","24/15234",0.166666666666667,6.73474801061008,7.95549597855228,4.47871252929995,0.00264951845578651,0.0332346342807188,0.0229294986352767,"ACTA1/KLHL40/IGF1/MYF6",4
"GO:0031639","plasminogen activation","4/377","24/15234",0.166666666666667,6.73474801061008,7.95549597855228,4.47871252929995,0.00264951845578651,0.0332346342807188,0.0229294986352767,"FGB/APOH/FGA/FGG",4
"GO:0045907","positive regulation of vasoconstriction","4/377","24/15234",0.166666666666667,6.73474801061008,7.95549597855228,4.47871252929995,0.00264951845578651,0.0332346342807188,0.0229294986352767,"FGB/AVPR1A/FGA/FGG",4
"GO:0006909","phagocytosis","13/377","215/15234",0.0604651162790698,2.44330392943063,2.59105374823197,3.39511390872333,0.00275682079335162,0.034318841936383,0.0236775236549271,"AHSG/APOA1/ADIPOQ/APOA2/CRP/MASP1/XKR7/MARCO/LBP/C4BPA/C4BPB/SFTPA1/COLEC11",13
"GO:0015670","carbon dioxide transport","3/377","12/15234",0.25,10.1021220159151,13.2335115864528,5.02452777977263,0.00280109497614262,0.034318841936383,0.0236775236549271,"HBA1/HBG2/HBD",3
"GO:0019627","urea metabolic process","3/377","12/15234",0.25,10.1021220159151,13.2335115864528,5.02452777977263,0.00280109497614262,0.034318841936383,0.0236775236549271,"NR1H4/ARG1/CYP2C9",3
"GO:0034392","negative regulation of smooth muscle cell apoptotic process","3/377","12/15234",0.25,10.1021220159151,13.2335115864528,5.02452777977263,0.00280109497614262,0.034318841936383,0.0236775236549271,"APOH/IGF1/ESR1",3
"GO:0071941","nitrogen cycle metabolic process","3/377","12/15234",0.25,10.1021220159151,13.2335115864528,5.02452777977263,0.00280109497614262,0.034318841936383,0.0236775236549271,"NR1H4/ARG1/CYP2C9",3
"GO:0098743","cell aggregation","3/377","12/15234",0.25,10.1021220159151,13.2335115864528,5.02452777977263,0.00280109497614262,0.034318841936383,0.0236775236549271,"LTF/MUC5B/BPIFA1",3
"GO:0017156","calcium-ion regulated exocytosis","6/377","58/15234",0.103448275862069,4.18018842037867,4.6044992743106,3.86532507612565,0.00301984009403841,0.0364340249513566,0.0251368472522785,"UNC13A/SYT13/RIMS2/SYT5/SYT4/TRPV6",6
"GO:0033013","tetrapyrrole metabolic process","6/377","58/15234",0.103448275862069,4.18018842037867,4.6044992743106,3.86532507612565,0.00301984009403841,0.0364340249513566,0.0251368472522785,"AMBP/FABP1/SLCO1B1/UGT1A4/UGT1A1/ALB",6
"GO:0034113","heterotypic cell-cell adhesion","6/377","58/15234",0.103448275862069,4.18018842037867,4.6044992743106,3.86532507612565,0.00301984009403841,0.0364340249513566,0.0251368472522785,"CEACAM6/APOA1/ADIPOQ/FGB/FGA/FGG",6
"GO:0045104","intermediate filament cytoskeleton organization","6/377","58/15234",0.103448275862069,4.18018842037867,4.6044992743106,3.86532507612565,0.00301984009403841,0.0364340249513566,0.0251368472522785,"KRT80/PKP1/KRT17/KRT5/DES/KRT7",6
"GO:1902042","negative regulation of extrinsic apoptotic signaling pathway via death domain receptors","4/377","25/15234",0.16,6.46535809018568,7.57615217668837,4.35648407721086,0.00309339579294907,0.0371795593213385,0.0256512121516982,"FGB/SFRP2/FGA/FGG",4
"GO:0008203","cholesterol metabolic process","9/377","121/15234",0.0743801652892562,3.005590021264,3.21974475931677,3.52823365749364,0.00313355419888832,0.0375195637222954,0.0258857906453828,"NR1H4/APOA4/APOA1/APOB/CYP2C9/SULT2A1/APOF/APOA5/HMGCS2",9
"GO:0019226","transmission of nerve impulse","5/377","41/15234",0.121951219512195,4.92786439800738,5.53352747909199,4.01166334316722,0.0032565582113553,0.0388452094569588,0.0268003905115068,"CARTPT/UNC80/CHRNA1/AVPR1A/GRIA1",5
"GO:0045103","intermediate filament-based process","6/377","59/15234",0.101694915254237,4.10933776918581,4.51731678787571,3.81177618779116,0.00329310744627542,0.0391335061566789,0.0269992944238216,"KRT80/PKP1/KRT17/KRT5/DES/KRT7",6
"GO:0050714","positive regulation of protein secretion","9/377","122/15234",0.0737704918032787,2.98095403748315,3.19103501346672,3.49938057241456,0.00331132350554723,0.0392025977566847,0.0270469626404976,"SLC2A2/CARTPT/NR1H4/FGB/RBP4/SLC30A8/IGF1/FGA/FGG",9
"GO:0030301","cholesterol transport","8/377","100/15234",0.08,3.23267904509284,3.47943914221751,3.56818420113167,0.00335870029183615,0.0396151179943809,0.0273315718270283,"APOA4/APOA1/APOB/ADIPOQ/APOA2/APOC2/APOA5/APOC3",8
"GO:0034374","low-density lipoprotein particle remodeling","3/377","13/15234",0.230769230769231,9.32503570699857,11.9093582887701,4.78337051917512,0.00357509827602786,0.0415148293504055,0.0286422355333732,"APOB/APOA2/PLA2G2A",3
"GO:0042693","muscle cell fate commitment","3/377","13/15234",0.230769230769231,9.32503570699857,11.9093582887701,4.78337051917512,0.00357509827602786,0.0415148293504055,0.0286422355333732,"TBX5/WT1/MYF6",3
"GO:0045916","negative regulation of complement activation","3/377","13/15234",0.230769230769231,9.32503570699857,11.9093582887701,4.78337051917512,0.00357509827602786,0.0415148293504055,0.0286422355333732,"MASP1/C4BPA/C4BPB",3
"GO:0051969","regulation of transmission of nerve impulse","3/377","13/15234",0.230769230769231,9.32503570699857,11.9093582887701,4.78337051917512,0.00357509827602786,0.0415148293504055,0.0286422355333732,"CARTPT/UNC80/AVPR1A",3
"GO:0002227","innate immune response in mucosa","4/377","26/15234",0.153846153846154,6.21669047133238,7.23129417499391,4.24075834584212,0.00358543132320806,0.0415148293504055,0.0286422355333732,"APOA4/LTF/DEFB1/BPIFB1",4
"GO:0002251","organ or tissue specific immune response","5/377","42/15234",0.119047619047619,4.81053429329291,5.38360941586748,3.93913512044517,0.00362297131321136,0.0416444084402222,0.0287316357517724,"APOA4/LTF/DEFB1/PIGR/BPIFB1",5
"GO:0003044","regulation of systemic arterial blood pressure mediated by a chemical signal","5/377","42/15234",0.119047619047619,4.81053429329291,5.38360941586748,3.93913512044517,0.00362297131321136,0.0416444084402222,0.0287316357517724,"CARTPT/CPA3/EDN2/AVPR1A/MME",5
"GO:0045807","positive regulation of endocytosis","10/377","148/15234",0.0675675675675676,2.73030324754463,2.906251234056,3.36948760697307,0.0037914531940226,0.0434231287909617,0.0299588243981202,"AHSG/APOA1/CCL21/APOA2/VTN/HAMP/MASP1/APOA5/SELE/COLEC11",10
"GO:0140962","multicellular organismal-level chemical homeostasis","6/377","61/15234",0.0983606557377049,3.97460538331087,4.35246263170791,3.70814222131876,0.0038943585223839,0.0444406761344964,0.0306608586142284,"CYP4A11/AQP4/BPIFA1/SCNN1G/HAMP/HJV",6
"GO:0007157","heterophilic cell-cell adhesion","5/377","43/15234",0.116279069767442,4.69866140275122,5.2415817770232,3.86886393023907,0.00401803757232157,0.0451335095035386,0.031138863627184,"CEACAM6/CEACAM5/CADM3/SELE/NEGR1",5
"GO:0045214","sarcomere organization","5/377","43/15234",0.116279069767442,4.69866140275122,5.2415817770232,3.86886393023907,0.00401803757232157,0.0451335095035386,0.031138863627184,"TNNT1/MYBPC1/MYPN/ACTN2/TNNT3",5
"GO:0046324","regulation of D-glucose import across plasma membrane","5/377","43/15234",0.116279069767442,4.69866140275122,5.2415817770232,3.86886393023907,0.00401803757232157,0.0451335095035386,0.031138863627184,"CARTPT/ADIPOQ/ITLN1/FGF21/IGF1",5
"GO:0010811","positive regulation of cell-substrate adhesion","8/377","103/15234",0.0776699029126214,3.13852334475033,3.36887747824847,3.46893870995065,0.00402665263513878,0.0451335095035386,0.031138863627184,"CEACAM6/APOA1/FGB/HRG/CCL21/OLFM4/FGA/FGG",8
"GO:0015914","phospholipid transport","8/377","103/15234",0.0776699029126214,3.13852334475033,3.36887747824847,3.46893870995065,0.00402665263513878,0.0451335095035386,0.031138863627184,"APOA4/APOA1/APOA2/PRAP1/APOC2/XKR7/APOA5/APOC3",8
"GO:0002274","myeloid leukocyte activation","12/377","199/15234",0.0603015075376884,2.43669274755742,2.5791517104974,3.2496497576571,0.00404074128108239,0.0451335095035386,0.031138863627184,"UBD/MT1G/CD177/EDN2/IGHE/CXCL6/CPLX2/PLA2G2A/CHGA/S100A12/IL1RL1/LBP",12
"GO:0031629","synaptic vesicle fusion to presynaptic active zone membrane","4/377","27/15234",0.148148148148148,5.98644267609785,6.9164238256207,4.13093892760515,0.00412800338018092,0.0457846269640417,0.0315880876744807,"SYT13/CPLX2/SYT5/SYT4",4
"GO:0099500","vesicle fusion to plasma membrane","4/377","27/15234",0.148148148148148,5.98644267609785,6.9164238256207,4.13093892760515,0.00412800338018092,0.0457846269640417,0.0315880876744807,"SYT13/CPLX2/SYT5/SYT4",4
"GO:0006006","glucose metabolic process","10/377","150/15234",0.0666666666666667,2.69389920424403,2.86434410276372,3.3210297505504,0.00417038591915847,0.0460929716449648,0.0318008232466763,"CARTPT/G6PC1/ADIPOQ/TFAP2B/RBP4/ALDOB/PCK1/APOD/TFF3/IGF1",10
"GO:0042692","muscle cell differentiation","17/377","335/15234",0.0507462686567164,2.05057999129023,2.15900593990217,3.0972110721607,0.00422291052007822,0.0465108716166107,0.0320891440613,"ACTC1/TNNT1/NRAP/SCGB3A1/ACTA1/AVPR1A/MYBPC1/KLHL40/MYPN/CEACAM5/TBX5/ACTN2/KLHL41/TNNT3/IGF1/WT1/MYF6",17
"GO:0015918","sterol transport","8/377","104/15234",0.0769230769230769,3.10834523566619,3.33355916892502,3.43666157386453,0.00427066503754894,0.0468459306667797,0.0323203106199176,"APOA4/APOA1/APOB/ADIPOQ/APOA2/APOC2/APOA5/APOC3",8
"GO:0030100","regulation of endocytosis","15/377","280/15234",0.0535714285714286,2.16474043198181,2.28166371312415,3.13348278811675,0.00428297183255278,0.0468459306667797,0.0323203106199176,"AHSG/APOA1/CD177/ADIPOQ/CCL21/APOA2/VTN/HAMP/MASP1/APOC2/APOA5/SYT4/SELE/APOC3/COLEC11",15
"GO:0007600","sensory perception","18/377","365/15234",0.0493150684931507,1.99274735656408,2.09660199240606,3.05803270149211,0.00442808578790095,0.0469146305023737,0.0323677085474287,"SLITRK6/CHRNB2/CARTPT/LRP2/RBP4/SULT2A1/SCNN1G/PTPRQ/COL2A1/ZIC2/MME/TMPRSS3/CDH3/PIGR/OR2I1/TMEM100/PIP/SLC4A10",18
"GO:0030003","intracellular monoatomic cation homeostasis","18/377","365/15234",0.0493150684931507,1.99274735656408,2.09660199240606,3.05803270149211,0.00442808578790095,0.0469146305023737,0.0323677085474287,"CARTPT/MT1G/ATP1A2/EDN2/MT1H/F2/SLC30A8/LCN2/AVPR1A/SCNN1G/TRDN/SCARA5/HAMP/HJV/SLC4A1/TMPRSS3/CNR1/SLC4A10",18
"GO:0010043","response to zinc ion","5/377","44/15234",0.113636363636364,4.59187364359778,5.10683760683761,3.80072402617451,0.00444295674077563,0.0469146305023737,0.0323677085474287,"MT1G/MT1H/SLC30A8/KCNK3/S100A8",5
"GO:1905953","negative regulation of lipid localization","5/377","44/15234",0.113636363636364,4.59187364359778,5.10683760683761,3.80072402617451,0.00444295674077563,0.0469146305023737,0.0323677085474287,"ADIPOQ/APOA2/CRP/APOC2/APOC3",5
"GO:1904659","D-glucose transmembrane transport","7/377","83/15234",0.0843373493975904,3.40794477645329,3.67948079658606,3.50398916191681,0.00445211591072772,0.0469146305023737,0.0323677085474287,"SLC2A2/CARTPT/ADIPOQ/ITLN1/FGF21/PDZK1IP1/IGF1",7
"GO:0002544","chronic inflammatory response","3/377","14/15234",0.214285714285714,8.65896172792725,10.8259601361206,4.56693074096124,0.00446735329997295,0.0469146305023737,0.0323677085474287,"CXCL13/S100A8/VNN1",3
"GO:0031632","positive regulation of synaptic vesicle fusion to presynaptic active zone membrane","3/377","14/15234",0.214285714285714,8.65896172792725,10.8259601361206,4.56693074096124,0.00446735329997295,0.0469146305023737,0.0323677085474287,"SYT13/SYT5/SYT4",3
"GO:0048172","regulation of short-term neuronal synaptic plasticity","3/377","14/15234",0.214285714285714,8.65896172792725,10.8259601361206,4.56693074096124,0.00446735329997295,0.0469146305023737,0.0323677085474287,"SHISA9/SYT4/SLC4A10",3
"GO:0051481","negative regulation of cytosolic calcium ion concentration","3/377","14/15234",0.214285714285714,8.65896172792725,10.8259601361206,4.56693074096124,0.00446735329997295,0.0469146305023737,0.0323677085474287,"CARTPT/ATP1A2/KCNK3",3
"GO:0070207","protein homotrimerization","3/377","14/15234",0.214285714285714,8.65896172792725,10.8259601361206,4.56693074096124,0.00446735329997295,0.0469146305023737,0.0323677085474287,"ITLN1/SLC1A2/SCARA5",3
"GO:0099502","calcium-dependent activation of synaptic vesicle fusion","3/377","14/15234",0.214285714285714,8.65896172792725,10.8259601361206,4.56693074096124,0.00446735329997295,0.0469146305023737,0.0323677085474287,"SYT13/SYT5/SYT4",3
"GO:1901634","positive regulation of synaptic vesicle membrane organization","3/377","14/15234",0.214285714285714,8.65896172792725,10.8259601361206,4.56693074096124,0.00446735329997295,0.0469146305023737,0.0323677085474287,"SYT13/SYT5/SYT4",3
"GO:0006520","amino acid metabolic process","14/377","255/15234",0.0549019607843137,2.2185052270245,2.33901443709063,3.12574763183905,0.00459759542022141,0.048122513653377,0.0332010607314355,"HPD/NR1H4/ARG1/BAAT/CDO1/HAO1/HGD/HNF4A/PAH/NMNAT2/AGXT/TAT/GLDC/MAT1A",14
"GO:0046326","positive regulation of D-glucose import across plasma membrane","4/377","28/15234",0.142857142857143,5.7726411519515,6.6277926720286,4.0265040353483,0.00472342510239945,0.0491142985154101,0.033885320694954,"ADIPOQ/ITLN1/FGF21/IGF1",4
"GO:0051954","positive regulation of amine transport","4/377","28/15234",0.142857142857143,5.7726411519515,6.6277926720286,4.0265040353483,0.00472342510239945,0.0491142985154101,0.033885320694954,"CHRNB2/CARTPT/AVPR1A/SYT4",4
"GO:0098869","cellular oxidant detoxification","7/377","84/15234",0.0833333333333333,3.36737400530504,3.63144963144963,3.46575641405564,0.00475628936525113,0.0491457524592916,0.0339070216457517,"APOA4/AMBP/FABP1/GPX2/HBA1/HP/ALB",7
"GO:0006898","receptor-mediated endocytosis","14/377","256/15234",0.0546875,2.20983919098143,2.32918971837079,3.10970042308821,0.00475754516056414,0.0491457524592916,0.0339070216457517,"LRP1B/LRP2/ADIPOQ/CCL21/DMBT1/IGHE/VTN/HAMP/APOC2/MARCO/APOA5/GRIA1/SELE/APOC3",14
"GO:0048589","developmental growth","17/377","341/15234",0.0498533724340176,2.01449940493322,2.11814986282579,3.01811459729184,0.00503408058668378,0.0518329926205454,0.0357610233804985,"IGFBP1/UNC13A/DCLK1/EDN2/RBP4/CHRNA1/MUSK/RIMS2/TM4SF4/TBX5/CLDN18/APOD/APOA5/SYT4/IGF1/WT1/MYF6",17
"GO:0007517","muscle organ development","13/377","232/15234",0.0560344827586207,2.26426872770511,2.38714938030007,3.09105435433078,0.00524595340157556,0.053525493621204,0.0369287268989729,"ACTC1/UNC45B/LRP2/ACTA1/CHRNA1/TCF21/KLHL40/KLHL41/DES/IGF1/WT1/MYF6/PAX7",13
"GO:0006633","fatty acid biosynthetic process","10/377","155/15234",0.0645161290322581,2.60699922991358,2.76463403175796,3.20326657170642,0.00524925752058628,0.053525493621204,0.0369287268989729,"APOA4/EDN2/CYP2C9/CYP2E1/AVPR1A/ACSM2A/APOC2/ACSM2B/APOA5/APOC3",10
"GO:0030073","insulin secretion","10/377","155/15234",0.0645161290322581,2.60699922991358,2.76463403175796,3.20326657170642,0.00524925752058628,0.053525493621204,0.0369287268989729,"SLC2A2/CARTPT/NR1H4/TFAP2B/RBP4/SLC30A8/HNF4A/RIMS2/CHGA/ADCYAP1",10
"GO:0072330","monocarboxylic acid biosynthetic process","12/377","206/15234",0.058252427184466,2.35389250856275,2.48490326225109,3.11648496925177,0.0053124020664868,0.0539951862770572,0.0372527809270816,"NR1H4/APOA4/BAAT/EDN2/CYP2C9/CYP2E1/AVPR1A/ACSM2A/APOC2/ACSM2B/APOA5/APOC3",12
"GO:0042310","vasoconstriction","6/377","65/15234",0.0923076923076923,3.73001428279943,4.05628397825392,3.51350807738203,0.00533562223182426,0.0540573778038349,0.0372956885913071,"FGB/EDN2/AVPR1A/CRP/FGA/FGG",6
"GO:0032369","negative regulation of lipid transport","4/377","29/15234",0.137931034482759,5.57358456050489,6.36225201072386,3.92699487327022,0.00537393919251833,0.054098795501753,0.0373242638131636,"ADIPOQ/APOA2/APOC2/APOC3",4
"GO:0050433","regulation of catecholamine secretion","4/377","29/15234",0.137931034482759,5.57358456050489,6.36225201072386,3.92699487327022,0.00537393919251833,0.054098795501753,0.0373242638131636,"CHRNB2/CARTPT/CHGA/SYT4",4
"GO:0019373","epoxygenase P450 pathway","3/377","15/15234",0.2,8.08169761273209,9.92312834224599,4.37107022636069,0.00548273795391975,0.0546717182092755,0.0377195391253362,"CYP4A11/CYP2C9/CYP2E1",3
"GO:0051791","medium-chain fatty acid metabolic process","3/377","15/15234",0.2,8.08169761273209,9.92312834224599,4.37107022636069,0.00548273795391975,0.0546717182092755,0.0377195391253362,"CYP4A11/CYP4Z1/GLYATL2",3
"GO:1901077","regulation of relaxation of muscle","3/377","15/15234",0.2,8.08169761273209,9.92312834224599,4.37107022636069,0.00548273795391975,0.0546717182092755,0.0377195391253362,"CARTPT/SLN/CHGA",3
"GO:0006873","intracellular monoatomic ion homeostasis","18/377","373/15234",0.0482573726541555,1.95000746687906,2.04822472439091,2.95907008904298,0.00552452668390521,0.0549151850560514,0.0378875136751306,"CARTPT/MT1G/ATP1A2/EDN2/MT1H/F2/SLC30A8/LCN2/AVPR1A/SCNN1G/TRDN/SCARA5/HAMP/HJV/SLC4A1/TMPRSS3/CNR1/SLC4A10",18
"GO:1903522","regulation of blood circulation","13/377","235/15234",0.0553191489361702,2.23536316947909,2.35440797940798,3.04015175218791,0.005830650527375,0.0577764461348977,0.0398615772814402,"CARTPT/ATP1A2/FGB/EDN2/AVPR1A/TRDN/CHGA/TBX5/DES/KCNJ3/FGA/STRIT1/FGG",13
"GO:0031338","regulation of vesicle fusion","4/377","30/15234",0.133333333333333,5.38779840848806,6.11713755413487,3.83200615209458,0.00608171326621537,0.0600759238578337,0.0414480509241034,"SYT13/CPLX2/SYT5/SYT4",4
"GO:0016064","immunoglobulin mediated immune response","9/377","135/15234",0.0666666666666667,2.69389920424403,2.85927795031056,3.14904009390405,0.00642406679348878,0.0632600471470967,0.0436448661500217,"IGHE/C9/C8B/IGHA2/IGHG4/IGHA1/C4BPA/C4BPB/C8A",9
"GO:0007519","skeletal muscle tissue development","7/377","89/15234",0.0786516853932584,3.17819569040026,3.40886618325643,3.28288064454468,0.00651765630132643,0.0637842463420831,0.0440065257556165,"ACTA1/CHRNA1/TCF21/KLHL40/KLHL41/MYF6/PAX7",7
"GO:0008645","hexose transmembrane transport","7/377","89/15234",0.0786516853932584,3.17819569040026,3.40886618325643,3.28288064454468,0.00651765630132643,0.0637842463420831,0.0440065257556165,"SLC2A2/CARTPT/ADIPOQ/ITLN1/FGF21/PDZK1IP1/IGF1",7
"GO:0002921","negative regulation of humoral immune response","3/377","16/15234",0.1875,7.57659151193634,9.15919374742904,4.19256595621898,0.00662554415172715,0.0638516617792973,0.044053037540959,"MASP1/C4BPA/C4BPB",3
"GO:0048485","sympathetic nervous system development","3/377","16/15234",0.1875,7.57659151193634,9.15919374742904,4.19256595621898,0.00662554415172715,0.0638516617792973,0.044053037540959,"ASCL1/SOX11/TFAP2B",3
"GO:0060263","regulation of respiratory burst","3/377","16/15234",0.1875,7.57659151193634,9.15919374742904,4.19256595621898,0.00662554415172715,0.0638516617792973,0.044053037540959,"IGHA2/IGHA1/LBP",3
"GO:0060425","lung morphogenesis","3/377","16/15234",0.1875,7.57659151193634,9.15919374742904,4.19256595621898,0.00662554415172715,0.0638516617792973,0.044053037540959,"SOX11/NKX2-1/TCF21",3
"GO:0070206","protein trimerization","3/377","16/15234",0.1875,7.57659151193634,9.15919374742904,4.19256595621898,0.00662554415172715,0.0638516617792973,0.044053037540959,"ITLN1/SLC1A2/SCARA5",3
"GO:0048259","regulation of receptor-mediated endocytosis","8/377","112/15234",0.0714285714285714,2.88632057597575,3.07546383156139,3.19166815905119,0.00665524758002645,0.0639429714299806,0.0441160346088083,"ADIPOQ/CCL21/VTN/HAMP/APOC2/APOA5/SELE/APOC3",8
"GO:0010669","epithelial structure maintenance","4/377","31/15234",0.129032258064516,5.21399845982716,5.89017972395988,3.74117829601487,0.00684883575496107,0.0652083428356384,0.0449890495387779,"RBP4/MUC6/TFF1/TFF3",4
"GO:0010743","regulation of macrophage derived foam cell differentiation","4/377","31/15234",0.129032258064516,5.21399845982716,5.89017972395988,3.74117829601487,0.00684883575496107,0.0652083428356384,0.0449890495387779,"APOB/ADIPOQ/CRP/PLA2G2A",4
"GO:0050432","catecholamine secretion","4/377","31/15234",0.129032258064516,5.21399845982716,5.89017972395988,3.74117829601487,0.00684883575496107,0.0652083428356384,0.0449890495387779,"CHRNB2/CARTPT/CHGA/SYT4",4
"GO:0030216","keratinocyte differentiation","7/377","90/15234",0.0777777777777778,3.14288240495137,3.36756756756757,3.24785870646457,0.00692137726405491,0.0657011217167494,0.0453290313958518,"KRT80/PKP1/SCEL/KRT5/CDH3/KRT7/CASP14",7
"GO:0010810","regulation of cell-substrate adhesion","11/377","187/15234",0.0588235294117647,2.37696988609768,2.50700136612022,3.01799224668692,0.00694730830281368,0.0657498249856109,0.0453626331357554,"CEACAM6/APOA1/PLG/FGB/HRG/CCL21/OLFM4/MMP12/APOD/FGA/FGG",11
"GO:0032368","regulation of lipid transport","8/377","113/15234",0.0707964601769911,2.86077791601136,3.04596722157698,3.16257870745801,0.00701248713283329,0.0661685726175702,0.0456515387748076,"CYP4A11/APOA4/APOA1/ADIPOQ/APOA2/PRAP1/APOC2/APOC3",8
"GO:0062013","positive regulation of small molecule metabolic process","9/377","137/15234",0.0656934306569343,2.65457220856164,2.81421959918478,3.09883545199844,0.00705508423891141,0.0661905081009328,0.0456666726749305,"NR1H4/APOA4/APOA1/ADIPOQ/EDN2/AVPR1A/APOC2/APOA5/IGF1",9
"GO:0003009","skeletal muscle contraction","5/377","49/15234",0.102040816326531,4.12331510853678,4.52498778103617,3.48822329760833,0.00705669130971666,0.0661905081009328,0.0456666726749305,"TNNT1/TNNC2/CHRNA1/TNNT3/STRIT1",5
"GO:0003073","regulation of systemic arterial blood pressure","6/377","69/15234",0.0869565217391304,3.51378157075308,3.79771531254011,3.33371685251597,0.0071332972343425,0.0667111022418836,0.046025845053469,"CARTPT/CPA3/EDN2/AVPR1A/KCNK3/MME",6
"GO:0002683","negative regulation of immune system process","20/377","443/15234",0.0451467268623025,1.82431097352869,1.91164882028462,2.80473613898344,0.00730997457913609,0.0681617393647469,0.0470266799550365,"CARTPT/ARG1/APOA1/VTCN1/ADIPOQ/SOX11/LTF/CCL21/APCS/AMBP/APOA2/FGL1/PLA2G2A/MASP1/MMP12/APOD/IL1RL1/C4BPA/C4BPB/BPIFB1",20
"GO:0015749","monosaccharide transmembrane transport","7/377","91/15234",0.0769230769230769,3.10834523566619,3.32725225225225,3.21332236176035,0.00734336712590619,0.068271716132322,0.0471025559860687,"SLC2A2/CARTPT/ADIPOQ/ITLN1/FGF21/PDZK1IP1/IGF1",7
"GO:0030307","positive regulation of cell growth","9/377","138/15234",0.0652173913043478,2.63533617806481,2.79221435793731,3.07406806102131,0.00738786699610756,0.0684840104829795,0.0472490237637058,"IGFBP1/UNC13A/AVPR1A/KRT17/RIMS2/SFRP2/SYT4/IGF1/S100A8",9
"GO:0035914","skeletal muscle cell differentiation","4/377","32/15234",0.125,5.05106100795756,5.67943316736882,3.65419099568587,0.00767731232854868,0.0704156661333956,0.0485817267273047,"KLHL40/KLHL41/MYF6/PAX7",4
"GO:0048499","synaptic vesicle membrane organization","4/377","32/15234",0.125,5.05106100795756,5.67943316736882,3.65419099568587,0.00767731232854868,0.0704156661333956,0.0485817267273047,"SYT13/CPLX2/SYT5/SYT4",4
"GO:0048821","erythrocyte development","4/377","32/15234",0.125,5.05106100795756,5.67943316736882,3.65419099568587,0.00767731232854868,0.0704156661333956,0.0485817267273047,"EPB42/HBA1/HBG2/HBD",4
"GO:0009798","axis specification","5/377","50/15234",0.1,4.04084880636605,4.42413381123059,3.43071440670657,0.00768535426005109,0.0704156661333956,0.0485817267273047,"TDRD1/IRX4/PITX2/CHRDL1/WT1",5
"GO:0070374","positive regulation of ERK1 and ERK2 cascade","10/377","164/15234",0.0609756097560976,2.46393219900369,2.6014720973849,3.00250746246551,0.00773065168227168,0.0704394426922267,0.0485981308366042,"FGF23/FGB/FGF21/CCL21/PLA2G2A/ADCYAP1/MARCO/IGF1/FGA/FGG",10
"GO:0008217","regulation of blood pressure","9/377","139/15234",0.0647482014388489,2.61637692498521,2.77054765886288,3.0495188193603,0.00773251711933017,0.0704394426922267,0.0485981308366042,"CARTPT/CPA3/ADIPOQ/EDN2/AVPR1A/KCNK3/SCNN1G/CHGA/MME",9
"GO:0031032","actomyosin structure organization","11/377","190/15234",0.0578947368421053,2.33943878263298,2.46448087431694,2.95948294863306,0.00779302339809833,0.0707375415519214,0.0488037975317395,"ACTC1/APOA1/TNNT1/NRAP/ACTA1/MYBPC1/MYPN/ACTN2/KLHL41/MYO18B/TNNT3",11
"GO:0010988","regulation of low-density lipoprotein particle clearance","3/377","17/15234",0.176470588235294,7.13090965829303,8.50439266615737,4.02886478005486,0.00789951033464987,0.0707375415519214,0.0488037975317395,"NR1H4/FGF21/APOC3",3
"GO:0015669","gas transport","3/377","17/15234",0.176470588235294,7.13090965829303,8.50439266615737,4.02886478005486,0.00789951033464987,0.0707375415519214,0.0488037975317395,"HBA1/HBG2/HBD",3
"GO:0048806","genitalia development","3/377","17/15234",0.176470588235294,7.13090965829303,8.50439266615737,4.02886478005486,0.00789951033464987,0.0707375415519214,0.0488037975317395,"LRP2/RBP4/WT1",3
"GO:0071605","monocyte chemotactic protein-1 production","3/377","17/15234",0.176470588235294,7.13090965829303,8.50439266615737,4.02886478005486,0.00789951033464987,0.0707375415519214,0.0488037975317395,"NR1H4/ADIPOQ/APOD",3
"GO:0071637","regulation of monocyte chemotactic protein-1 production","3/377","17/15234",0.176470588235294,7.13090965829303,8.50439266615737,4.02886478005486,0.00789951033464987,0.0707375415519214,0.0488037975317395,"NR1H4/ADIPOQ/APOD",3
"GO:0090257","regulation of muscle system process","12/377","217/15234",0.0552995391705069,2.23457076849735,2.3498028733712,2.91777702837919,0.0079345099075435,0.0708502424230085,0.0488815529975575,"CARTPT/SLN/TNNT1/ATP1A2/EDN2/TNNC2/TRDN/TRIM63/CHGA/TNNT3/IGF1/STRIT1",12
"GO:0046486","glycerolipid metabolic process","17/377","358/15234",0.0474860335195531,1.91883881866544,2.01019876181167,2.80243531887004,0.008046112547393,0.0716443993304486,0.0494294639380401,"NR1H4/APOA4/APOA1/APOB/IP6K3/AADAC/APOA2/FABP1/PTPRQ/PLA2G2A/APOH/PCK1/APOC2/FABP4/APOA5/CIDEC/APOC3",17
"GO:0019724","B cell mediated immunity","9/377","140/15234",0.0642857142857143,2.59768851837817,2.74921174908729,3.02518399231073,0.00808929926431686,0.0718266150969259,0.049555179663794,"IGHE/C9/C8B/IGHA2/IGHG4/IGHA1/C4BPA/C4BPB/C8A",9
"GO:0060047","heart contraction","12/377","218/15234",0.055045871559633,2.22432044387122,2.33823646761537,2.90030754859713,0.00821576721180629,0.0727452105224641,0.0501889441992584,"CARTPT/ACTC1/ATP1A2/EDN2/AVPR1A/TRDN/CHGA/SCN7A/TBX5/DES/KCNJ3/STRIT1",12
"GO:0048260","positive regulation of receptor-mediated endocytosis","5/377","51/15234",0.0980392156862745,3.96161647682946,4.32766479663394,3.37468269195309,0.0083519423462197,0.0737443847944147,0.0508783023222207,"CCL21/VTN/HAMP/APOA5/SELE",5
"GO:0002697","regulation of immune effector process","15/377","302/15234",0.0496688741721854,2.00704410912221,2.10358634762354,2.81572870732272,0.00842700286611965,0.0741998776039115,0.0511925594813493,"ARG1/PGC/APOA1/CD177/RBP4/APOA2/CFHR1/CFHR5/MASP1/PCK1/CFHR2/LBP/C4BPA/C4BPB/COLEC11",15
"GO:0043903","regulation of biological process involved in symbiotic interaction","4/377","33/15234",0.121212121212121,4.89799855317097,5.48322085605991,3.57075784061669,0.00856906280491835,0.0752411320176303,0.0519109498646065,"ARG1/LTF/MUC5B/BPIFA1",4
"GO:0050879","multicellular organismal movement","5/377","52/15234",0.0961538461538462,3.88543154458274,4.23530084648822,3.32005889731953,0.00905753923209347,0.0790908329078659,0.0545669655909505,"TNNT1/TNNC2/CHRNA1/TNNT3/STRIT1",5
"GO:0050881","musculoskeletal movement","5/377","52/15234",0.0961538461538462,3.88543154458274,4.23530084648822,3.32005889731953,0.00905753923209347,0.0790908329078659,0.0545669655909505,"TNNT1/TNNC2/CHRNA1/TNNT3/STRIT1",5
"GO:0046890","regulation of lipid biosynthetic process","10/377","168/15234",0.0595238095238095,2.40526714664646,2.53492222260546,2.91751022578891,0.00908780419318876,0.0791364987731947,0.0545984717416694,"CARTPT/NR1H4/APOA4/EDN2/AVPR1A/CGA/PCK1/APOC2/APOA5/APOC3",10
"GO:0009749","response to glucose","9/377","143/15234",0.0629370629370629,2.54319155645416,2.68711469824789,2.95343000043076,0.00923509486072598,0.0800835862507604,0.0552518937363543,"SLC2A2/CARTPT/NR1H4/ADIPOQ/SLC30A8/APOA2/HNF4A/PCK1/NKX2-2",9
"GO:0002026","regulation of the force of heart contraction","3/377","18/15234",0.166666666666667,6.73474801061008,7.93689839572192,3.87791402747632,0.00930785258740698,0.0800835862507604,0.0552518937363543,"ATP1A2/EDN2/CHGA",3
"GO:0043567","regulation of insulin-like growth factor receptor signaling pathway","3/377","18/15234",0.166666666666667,6.73474801061008,7.93689839572192,3.87791402747632,0.00930785258740698,0.0800835862507604,0.0552518937363543,"IGFBP1/CDH3/IGF1",3
"GO:0071294","cellular response to zinc ion","3/377","18/15234",0.166666666666667,6.73474801061008,7.93689839572192,3.87791402747632,0.00930785258740698,0.0800835862507604,0.0552518937363543,"MT1G/MT1H/KCNK3",3
"GO:0009593","detection of chemical stimulus","6/377","73/15234",0.0821917808219178,3.32124559427346,3.5700205173593,3.16676935146994,0.0093327273638882,0.0800835862507604,0.0552518937363543,"CARTPT/KCNK3/PIGR/OR2I1/LBP/PIP",6
"GO:0006941","striated muscle contraction","12/377","222/15234",0.0540540540540541,2.1842425980357,2.29307240704501,2.83136411015707,0.00941966860518357,0.0800835862507604,0.0552518937363543,"ACTC1/TNNT1/ATP1A2/TNNC2/CHRNA1/TRDN/CHGA/SCN7A/KLHL41/TNNT3/KCNJ3/STRIT1",12
"GO:0035725","sodium ion transmembrane transport","10/377","169/15234",0.0591715976331361,2.3910347966663,2.51880794475006,2.8966405946066,0.00945397486425177,0.0800835862507604,0.0552518937363543,"SLC38A4/SLC13A5/UNC80/ATP1A2/BPIFA1/KCNK3/SCNN1G/SLC34A2/SCN7A/SLC4A10",10
"GO:0010742","macrophage derived foam cell differentiation","4/377","34/15234",0.117647058823529,4.75393977219535,5.30008936550492,3.49062182349803,0.00952591851638276,0.0800835862507604,0.0552518937363543,"APOB/ADIPOQ/CRP/PLA2G2A",4
"GO:0016486","peptide hormone processing","4/377","34/15234",0.117647058823529,4.75393977219535,5.30008936550492,3.49062182349803,0.00952591851638276,0.0800835862507604,0.0552518937363543,"CPA3/SLC30A8/MME/PCSK1",4
"GO:0021536","diencephalon development","4/377","34/15234",0.117647058823529,4.75393977219535,5.30008936550492,3.49062182349803,0.00952591851638276,0.0800835862507604,0.0552518937363543,"CHRNB2/NKX2-1/PITX2/KCNC2",4
"GO:0044273","sulfur compound catabolic process","4/377","34/15234",0.117647058823529,4.75393977219535,5.30008936550492,3.49062182349803,0.00952591851638276,0.0800835862507604,0.0552518937363543,"CDO1/AGXT/VNN1/MAT1A",4
"GO:0045823","positive regulation of heart contraction","4/377","34/15234",0.117647058823529,4.75393977219535,5.30008936550492,3.49062182349803,0.00952591851638276,0.0800835862507604,0.0552518937363543,"ATP1A2/EDN2/AVPR1A/CHGA",4
"GO:0050891","multicellular organismal-level water homeostasis","4/377","34/15234",0.117647058823529,4.75393977219535,5.30008936550492,3.49062182349803,0.00952591851638276,0.0800835862507604,0.0552518937363543,"CYP4A11/AQP4/BPIFA1/SCNN1G",4
"GO:0007586","digestion","7/377","96/15234",0.0729166666666667,2.94645225464191,3.13926510780443,3.04749467706492,0.00974411786912888,0.0817006805950037,0.056367572105078,"PGC/RBP4/HAMP/PRAP1/MUC6/TFF1/TFF3",7
"GO:0001990","regulation of systemic arterial blood pressure by hormone","4/377","35/15234",0.114285714285714,4.6181129215612,5.12877280982444,3.41355155371215,0.0105496201028684,0.0867799227970924,0.0598718825830362,"CPA3/EDN2/AVPR1A/MME",4
"GO:0010828","positive regulation of D-glucose transmembrane transport","4/377","35/15234",0.114285714285714,4.6181129215612,5.12877280982444,3.41355155371215,0.0105496201028684,0.0867799227970924,0.0598718825830362,"ADIPOQ/ITLN1/FGF21/IGF1",4
"GO:0017158","regulation of calcium ion-dependent exocytosis","4/377","35/15234",0.114285714285714,4.6181129215612,5.12877280982444,3.41355155371215,0.0105496201028684,0.0867799227970924,0.0598718825830362,"SYT13/SYT5/SYT4/TRPV6",4
"GO:1902041","regulation of extrinsic apoptotic signaling pathway via death domain receptors","4/377","35/15234",0.114285714285714,4.6181129215612,5.12877280982444,3.41355155371215,0.0105496201028684,0.0867799227970924,0.0598718825830362,"FGB/SFRP2/FGA/FGG",4
"GO:1903524","positive regulation of blood circulation","4/377","35/15234",0.114285714285714,4.6181129215612,5.12877280982444,3.41355155371215,0.0105496201028684,0.0867799227970924,0.0598718825830362,"ATP1A2/EDN2/AVPR1A/CHGA",4
"GO:0019229","regulation of vasoconstriction","5/377","54/15234",0.0925925925925926,3.74152667256116,4.06188281764319,3.21478034292243,0.010589980033079,0.0867799227970924,0.0598718825830362,"FGB/EDN2/AVPR1A/FGA/FGG",5
"GO:0032720","negative regulation of tumor necrosis factor production","5/377","54/15234",0.0925925925925926,3.74152667256116,4.06188281764319,3.21478034292243,0.010589980033079,0.0867799227970924,0.0598718825830362,"NR1H4/ADIPOQ/ORM1/IGF1/LBP",5
"GO:1900024","regulation of substrate adhesion-dependent cell spreading","5/377","54/15234",0.0925925925925926,3.74152667256116,4.06188281764319,3.21478034292243,0.010589980033079,0.0867799227970924,0.0598718825830362,"APOA1/FGB/OLFM4/FGA/FGG",5
"GO:0022600","digestive system process","6/377","75/15234",0.08,3.23267904509284,3.4660728934724,3.08758900689974,0.010596978867345,0.0867799227970924,0.0598718825830362,"RBP4/HAMP/PRAP1/MUC6/TFF1/TFF3",6
"GO:0003015","heart process","12/377","226/15234",0.0530973451327434,2.14558343700852,2.24959672257073,2.76386845685933,0.010756586553356,0.0878593542510552,0.0606166123682794,"CARTPT/ACTC1/ATP1A2/EDN2/AVPR1A/TRDN/CHGA/SCN7A/TBX5/DES/KCNJ3/STRIT1",12
"GO:0019755","one-carbon compound transport","3/377","19/15234",0.157894736842105,6.38028758899902,7.44034090909091,3.73804174362772,0.010853294403906,0.0879673425916584,0.0606911165282341,"HBA1/HBG2/HBD",3
"GO:0048520","positive regulation of behavior","3/377","19/15234",0.157894736842105,6.38028758899902,7.44034090909091,3.73804174362772,0.010853294403906,0.0879673425916584,0.0606911165282341,"GRPR/NPY1R/GRIA1",3
"GO:0048663","neuron fate commitment","3/377","19/15234",0.157894736842105,6.38028758899902,7.44034090909091,3.73804174362772,0.010853294403906,0.0879673425916584,0.0606911165282341,"ASCL1/MNX1/MYT1L",3
"GO:0097530","granulocyte migration","8/377","122/15234",0.0655737704918033,2.64973692220724,2.80378452907336,2.91428131391772,0.010912848257134,0.0882238192859351,0.0608680669336974,"SAA1/CD177/EDN2/CCL21/CXCL6/CXCL13/S100A12/S100A8",8
"GO:0015837","amine transport","6/377","76/15234",0.0789473684210526,3.19014379449951,3.41632653061225,3.04899216769761,0.0112726041640263,0.09066845232185,0.0625546872643831,"CHRNB2/CARTPT/ATP1A2/AVPR1A/CHGA/SYT4",6
"GO:0045921","positive regulation of exocytosis","6/377","76/15234",0.0789473684210526,3.19014379449951,3.41632653061225,3.04899216769761,0.0112726041640263,0.09066845232185,0.0625546872643831,"CARTPT/CD177/FGB/SYT4/FGA/FGG",6
"GO:0044282","small molecule catabolic process","16/377","342/15234",0.0467836257309941,1.89045558192564,1.97556208894856,2.65305732778501,0.0113817369844058,0.0913138847911339,0.0629999890781056,"FGF23/HPD/CYP4A11/ARG1/CDO1/ADIPOQ/SULT2A1/HAO1/ALDOB/GLYATL2/HGD/PAH/AGXT/TAT/GLDC/MAT1A",16
"GO:0002699","positive regulation of immune effector process","11/377","201/15234",0.054726368159204,2.21140979452868,2.32006039689387,2.75400113660847,0.0115969648997826,0.0926946585417436,0.0639526232958559,"ARG1/PGC/CD177/RBP4/CFHR1/CFHR5/MASP1/PCK1/CFHR2/LBP/COLEC11",11
"GO:0042220","response to cocaine","4/377","36/15234",0.111111111111111,4.48983200707339,4.96816353887399,3.33933805136813,0.0116418157042304,0.0926946585417436,0.0639526232958559,"CHRNB2/CARTPT/SLC1A2/GRIA1",4
"GO:0090077","foam cell differentiation","4/377","36/15234",0.111111111111111,4.48983200707339,4.96816353887399,3.33933805136813,0.0116418157042304,0.0926946585417436,0.0639526232958559,"APOB/ADIPOQ/CRP/PLA2G2A",4
"GO:0170033","L-amino acid metabolic process","9/377","149/15234",0.0604026845637584,2.44078115820768,2.57090450310559,2.81524588139391,0.0118902099284557,0.094434556743338,0.0651530274616429,"HPD/ARG1/CDO1/HGD/PAH/NMNAT2/AGXT/TAT/MAT1A",9
"GO:0006936","muscle contraction","16/377","345/15234",0.0463768115942029,1.87401683773498,1.95714369911341,2.61573905235946,0.0122880671131752,0.0973498249241776,0.0671643520698636,"CHRNB2/ACTC1/TNNT1/ATP1A2/EDN2/TNNC2/ACTA1/CHRNA1/TRDN/CHGA/SCN7A/KLHL41/DES/TNNT3/KCNJ3/STRIT1",16
"GO:0010165","response to X-ray","3/377","20/15234",0.15,6.06127320954907,7.00220195029884,3.60787022567668,0.0125380951538415,0.0981012841121111,0.0676828046659911,"LCN2/PRAP1/SFRP2",3
"GO:0032252","secretory granule localization","3/377","20/15234",0.15,6.06127320954907,7.00220195029884,3.60787022567668,0.0125380951538415,0.0981012841121111,0.0676828046659911,"UNC13A/SYT4/KIF1A",3
"GO:0032253","dense core granule localization","3/377","20/15234",0.15,6.06127320954907,7.00220195029884,3.60787022567668,0.0125380951538415,0.0981012841121111,0.0676828046659911,"UNC13A/SYT4/KIF1A",3
"GO:0034755","iron ion transmembrane transport","3/377","20/15234",0.15,6.06127320954907,7.00220195029884,3.60787022567668,0.0125380951538415,0.0981012841121111,0.0676828046659911,"LCN2/SCARA5/HAMP",3
"GO:1903861","positive regulation of dendrite extension","3/377","20/15234",0.15,6.06127320954907,7.00220195029884,3.60787022567668,0.0125380951538415,0.0981012841121111,0.0676828046659911,"UNC13A/RIMS2/SYT4",3
"GO:0034219","carbohydrate transmembrane transport","7/377","101/15234",0.0693069306930693,2.80058828163983,2.97127659574468,2.89208081631834,0.0126729950926756,0.0987454228558611,0.0681272139024819,"SLC2A2/CARTPT/ADIPOQ/ITLN1/FGF21/PDZK1IP1/IGF1",7
"GO:0032602","chemokine production","6/377","78/15234",0.0769230769230769,3.10834523566619,3.32097933513028,2.97368227634782,0.0127141370143421,0.0987454228558611,0.0681272139024819,"NR1H4/ADIPOQ/ADCYAP1/ACKR1/APOD/IL1RL1",6
"GO:0032642","regulation of chemokine production","6/377","78/15234",0.0769230769230769,3.10834523566619,3.32097933513028,2.97368227634782,0.0127141370143421,0.0987454228558611,0.0681272139024819,"NR1H4/ADIPOQ/ADCYAP1/ACKR1/APOD/IL1RL1",6
"GO:0140448","signaling receptor ligand precursor processing","4/377","37/15234",0.108108108108108,4.3684851960714,4.81728816313267,3.26779201942134,0.0128040595250818,0.0992000788205479,0.0684408936990986,"CPA3/SLC30A8/MME/PCSK1",4
"GO:0010827","regulation of D-glucose transmembrane transport","5/377","57/15234",0.087719298245614,3.54460421611057,3.82676799007444,3.06593213659417,0.0132069268056663,0.102071138466286,0.0704217176092612,"CARTPT/ADIPOQ/ITLN1/FGF21/IGF1",5
"GO:0032612","interleukin-1 production","7/377","103/15234",0.0679611650485437,2.74620792665654,2.90898085585586,2.83255653358731,0.0140054409077552,0.107715811945047,0.0743161348528689,"NR1H4/SAA1/APOA1/ORM2/ORM1/IGF1/NLRP2",7
"GO:0032652","regulation of interleukin-1 production","7/377","103/15234",0.0679611650485437,2.74620792665654,2.90898085585586,2.83255653358731,0.0140054409077552,0.107715811945047,0.0743161348528689,"NR1H4/SAA1/APOA1/ORM2/ORM1/IGF1/NLRP2",7
"GO:0061515","myeloid cell development","5/377","58/15234",0.0862068965517241,3.48349035031556,3.75431121931426,3.0185310612029,0.0141679727218576,0.10810678177153,0.0745858758112632,"LTF/EPB42/HBA1/HBG2/HBD",5
"GO:0045926","negative regulation of growth","10/377","180/15234",0.0555555555555556,2.24491600353669,2.35406315114602,2.67638249719582,0.0142660665764181,0.10810678177153,0.0745858758112632,"MT1G/MT1H/HRG/SCGB3A1/RBP4/HNF4A/TBX5/SFRP2/WT1/GNG4",10
"GO:0033627","cell adhesion mediated by integrin","6/377","80/15234",0.075,3.03063660477454,3.2307860421068,2.90075732185769,0.0142803060261249,0.10810678177153,0.0745858758112632,"HRG/CCL21/VTN/ITGB6/CXCL13/SFRP2",6
"GO:0071772","response to BMP","8/377","128/15234",0.0625,2.52553050397878,2.66251129177958,2.7608891827974,0.0142816167995517,0.10810678177153,0.0745858758112632,"LRP2/SOX11/TFAP2B/GREM2/HJV/VSTM2A/CHRDL1/TMEM100",8
"GO:0071773","cellular response to BMP stimulus","8/377","128/15234",0.0625,2.52553050397878,2.66251129177958,2.7608891827974,0.0142816167995517,0.10810678177153,0.0745858758112632,"LRP2/SOX11/TFAP2B/GREM2/HJV/VSTM2A/CHRDL1/TMEM100",8
"GO:0002719","negative regulation of cytokine production involved in immune response","3/377","21/15234",0.142857142857143,5.7726411519515,6.61274509803922,3.48625243663738,0.0143640772996022,0.10810678177153,0.0745858758112632,"ARG1/APOA1/APOA2",3
"GO:0033630","positive regulation of cell adhesion mediated by integrin","3/377","21/15234",0.142857142857143,5.7726411519515,6.61274509803922,3.48625243663738,0.0143640772996022,0.10810678177153,0.0745858758112632,"CCL21/CXCL13/SFRP2",3
"GO:0044321","response to leptin","3/377","21/15234",0.142857142857143,5.7726411519515,6.61274509803922,3.48625243663738,0.0143640772996022,0.10810678177153,0.0745858758112632,"FGF23/LRP2/FGB",3
"GO:1903859","regulation of dendrite extension","3/377","21/15234",0.142857142857143,5.7726411519515,6.61274509803922,3.48625243663738,0.0143640772996022,0.10810678177153,0.0745858758112632,"UNC13A/RIMS2/SYT4",3
"GO:0050727","regulation of inflammatory response","16/377","352/15234",0.0454545454545455,1.83674945743911,1.91544651101438,2.53007826359601,0.0146235625598243,0.109798292759156,0.0757528962922087,"NR1H4/SAA1/AHSG/CREB3L3/APOA1/ADIPOQ/APCS/PLA2G2A/S100A12/MMP3/IGF1/IL1RL1/S100A8/LBP/SELE/NLRP2",16
"GO:0008643","carbohydrate transport","7/377","104/15234",0.0673076923076923,2.71980208120792,2.87879632209529,2.8033253886297,0.0147079505066361,0.109909767261174,0.0758298056518939,"SLC2A2/CARTPT/ADIPOQ/ITLN1/FGF21/PDZK1IP1/IGF1",7
"GO:0071621","granulocyte chemotaxis","7/377","104/15234",0.0673076923076923,2.71980208120792,2.87879632209529,2.8033253886297,0.0147079505066361,0.109909767261174,0.0758298056518939,"SAA1/EDN2/CCL21/CXCL6/CXCL13/S100A12/S100A8",7
"GO:0045927","positive regulation of growth","10/377","181/15234",0.0552486187845304,2.23251315268842,2.34013735519544,2.65715661969778,0.0147803334102145,0.110190174315302,0.0760232662782585,"IGFBP1/UNC13A/AVPR1A/KRT17/RIMS2/SFRP2/SYT4/IGF1/S100A8/WT1",10
"GO:0040008","regulation of growth","19/377","444/15234",0.0427927927927928,1.72919205677826,1.80222149194873,2.48397466324453,0.0148840052694512,0.110370359117916,0.07614758078555,"IGFBP1/UNC13A/MT1G/MT1H/HRG/SCGB3A1/RBP4/AVPR1A/HNF4A/KRT17/MUSK/RIMS2/TBX5/SFRP2/SYT4/IGF1/S100A8/WT1/GNG4",19
"GO:0034762","regulation of transmembrane transport","15/377","323/15234",0.0464396284829721,1.87655517323501,1.95733479227954,2.53644218590801,0.0148898229523181,0.110370359117916,0.07614758078555,"CARTPT/SLN/ADIPOQ/ATP1A2/ITLN1/FGF21/F2/LCN2/BPIFA1/TRDN/HAMP/KCNC2/IGF1/GRIA1/STRIT1",15
"GO:0097237","cellular response to toxic substance","8/377","129/15234",0.062015503875969,2.50595274813398,2.64032789088221,2.73617373776289,0.0149092512949541,0.110370359117916,0.07614758078555,"APOA4/AMBP/FABP1/GPX2/HBA1/KCNC2/HP/ALB",8
"GO:0140029","exocytic process","6/377","81/15234",0.0740740740740741,2.99322133804892,3.18749326145553,2.86514469866201,0.0151116846863184,0.111294370605196,0.076785082012662,"UNC13A/SYT13/RIMS2/CPLX2/SYT5/SYT4",6
"GO:0008544","epidermis development","11/377","209/15234",0.0526315789473684,2.12676252966634,2.22510625379478,2.61273963386133,0.0151533132333527,0.111294370605196,0.076785082012662,"KRT80/PKP1/KRT17/SCEL/PITX2/KRT5/CDH3/KRT7/CASP14/HOXB13/CALML5",11
"GO:0003151","outflow tract morphogenesis","5/377","59/15234",0.0847457627118644,3.42444814098818,3.68453803265631,2.97216139846176,0.0151749046918189,0.111294370605196,0.076785082012662,"LRP2/SOX11/PITX2/NPY1R/SFRP2",5
"GO:0090303","positive regulation of wound healing","5/377","59/15234",0.0847457627118644,3.42444814098818,3.68453803265631,2.97216139846176,0.0151749046918189,0.111294370605196,0.076785082012662,"PLG/HRG/F2/VTN/APOH",5
"GO:0043434","response to peptide hormone","17/377","384/15234",0.0442708333333333,1.7889174403183,1.86444141689373,2.49420288244017,0.015293942497392,0.111907759801519,0.0772082762810621,"IGFBP1/CARTPT/G6PC1/NR1H4/AHSG/CDO1/ADIPOQ/SCNN1G/HNF4A/PLA2G2A/ACTN2/PCK1/TFF1/TAT/HMGCS2/IGF1/GRIA1",17
"GO:2000404","regulation of T cell migration","4/377","39/15234",0.102564102564103,4.14446031422159,4.5414017617771,3.13202993097677,0.0153444327634433,0.112017902922042,0.0772842670836207,"CCL21/CXCL13/APOD/CCL20",4
"GO:0031644","regulation of nervous system process","7/377","105/15234",0.0666666666666667,2.69389920424403,2.8492277992278,2.77443744052707,0.0154352394006203,0.112421179136776,0.0775624985615804,"CARTPT/UNC80/AVPR1A/RIMS2/TMEM100/IGF1/GRIA1",7
"GO:0009913","epidermal cell differentiation","8/377","130/15234",0.0615384615384615,2.48667618853295,2.61850815229464,2.71168917682596,0.0155566853919192,0.113045247181279,0.0779930604643801,"KRT80/PKP1/SCEL/PITX2/KRT5/CDH3/KRT7/CASP14",8
"GO:0071375","cellular response to peptide hormone stimulus","14/377","296/15234",0.0472972972972973,1.91121227328124,1.9933376316355,2.52183706276545,0.0158505062980693,0.114916170661002,0.0792838626141092,"IGFBP1/G6PC1/NR1H4/AHSG/ADIPOQ/SCNN1G/HNF4A/PLA2G2A/ACTN2/PCK1/TAT/HMGCS2/IGF1/GRIA1",14
"GO:0015698","inorganic anion transport","8/377","131/15234",0.0610687022900763,2.46769392755178,2.59704320620442,2.68743128438756,0.0162242479524434,0.116804330931627,0.0805865569053349,"FGF23/CLCA2/GLRA3/SLC34A2/SLC4A1/DCD/SLC4A10/CLIC6",8
"GO:0001708","cell fate specification","5/377","60/15234",0.0833333333333333,3.36737400530504,3.61730205278592,2.92678145384549,0.016228588948975,0.116804330931627,0.0805865569053349,"ASCL1/TBX5/TBX4/MNX1/MYT1L",5
"GO:0032945","negative regulation of mononuclear cell proliferation","5/377","60/15234",0.0833333333333333,3.36737400530504,3.61730205278592,2.92678145384549,0.016228588948975,0.116804330931627,0.0805865569053349,"ARG1/VTCN1/SOX11/CRP/PLA2G2A",5
"GO:0007156","homophilic cell-cell adhesion","9/377","157/15234",0.0573248407643312,2.31641014377672,2.43061471797885,2.64107913002351,0.0162687106445888,0.116804330931627,0.0805865569053349,"CEACAM6/PTPRT/DSC3/MYPN/CEACAM5/CADM3/CDH3/PCDH9/CDH7",9
"GO:0002438","acute inflammatory response to antigenic stimulus","3/377","22/15234",0.136363636363636,5.51024837231734,6.26428370391219,3.37222446618375,0.0163326524111923,0.116804330931627,0.0805865569053349,"IGHE/ORM2/ORM1",3
"GO:0048741","skeletal muscle fiber development","3/377","22/15234",0.136363636363636,5.51024837231734,6.26428370391219,3.37222446618375,0.0163326524111923,0.116804330931627,0.0805865569053349,"ACTA1/KLHL40/MYF6",3
"GO:0006887","exocytosis","15/377","327/15234",0.0458715596330275,1.85360036989268,1.93170951976201,2.4855996533291,0.0164689708021042,0.117513355994247,0.0810757330180732,"UNC13A/CARTPT/CD177/FGB/RAB3C/IGHE/SYT13/RIMS2/CPLX2/CHGA/SYT5/SYT4/FGA/TRPV6/FGG",15
"GO:0006814","sodium ion transport","11/377","212/15234",0.0518867924528302,2.09666683349182,2.19144713590517,2.56139522403397,0.0166794031469404,0.11874683186369,0.0819267423304118,"SLC38A4/SLC13A5/UNC80/ATP1A2/BPIFA1/KCNK3/SCNN1G/SLC34A2/NKAIN1/SCN7A/SLC4A10",11
"GO:0033555","multicellular organismal response to stress","4/377","40/15234",0.1,4.04084880636605,4.41495382782246,3.06751430213579,0.0167251927167153,0.11880524534278,0.0819670434144482,"ATP1A2/GRPR/HMGCS2/GRIA1",4
"GO:0055013","cardiac muscle cell development","5/377","61/15234",0.0819672131147541,3.31217115275906,3.55246735791091,2.88235189869725,0.0173298595227777,0.122824407963005,0.0847399755020108,"ACTC1/NRAP/TBX5/ACTN2/IGF1",5
"GO:0002762","negative regulation of myeloid leukocyte differentiation","4/377","41/15234",0.0975609756097561,3.9422915184059,4.29534091732483,3.00506377849723,0.0181812613118894,0.128283408497505,0.0885062918167477,"CARTPT/ADIPOQ/LTF/APCS",4
"GO:0050907","detection of chemical stimulus involved in sensory perception","4/377","41/15234",0.0975609756097561,3.9422915184059,4.29534091732483,3.00506377849723,0.0181812613118894,0.128283408497505,0.0885062918167477,"CARTPT/PIGR/OR2I1/PIP",4
"GO:0050796","regulation of insulin secretion","8/377","134/15234",0.0597014925373134,2.41244704857674,2.53469264851379,2.61597708539269,0.0183509470372154,0.12919230197024,0.0891333627051064,"SLC2A2/CARTPT/NR1H4/TFAP2B/RBP4/SLC30A8/HNF4A/CHGA",8
"GO:0022407","regulation of cell-cell adhesion","18/377","423/15234",0.0425531914893617,1.71951013036853,1.78916744042092,2.39063206426099,0.0184013845842729,0.129259503713081,0.0891797270567568,"ARG1/CEACAM6/APOA1/PLG/VTCN1/ADIPOQ/FGB/CCL21/FGL1/PKP1/PLA2G2A/CXCL13/PCK1/IGF1/FGA/VNN1/SELE/FGG",18
"GO:0031340","positive regulation of vesicle fusion","3/377","23/15234",0.130434782608696,5.27067235612963,5.95066844919786,3.2649694588458,0.0184448460252045,0.129277512828539,0.0891921520464479,"SYT13/SYT5/SYT4",3
"GO:0019318","hexose metabolic process","10/377","188/15234",0.0531914893617021,2.14938766296066,2.24703793282919,2.52599659994014,0.0187758687607313,0.13130646272715,0.0905919810181848,"CARTPT/G6PC1/ADIPOQ/TFAP2B/RBP4/ALDOB/PCK1/APOD/TFF3/IGF1",10
"GO:0050795","regulation of behavior","5/377","63/15234",0.0793650793650794,3.20702286219528,3.42950500556174,2.79619746074793,0.0196783296945768,0.137257811558359,0.09469798211784,"CHRNB2/CARTPT/GRPR/NPY1R/GRIA1",5
"GO:0070296","sarcoplasmic reticulum calcium ion transport","4/377","42/15234",0.0952380952380952,3.84842743463433,4.18202342316918,2.94455834331606,0.0197137128906976,0.137257811558359,0.09469798211784,"SLN/ATP1A2/TRDN/STRIT1",4
"GO:1905954","positive regulation of lipid localization","6/377","86/15234",0.0697674418604651,2.81919684165073,2.9872641509434,2.6949400291594,0.0197751574732294,0.137383017083248,0.094784364892142,"CYP4A11/APOA1/APOB/ADIPOQ/VSTM2A/PRAP1",6
"GO:0015748","organophosphate ester transport","9/377","163/15234",0.0552147239263804,2.23114351271745,2.33496259175607,2.51726700152498,0.0202543873255752,0.140403768281016,0.0968684651678264,"APOA4/APOA1/APOA2/PRAP1/APOC2/SLC25A47/XKR7/APOA5/APOC3",9
"GO:0070372","regulation of ERK1 and ERK2 cascade","12/377","247/15234",0.048582995951417,1.9631654119997,2.04563101136695,2.43102729928679,0.0203243081631124,0.140580170905029,0.0969901702448978,"FGF23/ADIPOQ/FGB/FGF21/CCL21/PLA2G2A/ADCYAP1/MARCO/DUSP26/IGF1/FGA/FGG",12
"GO:0000578","embryonic axis specification","3/377","24/15234",0.125,5.05106100795756,5.66692131398014,3.16378987528832,0.0207013213922641,0.142015345404012,0.0979803370521462,"TDRD1/CHRDL1/WT1",3
"GO:0086064","cell communication by electrical coupling involved in cardiac conduction","3/377","24/15234",0.125,5.05106100795756,5.66692131398014,3.16378987528832,0.0207013213922641,0.142015345404012,0.0979803370521462,"ATP1A2/TRDN/TBX5",3
"GO:0099550","trans-synaptic signaling, modulating synaptic transmission","3/377","24/15234",0.125,5.05106100795756,5.66692131398014,3.16378987528832,0.0207013213922641,0.142015345404012,0.0979803370521462,"PLG/CBLN2/SYT4",3
"GO:0008016","regulation of heart contraction","10/377","191/15234",0.0523560209424084,2.11562764731207,2.20934258659882,2.47153382593934,0.0207115071911577,0.142015345404012,0.0979803370521462,"CARTPT/ATP1A2/EDN2/AVPR1A/TRDN/CHGA/TBX5/DES/KCNJ3/STRIT1",10
"GO:0007160","cell-matrix adhesion","11/377","220/15234",0.05,2.02042440318302,2.10641357492091,2.42852067534123,0.0213099907290067,0.14580277206578,0.100593388056068,"CEACAM6/FGB/HRG/CCL21/VTN/ITGB6/ACTN2/MMP12/APOD/FGA/FGG",11
"GO:0000041","transition metal ion transport","6/377","88/15234",0.0681818181818182,2.75512418615867,2.91400959831701,2.63025615328762,0.0218873337713713,0.149429507670204,0.103095573829793,"TCN1/LTF/SLC30A8/LCN2/SCARA5/HAMP",6
"GO:1903036","positive regulation of response to wounding","5/377","65/15234",0.0769230769230769,3.10834523566619,3.31474014336918,2.71342463740777,0.0222263129654654,0.151416757077233,0.104466632472459,"PLG/HRG/F2/VTN/APOH",5
"GO:0055007","cardiac muscle cell differentiation","6/377","89/15234",0.0674157303370786,2.7241677346288,2.87870619946092,2.59858969922083,0.0229983947933022,0.152961697050207,0.105532529533419,"ACTC1/NRAP/TBX5/ACTN2/IGF1/WT1",6
"GO:0051937","catecholamine transport","4/377","44/15234",0.0909090909090909,3.67349891487823,3.97238605898123,2.82895017140726,0.0230115826441732,0.152961697050207,0.105532529533419,"CHRNB2/CARTPT/CHGA/SYT4",4
"GO:2000300","regulation of synaptic vesicle exocytosis","4/377","44/15234",0.0909090909090909,3.67349891487823,3.97238605898123,2.82895017140726,0.0230115826441732,0.152961697050207,0.105532529533419,"SYT13/RIMS2/SYT5/SYT4",4
"GO:0006883","intracellular sodium ion homeostasis","3/377","25/15234",0.12,4.84901856763926,5.40896937287312,3.06808590143811,0.0231024021558071,0.152961697050207,0.105532529533419,"ATP1A2/SCNN1G/TMPRSS3",3
"GO:0034391","regulation of smooth muscle cell apoptotic process","3/377","25/15234",0.12,4.84901856763926,5.40896937287312,3.06808590143811,0.0231024021558071,0.152961697050207,0.105532529533419,"APOH/IGF1/ESR1",3
"GO:0042744","hydrogen peroxide catabolic process","3/377","25/15234",0.12,4.84901856763926,5.40896937287312,3.06808590143811,0.0231024021558071,0.152961697050207,0.105532529533419,"APOA4/HBA1/HP",3
"GO:0050995","negative regulation of lipid catabolic process","3/377","25/15234",0.12,4.84901856763926,5.40896937287312,3.06808590143811,0.0231024021558071,0.152961697050207,0.105532529533419,"APOA2/CIDEC/APOC3",3
"GO:0035150","regulation of tube size","7/377","114/15234",0.0614035087719298,2.4812229512774,2.60798181358929,2.52868537810847,0.023165344214766,0.152961697050207,0.105532529533419,"FGB/EDN2/AVPR1A/CRP/KNG1/FGA/FGG",7
"GO:0035296","regulation of tube diameter","7/377","114/15234",0.0614035087719298,2.4812229512774,2.60798181358929,2.52868537810847,0.023165344214766,0.152961697050207,0.105532529533419,"FGB/EDN2/AVPR1A/CRP/KNG1/FGA/FGG",7
"GO:0097746","blood vessel diameter maintenance","7/377","114/15234",0.0614035087719298,2.4812229512774,2.60798181358929,2.52868537810847,0.023165344214766,0.152961697050207,0.105532529533419,"FGB/EDN2/AVPR1A/CRP/KNG1/FGA/FGG",7
"GO:0098656","monoatomic anion transmembrane transport","7/377","114/15234",0.0614035087719298,2.4812229512774,2.60798181358929,2.52868537810847,0.023165344214766,0.152961697050207,0.105532529533419,"CLCA2/GLRA3/SLC1A2/SLC4A1/DCD/SLC4A10/CLIC6",7
"GO:0007218","neuropeptide signaling pathway","5/377","66/15234",0.0757575757575758,3.06124909573185,3.26017979904812,2.67322873244948,0.0235768431709734,0.152961697050207,0.105532529533419,"CARTPT/GRPR/NPY1R/NXPH4/ADCYAP1",5
"GO:0050766","positive regulation of phagocytosis","5/377","66/15234",0.0757575757575758,3.06124909573185,3.26017979904812,2.67322873244948,0.0235768431709734,0.152961697050207,0.105532529533419,"AHSG/APOA1/APOA2/MASP1/COLEC11",5
"GO:0000302","response to reactive oxygen species","9/377","168/15234",0.0535714285714286,2.16474043198181,2.2607670221493,2.41814670527671,0.0240789110688282,0.152961697050207,0.105532529533419,"APOA4/AMBP/SCGB1A1/LCN2/FABP1/HBA1/HP/MMP3/APOD",9
"GO:0007530","sex determination","2/377","10/15234",0.2,8.08169761273209,9.89933333333333,3.56837777143097,0.0241024645864731,0.152961697050207,0.105532529533419,"TCF21/WT1",2
"GO:0010820","positive regulation of T cell chemotaxis","2/377","10/15234",0.2,8.08169761273209,9.89933333333333,3.56837777143097,0.0241024645864731,0.152961697050207,0.105532529533419,"CCL21/CXCL13",2
"GO:0014072","response to isoquinoline alkaloid","2/377","10/15234",0.2,8.08169761273209,9.89933333333333,3.56837777143097,0.0241024645864731,0.152961697050207,0.105532529533419,"CARTPT/GRIA1",2
"GO:0019530","taurine metabolic process","2/377","10/15234",0.2,8.08169761273209,9.89933333333333,3.56837777143097,0.0241024645864731,0.152961697050207,0.105532529533419,"BAAT/CDO1",2
"GO:0019694","alkanesulfonate metabolic process","2/377","10/15234",0.2,8.08169761273209,9.89933333333333,3.56837777143097,0.0241024645864731,0.152961697050207,0.105532529533419,"BAAT/CDO1",2
"GO:0033604","negative regulation of catecholamine secretion","2/377","10/15234",0.2,8.08169761273209,9.89933333333333,3.56837777143097,0.0241024645864731,0.152961697050207,0.105532529533419,"CHGA/SYT4",2
"GO:0033605","positive regulation of catecholamine secretion","2/377","10/15234",0.2,8.08169761273209,9.89933333333333,3.56837777143097,0.0241024645864731,0.152961697050207,0.105532529533419,"CHRNB2/CARTPT",2
"GO:0034379","very-low-density lipoprotein particle assembly","2/377","10/15234",0.2,8.08169761273209,9.89933333333333,3.56837777143097,0.0241024645864731,0.152961697050207,0.105532529533419,"APOB/APOC3",2
"GO:0035137","hindlimb morphogenesis","2/377","10/15234",0.2,8.08169761273209,9.89933333333333,3.56837777143097,0.0241024645864731,0.152961697050207,0.105532529533419,"TFAP2B/TBX4",2
"GO:0042045","epithelial fluid transport","2/377","10/15234",0.2,8.08169761273209,9.89933333333333,3.56837777143097,0.0241024645864731,0.152961697050207,0.105532529533419,"PKP1/CLDN18",2
"GO:0043278","response to morphine","2/377","10/15234",0.2,8.08169761273209,9.89933333333333,3.56837777143097,0.0241024645864731,0.152961697050207,0.105532529533419,"CARTPT/GRIA1",2
"GO:0048536","spleen development","2/377","10/15234",0.2,8.08169761273209,9.89933333333333,3.56837777143097,0.0241024645864731,0.152961697050207,0.105532529533419,"TCF21/PITX2",2
"GO:0071492","cellular response to UV-A","2/377","10/15234",0.2,8.08169761273209,9.89933333333333,3.56837777143097,0.0241024645864731,0.152961697050207,0.105532529533419,"MME/MMP3",2
"GO:0097267","omega-hydroxylase P450 pathway","2/377","10/15234",0.2,8.08169761273209,9.89933333333333,3.56837777143097,0.0241024645864731,0.152961697050207,0.105532529533419,"CYP4A11/CYP2C9",2
"GO:0098976","excitatory chemical synaptic transmission","2/377","10/15234",0.2,8.08169761273209,9.89933333333333,3.56837777143097,0.0241024645864731,0.152961697050207,0.105532529533419,"CHRDL1/PVALB",2
"GO:0099519","dense core granule cytoskeletal transport","2/377","10/15234",0.2,8.08169761273209,9.89933333333333,3.56837777143097,0.0241024645864731,0.152961697050207,0.105532529533419,"SYT4/KIF1A",2
"GO:1901950","dense core granule transport","2/377","10/15234",0.2,8.08169761273209,9.89933333333333,3.56837777143097,0.0241024645864731,0.152961697050207,0.105532529533419,"SYT4/KIF1A",2
"GO:1904478","regulation of intestinal absorption","2/377","10/15234",0.2,8.08169761273209,9.89933333333333,3.56837777143097,0.0241024645864731,0.152961697050207,0.105532529533419,"HAMP/PRAP1",2
"GO:2001280","positive regulation of unsaturated fatty acid biosynthetic process","2/377","10/15234",0.2,8.08169761273209,9.89933333333333,3.56837777143097,0.0241024645864731,0.152961697050207,0.105532529533419,"EDN2/AVPR1A",2
"GO:0016079","synaptic vesicle exocytosis","6/377","90/15234",0.0666666666666667,2.69389920424403,2.84424335772045,2.56735753005645,0.0241467531882485,0.152961697050207,0.105532529533419,"UNC13A/SYT13/RIMS2/CPLX2/SYT5/SYT4",6
"GO:0050764","regulation of phagocytosis","6/377","90/15234",0.0666666666666667,2.69389920424403,2.84424335772045,2.56735753005645,0.0241467531882485,0.152961697050207,0.105532529533419,"AHSG/APOA1/ADIPOQ/APOA2/MASP1/COLEC11",6
"GO:0045785","positive regulation of cell adhesion","17/377","405/15234",0.0419753086419753,1.69615875822772,1.76097508591065,2.26192241719296,0.0242310341967916,0.153188598192116,0.105689074942639,"SAA1/CEACAM6/APOA1/FGB/HRG/CCL21/OLFM4/PKP1/CXCL13/PCK1/SFRP2/DUSP26/IGF1/FGA/VNN1/SELE/FGG",17
"GO:0007162","negative regulation of cell adhesion","12/377","254/15234",0.047244094488189,1.90906242820443,1.98550888712782,2.32730067098081,0.0246158301107048,0.155310656646583,0.107153142096941,"ARG1/APOA1/PLG/VTCN1/ADIPOQ/HRG/CCL21/FGL1/KNG1/PLA2G2A/MMP12/APOD",12
"GO:0033628","regulation of cell adhesion mediated by integrin","4/377","45/15234",0.0888888888888889,3.59186560565871,3.87523703655267,2.77365205160848,0.024778671582728,0.155407501732149,0.107219958215289,"HRG/CCL21/CXCL13/SFRP2",4
"GO:0060420","regulation of heart growth","4/377","45/15234",0.0888888888888889,3.59186560565871,3.87523703655267,2.77365205160848,0.024778671582728,0.155407501732149,0.107219958215289,"RBP4/TBX5/IGF1/WT1",4
"GO:0071715","icosanoid transport","4/377","45/15234",0.0888888888888889,3.59186560565871,3.87523703655267,2.77365205160848,0.024778671582728,0.155407501732149,0.107219958215289,"CYP4A11/SLC22A7/SLCO1B1/PLA2G2A",4
"GO:0043588","skin development","9/377","169/15234",0.0532544378698225,2.15193131699967,2.246484375,2.39874014871272,0.0249015637303356,0.155868995943744,0.107538355908658,"KRT80/TFAP2B/PKP1/KRT17/SCEL/KRT5/CDH3/KRT7/CASP14",9
"GO:0001818","negative regulation of cytokine production","12/377","255/15234",0.0470588235294118,1.90157590887814,1.97720277354981,2.31275065514539,0.0252793425604053,0.157920952240002,0.108954057634072,"NR1H4/ARG1/APOA1/ADIPOQ/LTF/F2/APOA2/ORM1/APOD/IGF1/IL1RL1/LBP",12
"GO:0010804","negative regulation of tumor necrosis factor-mediated signaling pathway","3/377","26/15234",0.115384615384615,4.66251785349929,5.17344803534062,2.97733845612962,0.0256480940035374,0.158656800675503,0.109461739937871,"NR1H4/APOA1/ADIPOQ",3
"GO:0014014","negative regulation of gliogenesis","3/377","26/15234",0.115384615384615,4.66251785349929,5.17344803534062,2.97733845612962,0.0256480940035374,0.158656800675503,0.109461739937871,"SOX11/F2/NEGR1",3
"GO:0019228","neuronal action potential","3/377","26/15234",0.115384615384615,4.66251785349929,5.17344803534062,2.97733845612962,0.0256480940035374,0.158656800675503,0.109461739937871,"UNC80/CHRNA1/GRIA1",3
"GO:0034390","smooth muscle cell apoptotic process","3/377","26/15234",0.115384615384615,4.66251785349929,5.17344803534062,2.97733845612962,0.0256480940035374,0.158656800675503,0.109461739937871,"APOH/IGF1/ESR1",3
"GO:2000352","negative regulation of endothelial cell apoptotic process","3/377","26/15234",0.115384615384615,4.66251785349929,5.17344803534062,2.97733845612962,0.0256480940035374,0.158656800675503,0.109461739937871,"FGB/FGA/FGG",3
"GO:0045055","regulated exocytosis","10/377","198/15234",0.0505050505050505,2.0408327304879,2.12606527914662,2.34825476282123,0.0257884671881465,0.159213564026819,0.109845866460713,"UNC13A/CD177/IGHE/SYT13/RIMS2/CPLX2/CHGA/SYT5/SYT4/TRPV6",10
"GO:0035051","cardiocyte differentiation","7/377","117/15234",0.0598290598290598,2.41760184996259,2.53633906633907,2.45195350191008,0.0262466809434897,0.161098560121109,0.111146377698672,"ACTC1/NRAP/PITX2/TBX5/ACTN2/IGF1/WT1",7
"GO:0060078","regulation of postsynaptic membrane potential","7/377","117/15234",0.0598290598290598,2.41760184996259,2.53633906633907,2.45195350191008,0.0262466809434897,0.161098560121109,0.111146377698672,"CHRNB2/GRIK3/GLRA3/CHRNA1/GRIA2/RIMS2/GRIA1",7
"GO:1990748","cellular detoxification","7/377","117/15234",0.0598290598290598,2.41760184996259,2.53633906633907,2.45195350191008,0.0262466809434897,0.161098560121109,0.111146377698672,"APOA4/AMBP/FABP1/GPX2/HBA1/HP/ALB",7
"GO:0055006","cardiac cell development","5/377","68/15234",0.0735294117647059,2.97121235762209,3.15625533367469,2.59507657889674,0.0264341082201338,0.161621307705692,0.111507035797872,"ACTC1/NRAP/TBX5/ACTN2/IGF1",5
"GO:0070664","negative regulation of leukocyte proliferation","5/377","68/15234",0.0735294117647059,2.97121235762209,3.15625533367469,2.59507657889674,0.0264341082201338,0.161621307705692,0.111507035797872,"ARG1/VTCN1/SOX11/CRP/PLA2G2A",5
"GO:0015908","fatty acid transport","6/377","92/15234",0.0652173913043478,2.63533617806481,2.77772205854698,2.5061506386879,0.0265572072543753,0.162060486739537,0.1118100376294,"CYP4A11/SLC22A7/FABP1/SLCO1B1/PLA2G2A/FABP4",6
"GO:0030225","macrophage differentiation","4/377","46/15234",0.0869565217391304,3.51378157075308,3.78271415804928,2.7199066198844,0.0266254866918974,0.162164091393233,0.111881517361821,"ADIPOQ/CSF3/IGHE/IL1RL1",4
"GO:0031589","cell-substrate adhesion","14/377","317/15234",0.0441640378548896,1.78460199650236,1.85251252397967,2.24872386845024,0.0267068026886193,0.162346544805242,0.112007397045838,"CEACAM6/APOA1/PLG/FGB/HRG/CCL21/VTN/OLFM4/ITGB6/ACTN2/MMP12/APOD/FGA/FGG",14
"GO:0010959","regulation of metal ion transport","13/377","288/15234",0.0451388888888889,1.82399425287356,1.89376623376623,2.24882557669539,0.0274868257168858,0.166767478101873,0.11505752189859,"SLN/ATP1A2/F2/LPAR3/LCN2/BPIFA1/TRDN/HAMP/NKAIN1/KCNC2/ACTN2/KCNF1/STRIT1",13
"GO:0035235","ionotropic glutamate receptor signaling pathway","3/377","27/15234",0.111111111111111,4.48983200707339,4.95755347593583,2.89109568188265,0.028338105331457,0.170288866734989,0.117487025866508,"GRIK3/GRIA2/GRIA1",3
"GO:0042044","fluid transport","3/377","27/15234",0.111111111111111,4.48983200707339,4.95755347593583,2.89109568188265,0.028338105331457,0.170288866734989,0.117487025866508,"AQP4/PKP1/CLDN18",3
"GO:0048261","negative regulation of receptor-mediated endocytosis","3/377","27/15234",0.111111111111111,4.48983200707339,4.95755347593583,2.89109568188265,0.028338105331457,0.170288866734989,0.117487025866508,"ADIPOQ/APOC2/APOC3",3
"GO:0006826","iron ion transport","4/377","47/15234",0.0851063829787234,3.43902026073706,3.69449466924372,2.66763357561753,0.0285526293393177,0.170288866734989,0.117487025866508,"LTF/LCN2/SCARA5/HAMP",4
"GO:0009070","serine family amino acid biosynthetic process","2/377","11/15234",0.181818181818182,7.34699782975645,8.79881481481481,3.35438110592867,0.0289830466002607,0.170288866734989,0.117487025866508,"HAO1/AGXT",2
"GO:0010819","regulation of T cell chemotaxis","2/377","11/15234",0.181818181818182,7.34699782975645,8.79881481481481,3.35438110592867,0.0289830466002607,0.170288866734989,0.117487025866508,"CCL21/CXCL13",2
"GO:0019682","glyceraldehyde-3-phosphate metabolic process","2/377","11/15234",0.181818181818182,7.34699782975645,8.79881481481481,3.35438110592867,0.0289830466002607,0.170288866734989,0.117487025866508,"ALDOB/PCK1",2
"GO:0031392","regulation of prostaglandin biosynthetic process","2/377","11/15234",0.181818181818182,7.34699782975645,8.79881481481481,3.35438110592867,0.0289830466002607,0.170288866734989,0.117487025866508,"EDN2/AVPR1A",2
"GO:0032489","regulation of Cdc42 protein signal transduction","2/377","11/15234",0.181818181818182,7.34699782975645,8.79881481481481,3.35438110592867,0.0289830466002607,0.170288866734989,0.117487025866508,"APOA1/APOC3",2
"GO:0034380","high-density lipoprotein particle assembly","2/377","11/15234",0.181818181818182,7.34699782975645,8.79881481481481,3.35438110592867,0.0289830466002607,0.170288866734989,0.117487025866508,"APOA1/APOA2",2
"GO:0035136","forelimb morphogenesis","2/377","11/15234",0.181818181818182,7.34699782975645,8.79881481481481,3.35438110592867,0.0289830466002607,0.170288866734989,0.117487025866508,"TFAP2B/TBX5",2
"GO:0055062","phosphate ion homeostasis","2/377","11/15234",0.181818181818182,7.34699782975645,8.79881481481481,3.35438110592867,0.0289830466002607,0.170288866734989,0.117487025866508,"FGF23/SLC34A2",2
"GO:0060977","coronary vasculature morphogenesis","2/377","11/15234",0.181818181818182,7.34699782975645,8.79881481481481,3.35438110592867,0.0289830466002607,0.170288866734989,0.117487025866508,"LRP2/TBX5",2
"GO:0070943","neutrophil-mediated killing of symbiont cell","2/377","11/15234",0.181818181818182,7.34699782975645,8.79881481481481,3.35438110592867,0.0289830466002607,0.170288866734989,0.117487025866508,"ARG1/F2",2
"GO:0098712","L-glutamate import across plasma membrane","2/377","11/15234",0.181818181818182,7.34699782975645,8.79881481481481,3.35438110592867,0.0289830466002607,0.170288866734989,0.117487025866508,"ATP1A2/SLC1A2",2
"GO:1901844","regulation of cell communication by electrical coupling involved in cardiac conduction","2/377","11/15234",0.181818181818182,7.34699782975645,8.79881481481481,3.35438110592867,0.0289830466002607,0.170288866734989,0.117487025866508,"TRDN/TBX5",2
"GO:1990504","dense core granule exocytosis","2/377","11/15234",0.181818181818182,7.34699782975645,8.79881481481481,3.35438110592867,0.0289830466002607,0.170288866734989,0.117487025866508,"UNC13A/SYT4",2
"GO:0019722","calcium-mediated signaling","10/377","202/15234",0.0495049504950495,2.00042020117131,2.08120458673933,2.28006689178723,0.0290613694620593,0.170432261353561,0.117585957802484,"GRIK3/ATP1A2/EDN2/AVPR1A/TRDN/DEFB1/CCL20/IGF1/GRIA1/SELE",10
"GO:0002698","negative regulation of immune effector process","6/377","94/15234",0.0638297872340425,2.5792651955528,2.71422445479049,2.44654882925646,0.0291222117371917,0.170472798706043,0.117613925649537,"ARG1/APOA1/APOA2/MASP1/C4BPA/C4BPB",6
"GO:0007606","sensory perception of chemical stimulus","5/377","70/15234",0.0714285714285714,2.88632057597575,3.05872622001654,2.51973848187517,0.0295033876366128,0.17206680501722,0.118713674942038,"CARTPT/SCNN1G/PIGR/OR2I1/PIP",5
"GO:0007626","locomotory behavior","5/377","70/15234",0.0714285714285714,2.88632057597575,3.05872622001654,2.51973848187517,0.0295033876366128,0.17206680501722,0.118713674942038,"CHRNB2/CARTPT/ATP1A2/SEZ6L/GRIA1",5
"GO:0005996","monosaccharide metabolic process","10/377","203/15234",0.0492610837438424,1.99056591446603,2.07027996216346,2.26326441843353,0.0299236587421167,0.17419647381921,0.120182992686784,"CARTPT/G6PC1/ADIPOQ/TFAP2B/RBP4/ALDOB/PCK1/APOD/TFF3/IGF1",10
"GO:0021510","spinal cord development","4/377","48/15234",0.0833333333333333,3.36737400530504,3.61028515720205,2.61675841808249,0.030560609378178,0.177251534393432,0.122290763955625,"ASCL1/SOX11/MNX1/GRIA1",4
"GO:0036230","granulocyte activation","4/377","48/15234",0.0833333333333333,3.36737400530504,3.61028515720205,2.61675841808249,0.030560609378178,0.177251534393432,0.122290763955625,"CD177/IGHE/CXCL6/PLA2G2A",4
"GO:0030509","BMP signaling pathway","7/377","121/15234",0.0578512396694215,2.33768112764978,2.44668089141773,2.35324843439014,0.0307744839527732,0.178009493491714,0.122813701020701,"LRP2/SOX11/TFAP2B/GREM2/HJV/CHRDL1/TMEM100",7
"GO:0033500","carbohydrate homeostasis","10/377","204/15234",0.0490196078431373,1.98080823841473,2.05946796258322,2.24655747035547,0.0308039205757569,0.178009493491714,0.122813701020701,"SLC2A2/CARTPT/G6PC1/NR1H4/ADIPOQ/RBP4/VGF/HNF4A/ACSM2A/PCK1",10
"GO:0032024","positive regulation of insulin secretion","5/377","71/15234",0.0704225352112676,2.84566817349722,3.01217823395243,2.48306486464246,0.0311187962402407,0.178828078869731,0.12337846584253,"SLC2A2/CARTPT/NR1H4/RBP4/SLC30A8",5
"GO:0042178","xenobiotic catabolic process","3/377","28/15234",0.107142857142857,4.32948086396362,4.75893048128342,2.80896210453258,0.0311718669589439,0.178828078869731,0.12337846584253,"UGT1A7/CYP2C9/UGT1A10",3
"GO:0050909","sensory perception of taste","3/377","28/15234",0.107142857142857,4.32948086396362,4.75893048128342,2.80896210453258,0.0311718669589439,0.178828078869731,0.12337846584253,"SCNN1G/PIGR/PIP",3
"GO:1990806","ligand-gated ion channel signaling pathway","3/377","28/15234",0.107142857142857,4.32948086396362,4.75893048128342,2.80896210453258,0.0311718669589439,0.178828078869731,0.12337846584253,"GRIK3/GRIA2/GRIA1",3
"GO:0002444","myeloid leukocyte mediated immunity","6/377","96/15234",0.0625,2.52553050397878,2.65354896675651,2.38847168199909,0.0318449958422402,0.181742208849612,0.12538900517425,"ARG1/CD177/F2/IGHE/CPLX2/CHGA",6
"GO:0120162","positive regulation of cold-induced thermogenesis","6/377","96/15234",0.0625,2.52553050397878,2.65354896675651,2.38847168199909,0.0318449958422402,0.181742208849612,0.12538900517425,"SLN/ADIPOQ/FGF21/LCN2/ADCYAP1/FABP4",6
"GO:0070371","ERK1 and ERK2 cascade","12/377","264/15234",0.0454545454545455,1.83674945743911,1.90541422048271,2.18466241514783,0.0318523200577934,0.181742208849612,0.12538900517425,"FGF23/ADIPOQ/FGB/FGF21/CCL21/PLA2G2A/ADCYAP1/MARCO/DUSP26/IGF1/FGA/FGG",12
"GO:1904645","response to amyloid-beta","4/377","49/15234",0.0816326530612245,3.29865208682943,3.52981829014001,2.56721191546081,0.032649846539819,0.185633762192349,0.128073896071731,"LCN2/MMP12/MMP3/IGF1",4
"GO:0032496","response to lipopolysaccharide","12/377","265/15234",0.0452830188679245,1.82981832741104,1.89775299149927,2.17073795402821,0.0326518101167182,0.185633762192349,0.128073896071731,"NR1H4/CSF3/LTF/SCGB1A1/LCN2/CXCL6/CXCL13/MMP3/HMGCS2/S100A8/LBP/SELE",12
"GO:2001237","negative regulation of extrinsic apoptotic signaling pathway","5/377","72/15234",0.0694444444444444,2.80614500442087,2.96701974000963,2.44702525038497,0.0327886496191888,0.186077058251806,0.128379738353745,"FGB/SFRP2/IGF1/FGA/FGG",5
"GO:0002701","negative regulation of production of molecular mediator of immune response","3/377","29/15234",0.103448275862069,4.18018842037867,4.57558617852736,2.73058985958307,0.034148550931993,0.188774241047455,0.130240599788522,"ARG1/APOA1/APOA2",3
"GO:0006882","intracellular zinc ion homeostasis","3/377","29/15234",0.103448275862069,4.18018842037867,4.57558617852736,2.73058985958307,0.034148550931993,0.188774241047455,0.130240599788522,"MT1G/MT1H/SLC30A8",3
"GO:0010644","cell communication by electrical coupling","3/377","29/15234",0.103448275862069,4.18018842037867,4.57558617852736,2.73058985958307,0.034148550931993,0.188774241047455,0.130240599788522,"ATP1A2/TRDN/TBX5",3
"GO:0015701","bicarbonate transport","3/377","29/15234",0.103448275862069,4.18018842037867,4.57558617852736,2.73058985958307,0.034148550931993,0.188774241047455,0.130240599788522,"CA4/SLC4A1/SLC4A10",3
"GO:2000406","positive regulation of T cell migration","3/377","29/15234",0.103448275862069,4.18018842037867,4.57558617852736,2.73058985958307,0.034148550931993,0.188774241047455,0.130240599788522,"CCL21/CXCL13/CCL20",3
"GO:0002002","regulation of angiotensin levels in blood","2/377","12/15234",0.166666666666667,6.73474801061008,7.9184,3.16567945792465,0.0342194369250843,0.188774241047455,0.130240599788522,"CPA3/MME",2
"GO:0002003","angiotensin maturation","2/377","12/15234",0.166666666666667,6.73474801061008,7.9184,3.16567945792465,0.0342194369250843,0.188774241047455,0.130240599788522,"CPA3/MME",2
"GO:0007597","blood coagulation, intrinsic pathway","2/377","12/15234",0.166666666666667,6.73474801061008,7.9184,3.16567945792465,0.0342194369250843,0.188774241047455,0.130240599788522,"APOH/F9",2
"GO:0010273","detoxification of copper ion","2/377","12/15234",0.166666666666667,6.73474801061008,7.9184,3.16567945792465,0.0342194369250843,0.188774241047455,0.130240599788522,"MT1G/MT1H",2
"GO:0016081","synaptic vesicle docking","2/377","12/15234",0.166666666666667,6.73474801061008,7.9184,3.16567945792465,0.0342194369250843,0.188774241047455,0.130240599788522,"UNC13A/RIMS2",2
"GO:0030502","negative regulation of bone mineralization","2/377","12/15234",0.166666666666667,6.73474801061008,7.9184,3.16567945792465,0.0342194369250843,0.188774241047455,0.130240599788522,"FGF23/AHSG",2
"GO:0043576","regulation of respiratory gaseous exchange","2/377","12/15234",0.166666666666667,6.73474801061008,7.9184,3.16567945792465,0.0342194369250843,0.188774241047455,0.130240599788522,"ATP1A2/GRPR",2
"GO:0051412","response to corticosterone","2/377","12/15234",0.166666666666667,6.73474801061008,7.9184,3.16567945792465,0.0342194369250843,0.188774241047455,0.130240599788522,"CARTPT/AVPR1A",2
"GO:0060253","negative regulation of glial cell proliferation","2/377","12/15234",0.166666666666667,6.73474801061008,7.9184,3.16567945792465,0.0342194369250843,0.188774241047455,0.130240599788522,"SOX11/NEGR1",2
"GO:0070327","thyroid hormone transport","2/377","12/15234",0.166666666666667,6.73474801061008,7.9184,3.16567945792465,0.0342194369250843,0.188774241047455,0.130240599788522,"SLCO1B1/SERPINA7",2
"GO:1990169","stress response to copper ion","2/377","12/15234",0.166666666666667,6.73474801061008,7.9184,3.16567945792465,0.0342194369250843,0.188774241047455,0.130240599788522,"MT1G/MT1H",2
"GO:0014902","myotube differentiation","7/377","124/15234",0.0564516129032258,2.28112432617438,2.38346038346038,2.28174823149251,0.0344958747733345,0.189733388992082,0.130902342634904,"SCGB3A1/ACTA1/AVPR1A/KLHL40/CEACAM5/IGF1/MYF6",7
"GO:0006094","gluconeogenesis","5/377","73/15234",0.0684931506849315,2.76770466189455,2.92318943706515,2.41159873800011,0.0345133497850197,0.189733388992082,0.130902342634904,"G6PC1/ADIPOQ/RBP4/ALDOB/PCK1",5
"GO:0060326","cell chemotaxis","12/377","269/15234",0.0446096654275093,1.8026091329514,1.86770428015564,2.11562997279395,0.0359938001941293,0.197528476412574,0.136280390272206,"SAA1/EDN2/HRG/CCL21/CXCL6/CXCL1/CXCL14/CHGA/CXCL13/S100A12/CCL20/S100A8",12
"GO:0051223","regulation of protein transport","15/377","362/15234",0.0414364640883978,1.67438486451632,1.73268903147738,2.0685939303021,0.0363066138526676,0.198599129122306,0.137019063357617,"SLC2A2/CARTPT/NR1H4/SAA1/FGB/TFAP2B/RBP4/SLC30A8/HNF4A/CHGA/APOD/SYT4/IGF1/FGA/FGG",15
"GO:0071222","cellular response to lipopolysaccharide","9/377","181/15234",0.0497237569060773,2.00926183741958,2.0880466380182,2.17585245760515,0.0363773792349937,0.198599129122306,0.137019063357617,"NR1H4/CSF3/LTF/LCN2/CXCL6/CXCL13/MMP3/HMGCS2/LBP",9
"GO:1901654","response to ketone","9/377","181/15234",0.0497237569060773,2.00926183741958,2.0880466380182,2.17585245760515,0.0363773792349937,0.198599129122306,0.137019063357617,"CARTPT/CCL21/AVPR1A/SCNN1G/PCK1/TAT/HMGCS2/HOXB13/NKX2-2",9
"GO:0045669","positive regulation of osteoblast differentiation","4/377","51/15234",0.0784313725490196,3.16929318146357,3.37915692202384,2.47185150762467,0.0370733297945345,0.201369686481632,0.138930547944842,"SOX11/LTF/IGF1/NELL1",4
"GO:0007043","cell-cell junction assembly","7/377","126/15234",0.0555555555555556,2.24491600353669,2.34308426073132,2.2352168816678,0.0371360769398102,0.201369686481632,0.138930547944842,"NR1H4/GJB1/PKP1/TBX5/CLDN18/CDH3/CDH7",7
"GO:0010039","response to iron ion","3/377","30/15234",0.1,4.04084880636605,4.4058229352347,2.65567153473657,0.0372670884504128,0.201369686481632,0.138930547944842,"LCN2/HAMP/TFF1",3
"GO:0051385","response to mineralocorticoid","3/377","30/15234",0.1,4.04084880636605,4.4058229352347,2.65567153473657,0.0372670884504128,0.201369686481632,0.138930547944842,"CARTPT/AVPR1A/SCNN1G",3
"GO:0051955","regulation of amino acid transport","3/377","30/15234",0.1,4.04084880636605,4.4058229352347,2.65567153473657,0.0372670884504128,0.201369686481632,0.138930547944842,"ATP1A2/AVPR1A/SYT4",3
"GO:0097484","dendrite extension","3/377","30/15234",0.1,4.04084880636605,4.4058229352347,2.65567153473657,0.0372670884504128,0.201369686481632,0.138930547944842,"UNC13A/RIMS2/SYT4",3
"GO:0002573","myeloid leukocyte differentiation","9/377","182/15234",0.0494505494505494,1.99822193721398,2.07583563709475,2.15806009121744,0.0374734577004973,0.202139248790566,0.139461490387699,"CARTPT/UBD/MT1G/ADIPOQ/CSF3/LTF/APCS/IGHE/IL1RL1",9
"GO:0006937","regulation of muscle contraction","8/377","154/15234",0.051948051948052,2.09914223707327,2.18450458477187,2.18379275621008,0.0378300617263067,0.203368750198734,0.14030975760865,"TNNT1/ATP1A2/EDN2/TNNC2/TRDN/CHGA/TNNT3/STRIT1",8
"GO:0015718","monocarboxylic acid transport","8/377","154/15234",0.051948051948052,2.09914223707327,2.18450458477187,2.18379275621008,0.0378300617263067,0.203368750198734,0.14030975760865,"NR1H4/CYP4A11/SLC22A7/FABP1/UGT1A3/SLCO1B1/PLA2G2A/FABP4",8
"GO:0030510","regulation of BMP signaling pathway","5/377","75/15234",0.0666666666666667,2.69389920424403,2.83928571428571,2.34250622511782,0.0381287097071063,0.203933758687247,0.140699572680989,"LRP2/SOX11/TFAP2B/GREM2/CHRDL1",5
"GO:0035249","synaptic transmission, glutamatergic","5/377","75/15234",0.0666666666666667,2.69389920424403,2.83928571428571,2.34250622511782,0.0381287097071063,0.203933758687247,0.140699572680989,"UNC13A/GRIK3/ATP1A2/GRIA2/GRIA1",5
"GO:0051591","response to cAMP","5/377","75/15234",0.0666666666666667,2.69389920424403,2.83928571428571,2.34250622511782,0.0381287097071063,0.203933758687247,0.140699572680989,"CDO1/VGF/TAT/HMGCS2/WT1",5
"GO:0043269","regulation of monoatomic ion transport","14/377","334/15234",0.0419161676646707,1.69376896075224,1.75204889807163,2.04217426614469,0.0389093362633768,0.205522511922377,0.141795697730207,"SLN/ATP1A2/F2/LPAR3/LCN2/BPIFA1/TRDN/HAMP/NKAIN1/KCNC2/ACTN2/KCNF1/GRIA1/STRIT1",14
"GO:0033559","unsaturated fatty acid metabolic process","6/377","101/15234",0.0594059405940594,2.40050424140557,2.51303731025677,2.24947118174776,0.0393607437387448,0.205522511922377,0.141795697730207,"CYP4A11/EDN2/CYP2C9/CYP4Z1/CYP2E1/AVPR1A",6
"GO:0019748","secondary metabolic process","4/377","52/15234",0.0769230769230769,3.10834523566619,3.30853440571939,2.42592147834407,0.0394079790080713,0.205522511922377,0.141795697730207,"UGT1A8/UGT1A7/CDH3/UGT1A10",4
"GO:0046456","icosanoid biosynthetic process","4/377","52/15234",0.0769230769230769,3.10834523566619,3.30853440571939,2.42592147834407,0.0394079790080713,0.205522511922377,0.141795697730207,"CYP4A11/EDN2/CYP2C9/AVPR1A",4
"GO:0030099","myeloid cell differentiation","14/377","335/15234",0.0417910447761194,1.68871293400372,1.74647065386233,2.03039210952126,0.0397335690690674,0.205522511922377,0.141795697730207,"CARTPT/UBD/MT1G/ADIPOQ/CSF3/LTF/APCS/IGHE/EPB42/AHSP/HBA1/HBG2/IL1RL1/HBD",14
"GO:0003214","cardiac left ventricle morphogenesis","2/377","13/15234",0.153846153846154,6.21669047133238,7.19806060606061,2.99738815381364,0.0397911348612764,0.205522511922377,0.141795697730207,"TBX5/SFRP2",2
"GO:0007351","tripartite regional subdivision","2/377","13/15234",0.153846153846154,6.21669047133238,7.19806060606061,2.99738815381364,0.0397911348612764,0.205522511922377,0.141795697730207,"TDRD1/WT1",2
"GO:0008595","anterior/posterior axis specification, embryo","2/377","13/15234",0.153846153846154,6.21669047133238,7.19806060606061,2.99738815381364,0.0397911348612764,0.205522511922377,0.141795697730207,"TDRD1/WT1",2
"GO:0010745","negative regulation of macrophage derived foam cell differentiation","2/377","13/15234",0.153846153846154,6.21669047133238,7.19806060606061,2.99738815381364,0.0397911348612764,0.205522511922377,0.141795697730207,"ADIPOQ/CRP",2
"GO:0014048","regulation of glutamate secretion","2/377","13/15234",0.153846153846154,6.21669047133238,7.19806060606061,2.99738815381364,0.0397911348612764,0.205522511922377,0.141795697730207,"AVPR1A/SYT4",2
"GO:0020027","hemoglobin metabolic process","2/377","13/15234",0.153846153846154,6.21669047133238,7.19806060606061,2.99738815381364,0.0397911348612764,0.205522511922377,0.141795697730207,"AMBP/AHSP",2
"GO:0021515","cell differentiation in spinal cord","2/377","13/15234",0.153846153846154,6.21669047133238,7.19806060606061,2.99738815381364,0.0397911348612764,0.205522511922377,0.141795697730207,"ASCL1/MNX1",2
"GO:0051797","regulation of hair follicle development","2/377","13/15234",0.153846153846154,6.21669047133238,7.19806060606061,2.99738815381364,0.0397911348612764,0.205522511922377,0.141795697730207,"KRT17/CDH3",2
"GO:0070141","response to UV-A","2/377","13/15234",0.153846153846154,6.21669047133238,7.19806060606061,2.99738815381364,0.0397911348612764,0.205522511922377,0.141795697730207,"MME/MMP3",2
"GO:0070942","neutrophil mediated cytotoxicity","2/377","13/15234",0.153846153846154,6.21669047133238,7.19806060606061,2.99738815381364,0.0397911348612764,0.205522511922377,0.141795697730207,"ARG1/F2",2
"GO:0072224","metanephric glomerulus development","2/377","13/15234",0.153846153846154,6.21669047133238,7.19806060606061,2.99738815381364,0.0397911348612764,0.205522511922377,0.141795697730207,"TCF21/WT1",2
"GO:0090209","negative regulation of triglyceride metabolic process","2/377","13/15234",0.153846153846154,6.21669047133238,7.19806060606061,2.99738815381364,0.0397911348612764,0.205522511922377,0.141795697730207,"CIDEC/APOC3",2
"GO:0141163","positive regulation of cAMP/PKA signal transduction","2/377","13/15234",0.153846153846154,6.21669047133238,7.19806060606061,2.99738815381364,0.0397911348612764,0.205522511922377,0.141795697730207,"ADIPOQ/ADCYAP1",2
"GO:1901142","insulin metabolic process","2/377","13/15234",0.153846153846154,6.21669047133238,7.19806060606061,2.99738815381364,0.0397911348612764,0.205522511922377,0.141795697730207,"SLC30A8/PCSK1",2
"GO:1903236","regulation of leukocyte tethering or rolling","2/377","13/15234",0.153846153846154,6.21669047133238,7.19806060606061,2.99738815381364,0.0397911348612764,0.205522511922377,0.141795697730207,"CCL21/SELE",2
"GO:2001279","regulation of unsaturated fatty acid biosynthetic process","2/377","13/15234",0.153846153846154,6.21669047133238,7.19806060606061,2.99738815381364,0.0397911348612764,0.205522511922377,0.141795697730207,"EDN2/AVPR1A",2
"GO:0002752","cell surface pattern recognition receptor signaling pathway","5/377","76/15234",0.0657894736842105,2.65845316208293,2.79910646675753,2.30880306324348,0.0400199847453514,0.205696214276513,0.14191553981598,"LTF/MASP1/LBP/BPIFB1/COLEC11",5
"GO:0019319","hexose biosynthetic process","5/377","76/15234",0.0657894736842105,2.65845316208293,2.79910646675753,2.30880306324348,0.0400199847453514,0.205696214276513,0.14191553981598,"G6PC1/ADIPOQ/RBP4/ALDOB/PCK1",5
"GO:0050886","endocrine process","5/377","76/15234",0.0657894736842105,2.65845316208293,2.79910646675753,2.30880306324348,0.0400199847453514,0.205696214276513,0.14191553981598,"CPA3/ADIPOQ/EDN2/AVPR1A/MME",5
"GO:0021545","cranial nerve development","3/377","31/15234",0.0967741935483871,3.91049884487037,4.24818563789152,2.58393428778139,0.0405261869534968,0.206618188645167,0.142551635578288,"CHRNB2/KCNC2/NKX2-2",3
"GO:0032892","positive regulation of organic acid transport","3/377","31/15234",0.0967741935483871,3.91049884487037,4.24818563789152,2.58393428778139,0.0405261869534968,0.206618188645167,0.142551635578288,"CYP4A11/AVPR1A/SYT4",3
"GO:0034143","regulation of toll-like receptor 4 signaling pathway","3/377","31/15234",0.0967741935483871,3.91049884487037,4.24818563789152,2.58393428778139,0.0405261869534968,0.206618188645167,0.142551635578288,"LTF/LBP/BPIFB1",3
"GO:0048483","autonomic nervous system development","3/377","31/15234",0.0967741935483871,3.91049884487037,4.24818563789152,2.58393428778139,0.0405261869534968,0.206618188645167,0.142551635578288,"ASCL1/SOX11/TFAP2B",3
"GO:0051602","response to electrical stimulus","3/377","31/15234",0.0967741935483871,3.91049884487037,4.24818563789152,2.58393428778139,0.0405261869534968,0.206618188645167,0.142551635578288,"TRIM63/KCNJ3/GRIA1",3
"GO:0032869","cellular response to insulin stimulus","9/377","185/15234",0.0486486486486487,1.96581833823213,2.04003520256917,2.10535494527953,0.0408965480170142,0.208170673561646,0.143622738105639,"IGFBP1/G6PC1/NR1H4/AHSG/ADIPOQ/PCK1/TAT/HMGCS2/IGF1",9
"GO:0016049","cell growth","16/377","400/15234",0.04,1.61633952254642,1.67047553093259,1.98984253617568,0.0410601002151921,0.208667165241515,0.143965281525851,"IGFBP1/UNC13A/DCLK1/EDN2/HRG/SCGB3A1/AVPR1A/HNF4A/KRT17/RIMS2/SFRP2/SYT4/IGF1/S100A8/WT1/GNG4",16
"GO:0002823","negative regulation of adaptive immune response based on somatic recombination of immune receptors built from immunoglobulin superfamily domains","4/377","53/15234",0.0754716981132075,3.04969721235173,3.24079444110084,2.38108714078548,0.0418246951657255,0.211194666803288,0.145709075157573,"ARG1/IL1RL1/C4BPA/C4BPB",4
"GO:0019233","sensory perception of pain","4/377","53/15234",0.0754716981132075,3.04969721235173,3.24079444110084,2.38108714078548,0.0418246951657255,0.211194666803288,0.145709075157573,"CHRNB2/CARTPT/MME/TMEM100",4
"GO:0019369","arachidonate metabolic process","4/377","53/15234",0.0754716981132075,3.04969721235173,3.24079444110084,2.38108714078548,0.0418246951657255,0.211194666803288,0.145709075157573,"CYP4A11/CYP2C9/CYP4Z1/CYP2E1",4
"GO:0086065","cell communication involved in cardiac conduction","4/377","53/15234",0.0754716981132075,3.04969721235173,3.24079444110084,2.38108714078548,0.0418246951657255,0.211194666803288,0.145709075157573,"ATP1A2/TRDN/TBX5/KCNJ3",4
"GO:0046364","monosaccharide biosynthetic process","5/377","77/15234",0.0649350649350649,2.62392779634159,2.76004330943847,2.27563857666372,0.0419673373043021,0.211576958881816,0.145972829096276,"G6PC1/ADIPOQ/RBP4/ALDOB/PCK1",5
"GO:0097529","myeloid leukocyte migration","9/377","186/15234",0.0483870967741935,1.95524942243518,2.02837140751658,2.0880057922088,0.0420830726771284,0.211822599892361,0.14614230366213,"SAA1/CD177/EDN2/CCL21/CXCL6/CHGA/CXCL13/S100A12/S100A8",9
"GO:0002237","response to molecule of bacterial origin","12/377","276/15234",0.0434782608695652,1.75689078537654,1.8173100871731,2.02138402472584,0.0424143416134424,0.213150610238619,0.147058534939567,"NR1H4/CSF3/LTF/SCGB1A1/LCN2/CXCL6/CXCL13/MMP3/HMGCS2/S100A8/LBP/SELE",12
"GO:0001101","response to acid chemical","6/377","103/15234",0.058252427184466,2.35389250856275,2.46088865423625,2.19617435722397,0.0426568499122469,0.214029051702559,0.147664596140014,"CDO1/LCN2/AVPR1A/KCNC2/HMGCS2/GRIA1",6
"GO:0006820","monoatomic anion transport","7/377","130/15234",0.0538461538461538,2.17584166496633,2.26627114919798,2.14472871842835,0.0428076716464003,0.214445404238148,0.147951849335458,"CLCA2/GLRA3/SLC1A2/SLC4A1/DCD/SLC4A10/CLIC6",7
"GO:0051260","protein homooligomerization","9/377","187/15234",0.0481283422459893,1.94479354317082,2.01683866634099,2.07076394102576,0.0432926036215327,0.216531519062761,0.149391117979728,"ITLN1/GLRA3/C9/SLC1A2/AQP4/SCARA5/KCNC2/KCNF1/MAT1A",9
"GO:0000096","sulfur amino acid metabolic process","3/377","32/15234",0.09375,3.78829575596817,4.10141987829615,2.51513497939272,0.043924346397457,0.218653321200569,0.150855008294039,"CDO1/AGXT/MAT1A",3
"GO:0002446","neutrophil mediated immunity","3/377","32/15234",0.09375,3.78829575596817,4.10141987829615,2.51513497939272,0.043924346397457,0.218653321200569,0.150855008294039,"ARG1/CD177/F2",3
"GO:0072210","metanephric nephron development","3/377","32/15234",0.09375,3.78829575596817,4.10141987829615,2.51513497939272,0.043924346397457,0.218653321200569,0.150855008294039,"TFAP2B/TCF21/WT1",3
"GO:0015844","monoamine transport","4/377","54/15234",0.0740740740740741,2.99322133804892,3.17576407506702,2.33729944734298,0.0443234723763372,0.219823307501805,0.151662214387263,"CHRNB2/CARTPT/CHGA/SYT4",4
"GO:0007605","sensory perception of sound","6/377","104/15234",0.0576923076923077,2.33125892674964,2.43561251994059,2.16998920339486,0.0443680070187129,0.219823307501805,0.151662214387263,"SLITRK6/CHRNB2/LRP2/PTPRQ/COL2A1/TMPRSS3",6
"GO:0021953","central nervous system neuron differentiation","6/377","104/15234",0.0576923076923077,2.33125892674964,2.43561251994059,2.16998920339486,0.0443680070187129,0.219823307501805,0.151662214387263,"CHRNB2/ASCL1/KNDC1/BRINP2/SFRP2/MNX1",6
"GO:0001580","detection of chemical stimulus involved in sensory perception of bitter taste","2/377","14/15234",0.142857142857143,5.7726411519515,6.59777777777778,2.84585853366351,0.0456784317881603,0.221456323439225,0.15278887750599,"PIGR/PIP",2
"GO:0001662","behavioral fear response","2/377","14/15234",0.142857142857143,5.7726411519515,6.59777777777778,2.84585853366351,0.0456784317881603,0.221456323439225,0.15278887750599,"ATP1A2/GRPR",2
"GO:0001867","complement activation, lectin pathway","2/377","14/15234",0.142857142857143,5.7726411519515,6.59777777777778,2.84585853366351,0.0456784317881603,0.221456323439225,0.15278887750599,"MASP1/COLEC11",2
"GO:0010560","positive regulation of glycoprotein biosynthetic process","2/377","14/15234",0.142857142857143,5.7726411519515,6.59777777777778,2.84585853366351,0.0456784317881603,0.221456323439225,0.15278887750599,"CCL21/IGF1",2
"GO:0010642","negative regulation of platelet-derived growth factor receptor signaling pathway","2/377","14/15234",0.142857142857143,5.7726411519515,6.59777777777778,2.84585853366351,0.0456784317881603,0.221456323439225,0.15278887750599,"ADIPOQ/APOD",2
"GO:0010985","negative regulation of lipoprotein particle clearance","2/377","14/15234",0.142857142857143,5.7726411519515,6.59777777777778,2.84585853366351,0.0456784317881603,0.221456323439225,0.15278887750599,"APOC2/APOC3",2
"GO:0032026","response to magnesium ion","2/377","14/15234",0.142857142857143,5.7726411519515,6.59777777777778,2.84585853366351,0.0456784317881603,0.221456323439225,0.15278887750599,"FGF23/KCNC2",2
"GO:0032488","Cdc42 protein signal transduction","2/377","14/15234",0.142857142857143,5.7726411519515,6.59777777777778,2.84585853366351,0.0456784317881603,0.221456323439225,0.15278887750599,"APOA1/APOC3",2
"GO:0045187","regulation of circadian sleep/wake cycle, sleep","2/377","14/15234",0.142857142857143,5.7726411519515,6.59777777777778,2.84585853366351,0.0456784317881603,0.221456323439225,0.15278887750599,"CHRNB2/CARTPT",2
"GO:0050913","sensory perception of bitter taste","2/377","14/15234",0.142857142857143,5.7726411519515,6.59777777777778,2.84585853366351,0.0456784317881603,0.221456323439225,0.15278887750599,"PIGR/PIP",2
"GO:0072075","metanephric mesenchyme development","2/377","14/15234",0.142857142857143,5.7726411519515,6.59777777777778,2.84585853366351,0.0456784317881603,0.221456323439225,0.15278887750599,"TCF21/WT1",2
"GO:0090713","immunological memory process","2/377","14/15234",0.142857142857143,5.7726411519515,6.59777777777778,2.84585853366351,0.0456784317881603,0.221456323439225,0.15278887750599,"IGHE/PCK1",2
"GO:2001138","regulation of phospholipid transport","2/377","14/15234",0.142857142857143,5.7726411519515,6.59777777777778,2.84585853366351,0.0456784317881603,0.221456323439225,0.15278887750599,"APOA1/PRAP1",2
"GO:2001140","positive regulation of phospholipid transport","2/377","14/15234",0.142857142857143,5.7726411519515,6.59777777777778,2.84585853366351,0.0456784317881603,0.221456323439225,0.15278887750599,"APOA1/PRAP1",2
"GO:0071219","cellular response to molecule of bacterial origin","9/377","189/15234",0.0476190476190476,1.92421371731717,1.99415760869565,2.03659676980954,0.0457812702196585,0.221572225907478,0.152868841842747,"NR1H4/CSF3/LTF/LCN2/CXCL6/CXCL13/MMP3/HMGCS2/LBP",9
"GO:0048608","reproductive structure development","7/377","132/15234",0.053030303030303,2.1428743670123,2.22970810810811,2.10070978973099,0.0458425294980988,0.221572225907478,0.152868841842747,"LRP2/TFAP2C/RBP4/CGA/TCF21/HOXB13/WT1",7
"GO:0090288","negative regulation of cellular response to growth factor stimulus","5/377","79/15234",0.0632911392405063,2.55749924453547,2.68508427782621,2.21086006187185,0.0460310928622449,0.22200870539124,0.153169981179582,"LRP2/HRG/GREM2/CXCL13/CHRDL1",5
"GO:0006790","sulfur compound metabolic process","11/377","249/15234",0.0441767068273092,1.78511393052315,1.84608761537402,1.98976513871334,0.0460733029853381,0.22200870539124,0.153169981179582,"BAAT/CDO1/SULT2A1/SLC1A2/ACSM2A/AGXT/ACSM2B/HMGCS2/VNN1/CHST8/MAT1A",11
"GO:0034331","cell junction maintenance","4/377","55/15234",0.0727272727272727,2.93879913190258,3.11328391946591,2.29451243315562,0.0469042252820007,0.225325617198183,0.155458410897454,"CBLN2/CD177/PKP1/RIMS2",4
"GO:0046620","regulation of organ growth","4/377","55/15234",0.0727272727272727,2.93879913190258,3.11328391946591,2.29451243315562,0.0469042252820007,0.225325617198183,0.155458410897454,"RBP4/TBX5/IGF1/WT1",4
"GO:0060048","cardiac muscle contraction","7/377","133/15234",0.0526315789473684,2.12676252966634,2.21186186186186,2.07899381504804,0.0474103890187033,0.226960157497675,0.156586125715976,"ACTC1/ATP1A2/TRDN/CHGA/SCN7A/KCNJ3/STRIT1",7
"GO:0061458","reproductive system development","7/377","133/15234",0.0526315789473684,2.12676252966634,2.21186186186186,2.07899381504804,0.0474103890187033,0.226960157497675,0.156586125715976,"LRP2/TFAP2C/RBP4/CGA/TCF21/HOXB13/WT1",7
"GO:0007187","G protein-coupled receptor signaling pathway, coupled to cyclic nucleotide second messenger","3/377","33/15234",0.0909090909090909,3.67349891487823,3.9644385026738,2.44905611994539,0.0474598747567108,0.226960157497675,0.156586125715976,"LPAR3/NPY1R/CNR1",3
"GO:0003014","renal system process","6/377","106/15234",0.0566037735849057,2.2872729092638,2.38657681940701,2.11851058748555,0.0479175340760293,0.22845750409401,0.157619186782549,"CHRNB2/CYP4A11/ADIPOQ/AQP4/IGHA2/IGHA1",6
"GO:0006690","icosanoid metabolic process","6/377","106/15234",0.0566037735849057,2.2872729092638,2.38657681940701,2.11851058748555,0.0479175340760293,0.22845750409401,0.157619186782549,"CYP4A11/EDN2/CYP2C9/CYP4Z1/CYP2E1/AVPR1A",6
"GO:0001960","negative regulation of cytokine-mediated signaling pathway","5/377","80/15234",0.0625,2.52553050397878,2.64910394265233,2.1792150150002,0.0481478119846529,0.228865013057876,0.157900338551872,"NR1H4/ARG1/APOA1/ADIPOQ/MMP12",5
"GO:0007613","memory","5/377","80/15234",0.0625,2.52553050397878,2.64910394265233,2.1792150150002,0.0481478119846529,0.228865013057876,0.157900338551872,"CHRNB2/LCN2/MUSK/SYT4/GRIA1",5
"GO:0007611","learning or memory","8/377","162/15234",0.0493827160493827,1.99548089203262,2.0698975820927,2.02909708659259,0.0484969759654416,0.229833494792745,0.158568521039767,"CHRNB2/CARTPT/LCN2/GRPR/MUSK/MME/SYT4/GRIA1",8
"GO:0048167","regulation of synaptic plasticity","8/377","162/15234",0.0493827160493827,1.99548089203262,2.0698975820927,2.02909708659259,0.0484969759654416,0.229833494792745,0.158568521039767,"VGF/CPLX2/MME/CHRDL1/SHISA9/SYT4/GRIA1/SLC4A10",8
"GO:0001558","regulation of cell growth","14/377","345/15234",0.0405797101449275,1.63976473301811,1.6925420089386,1.91467432231004,0.0486702458815539,0.230309352143102,0.158896828262089,"IGFBP1/UNC13A/HRG/SCGB3A1/AVPR1A/HNF4A/KRT17/RIMS2/SFRP2/SYT4/IGF1/S100A8/WT1/GNG4",14
"GO:0007204","positive regulation of cytosolic calcium ion concentration","7/377","134/15234",0.0522388059701493,2.11089116750465,2.19429665886359,2.05746887395574,0.049012090545242,0.231580296283273,0.159773687976609,"SAA1/LPAR3/AVPR1A/KNG1/CXCL13/ADCYAP1/ESR1",7
"GO:0002820","negative regulation of adaptive immune response","4/377","56/15234",0.0714285714285714,2.88632057597575,3.05320684677253,2.25268296963374,0.0495667911164643,0.233155694522535,0.1608605990427,"ARG1/IL1RL1/C4BPA/C4BPB",4
"GO:0015800","acidic amino acid transport","4/377","56/15234",0.0714285714285714,2.88632057597575,3.05320684677253,2.25268296963374,0.0495667911164643,0.233155694522535,0.1608605990427,"ATP1A2/SLC1A2/AVPR1A/SYT4",4
"GO:0032890","regulation of organic acid transport","4/377","56/15234",0.0714285714285714,2.88632057597575,3.05320684677253,2.25268296963374,0.0495667911164643,0.233155694522535,0.1608605990427,"CYP4A11/ATP1A2/AVPR1A/SYT4",4
"GO:0032692","negative regulation of interleukin-1 production","3/377","34/15234",0.0882352941176471,3.56545482914651,3.83629463515612,2.38550247399952,0.0511309027799684,0.238033554768012,0.164225970507209,"NR1H4/APOA1/IGF1",3
"GO:0035176","social behavior","3/377","34/15234",0.0882352941176471,3.56545482914651,3.83629463515612,2.38550247399952,0.0511309027799684,0.238033554768012,0.164225970507209,"CHRNB2/AVPR1A/GRPR",3
"GO:0035774","positive regulation of insulin secretion involved in cellular response to glucose stimulus","3/377","34/15234",0.0882352941176471,3.56545482914651,3.83629463515612,2.38550247399952,0.0511309027799684,0.238033554768012,0.164225970507209,"SLC2A2/CARTPT/NR1H4",3
"GO:0043462","regulation of ATP-dependent activity","3/377","34/15234",0.0882352941176471,3.56545482914651,3.83629463515612,2.38550247399952,0.0511309027799684,0.238033554768012,0.164225970507209,"SLN/TNNT3/STRIT1",3
"GO:0045730","respiratory burst","3/377","34/15234",0.0882352941176471,3.56545482914651,3.83629463515612,2.38550247399952,0.0511309027799684,0.238033554768012,0.164225970507209,"IGHA2/IGHA1/LBP",3
"GO:0070633","transepithelial transport","3/377","34/15234",0.0882352941176471,3.56545482914651,3.83629463515612,2.38550247399952,0.0511309027799684,0.238033554768012,0.164225970507209,"SLC1A2/PKP1/CLDN18",3
"GO:0071354","cellular response to interleukin-6","3/377","34/15234",0.0882352941176471,3.56545482914651,3.83629463515612,2.38550247399952,0.0511309027799684,0.238033554768012,0.164225970507209,"FGF23/PTPRT/LCN2",3
"GO:1903305","regulation of regulated secretory pathway","6/377","108/15234",0.0555555555555556,2.24491600353669,2.3394640875218,2.0681770475766,0.0516377844305001,0.238280520336643,0.164396358922531,"CD177/SYT13/RIMS2/SYT5/SYT4/TRPV6",6
"GO:0002209","behavioral defense response","2/377","15/15234",0.133333333333333,5.38779840848806,6.08984615384615,2.70830188345413,0.0518623846857357,0.238280520336643,0.164396358922531,"ATP1A2/GRPR",2
"GO:0034145","positive regulation of toll-like receptor 4 signaling pathway","2/377","15/15234",0.133333333333333,5.38779840848806,6.08984615384615,2.70830188345413,0.0518623846857357,0.238280520336643,0.164396358922531,"LTF/LBP",2
"GO:0042596","fear response","2/377","15/15234",0.133333333333333,5.38779840848806,6.08984615384615,2.70830188345413,0.0518623846857357,0.238280520336643,0.164396358922531,"ATP1A2/GRPR",2
"GO:0050802","circadian sleep/wake cycle, sleep","2/377","15/15234",0.133333333333333,5.38779840848806,6.08984615384615,2.70830188345413,0.0518623846857357,0.238280520336643,0.164396358922531,"CHRNB2/CARTPT",2
"GO:0071732","cellular response to nitric oxide","2/377","15/15234",0.133333333333333,5.38779840848806,6.08984615384615,2.70830188345413,0.0518623846857357,0.238280520336643,0.164396358922531,"KCNC2/MMP3",2
"GO:0140131","positive regulation of lymphocyte chemotaxis","2/377","15/15234",0.133333333333333,5.38779840848806,6.08984615384615,2.70830188345413,0.0518623846857357,0.238280520336643,0.164396358922531,"CCL21/CXCL13",2
"GO:1902170","cellular response to reactive nitrogen species","2/377","15/15234",0.133333333333333,5.38779840848806,6.08984615384615,2.70830188345413,0.0518623846857357,0.238280520336643,0.164396358922531,"KCNC2/MMP3",2
"GO:1903028","positive regulation of opsonization","2/377","15/15234",0.133333333333333,5.38779840848806,6.08984615384615,2.70830188345413,0.0518623846857357,0.238280520336643,0.164396358922531,"MASP1/COLEC11",2
"GO:0043627","response to estrogen","4/377","57/15234",0.0701754385964912,2.83568337288845,2.99539683342607,2.21177054172803,0.0523109318191661,0.239107698533257,0.164967052168925,"SLC34A2/MME/CLDN18/ESR1",4
"GO:0045576","mast cell activation","4/377","57/15234",0.0701754385964912,2.83568337288845,2.99539683342607,2.21177054172803,0.0523109318191661,0.239107698533257,0.164967052168925,"IGHE/CPLX2/CHGA/S100A12",4
"GO:2000401","regulation of lymphocyte migration","4/377","57/15234",0.0701754385964912,2.83568337288845,2.99539683342607,2.21177054172803,0.0523109318191661,0.239107698533257,0.164967052168925,"CCL21/CXCL13/APOD/CCL20",4
"GO:0010721","negative regulation of cell development","9/377","194/15234",0.0463917525773196,1.87462058027291,1.93960047003525,1.95296506045445,0.0524152441886357,0.239107698533257,0.164967052168925,"CARTPT/ADIPOQ/SOX11/LTF/F2/APCS/SYT4/IGF1/NEGR1",9
"GO:0032868","response to insulin","10/377","224/15234",0.0446428571428571,1.80395035998484,1.86444778323869,1.93090421921316,0.0524206374829317,0.239107698533257,0.164967052168925,"IGFBP1/CARTPT/G6PC1/NR1H4/AHSG/ADIPOQ/PCK1/TAT/HMGCS2/IGF1",10
"GO:0022408","negative regulation of cell-cell adhesion","8/377","165/15234",0.0484848484848485,1.95919942126839,2.02993112733675,1.97336080601441,0.0529544993875124,0.240847730307808,0.16616754849041,"ARG1/APOA1/PLG/VTCN1/ADIPOQ/CCL21/FGL1/PLA2G2A",8
"GO:0048738","cardiac muscle tissue development","8/377","165/15234",0.0484848484848485,1.95919942126839,2.02993112733675,1.97336080601441,0.0529544993875124,0.240847730307808,0.16616754849041,"ACTC1/LRP2/NRAP/RBP4/TBX5/ACTN2/IGF1/WT1",8
"GO:0002275","myeloid cell activation involved in immune response","5/377","83/15234",0.0602409638554217,2.43424626889521,2.54669837331128,2.08708415195913,0.0548384612998913,0.247917437721066,0.17104513628376,"CD177/IGHE/CPLX2/CHGA/LBP",5
"GO:0019218","regulation of steroid metabolic process","5/377","83/15234",0.0602409638554217,2.43424626889521,2.54669837331128,2.08708415195913,0.0548384612998913,0.247917437721066,0.17104513628376,"UGT1A8/NR1H4/APOA1/CGA/UGT1A1",5
"GO:0014075","response to amine","3/377","35/15234",0.0857142857142857,3.4635846911709,3.71615975935829,2.32429819979726,0.0549353980309465,0.247917437721066,0.17104513628376,"KCNC2/GLDC/GRIA1",3
"GO:0035107","appendage morphogenesis","4/377","58/15234",0.0689655172413793,2.78679228025245,2.93972793168504,2.17173704628015,0.0551363361967445,0.247917437721066,0.17104513628376,"TFAP2B/COL2A1/TBX5/TBX4",4
"GO:0035108","limb morphogenesis","4/377","58/15234",0.0689655172413793,2.78679228025245,2.93972793168504,2.17173704628015,0.0551363361967445,0.247917437721066,0.17104513628376,"TFAP2B/COL2A1/TBX5/TBX4",4
"GO:0046660","female sex differentiation","4/377","58/15234",0.0689655172413793,2.78679228025245,2.93972793168504,2.17173704628015,0.0551363361967445,0.247917437721066,0.17104513628376,"LRP2/RBP4/CGA/WT1",4
"GO:0048706","embryonic skeletal system development","4/377","58/15234",0.0689655172413793,2.78679228025245,2.93972793168504,2.17173704628015,0.0551363361967445,0.247917437721066,0.17104513628376,"SOX11/RBP4/HOXC11/COL2A1",4
"GO:0098900","regulation of action potential","4/377","58/15234",0.0689655172413793,2.78679228025245,2.93972793168504,2.17173704628015,0.0551363361967445,0.247917437721066,0.17104513628376,"CHRNB2/UNC80/KCNK3/KCNC2",4
"GO:0098659","inorganic cation import across plasma membrane","6/377","110/15234",0.0545454545454545,2.20409934892694,2.29416338378603,2.0189388458931,0.0555298047934709,0.248978316244201,0.171777065885962,"ATP1A2/SLC30A8/LCN2/SCNN1G/KCNJ3/TRPV6",6
"GO:0099587","inorganic ion import across plasma membrane","6/377","110/15234",0.0545454545454545,2.20409934892694,2.29416338378603,2.0189388458931,0.0555298047934709,0.248978316244201,0.171777065885962,"ATP1A2/SLC30A8/LCN2/SCNN1G/KCNJ3/TRPV6",6
"GO:0018958","phenol-containing compound metabolic process","5/377","84/15234",0.0595238095238095,2.40526714664646,2.51429154757044,2.05726413149666,0.0571822772455156,0.254999533465575,0.175931271131431,"CHRNB2/SULT2A1/CYP2E1/PAH/CDH3",5
"GO:0051899","membrane depolarization","5/377","84/15234",0.0595238095238095,2.40526714664646,2.51429154757044,2.05726413149666,0.0571822772455156,0.254999533465575,0.175931271131431,"CHRNB2/ATP1A2/CHRNA1/TBX5/ALB",5
"GO:0060761","negative regulation of response to cytokine stimulus","5/377","84/15234",0.0595238095238095,2.40526714664646,2.51429154757044,2.05726413149666,0.0571822772455156,0.254999533465575,0.175931271131431,"NR1H4/ARG1/APOA1/ADIPOQ/MMP12",5
"GO:0050672","negative regulation of lymphocyte proliferation","4/377","59/15234",0.0677966101694915,2.73955851279054,2.88608335364368,2.13254660913236,0.0580426221243754,0.254999533465575,0.175931271131431,"ARG1/VTCN1/SOX11/PLA2G2A",4
"GO:0042593","glucose homeostasis","9/377","198/15234",0.0454545454545455,1.83674945743911,1.898033126294,1.88781620827624,0.0581543124888281,0.254999533465575,0.175931271131431,"SLC2A2/CARTPT/G6PC1/NR1H4/ADIPOQ/RBP4/HNF4A/ACSM2A/PCK1",9
"GO:0007350","blastoderm segmentation","2/377","16/15234",0.125,5.05106100795756,5.65447619047619,2.58254453506849,0.0583247904763084,0.254999533465575,0.175931271131431,"TDRD1/WT1",2
"GO:0010649","regulation of cell communication by electrical coupling","2/377","16/15234",0.125,5.05106100795756,5.65447619047619,2.58254453506849,0.0583247904763084,0.254999533465575,0.175931271131431,"TRDN/TBX5",2
"GO:0014059","regulation of dopamine secretion","2/377","16/15234",0.125,5.05106100795756,5.65447619047619,2.58254453506849,0.0583247904763084,0.254999533465575,0.175931271131431,"CHRNB2/SYT4",2
"GO:0021517","ventral spinal cord development","2/377","16/15234",0.125,5.05106100795756,5.65447619047619,2.58254453506849,0.0583247904763084,0.254999533465575,0.175931271131431,"ASCL1/MNX1",2
"GO:0034310","primary alcohol catabolic process","2/377","16/15234",0.125,5.05106100795756,5.65447619047619,2.58254453506849,0.0583247904763084,0.254999533465575,0.175931271131431,"SULT2A1/HAO1",2
"GO:0043252","sodium-independent organic anion transport","2/377","16/15234",0.125,5.05106100795756,5.65447619047619,2.58254453506849,0.0583247904763084,0.254999533465575,0.175931271131431,"SLC22A7/SLCO1B1",2
"GO:0044793","host-mediated suppression of viral proces","2/377","16/15234",0.125,5.05106100795756,5.65447619047619,2.58254453506849,0.0583247904763084,0.254999533465575,0.175931271131431,"LTF/APCS",2
"GO:0055003","cardiac myofibril assembly","2/377","16/15234",0.125,5.05106100795756,5.65447619047619,2.58254453506849,0.0583247904763084,0.254999533465575,0.175931271131431,"ACTC1/NRAP",2
"GO:0060586","multicellular organismal-level iron ion homeostasis","2/377","16/15234",0.125,5.05106100795756,5.65447619047619,2.58254453506849,0.0583247904763084,0.254999533465575,0.175931271131431,"HAMP/HJV",2
"GO:0072074","kidney mesenchyme development","2/377","16/15234",0.125,5.05106100795756,5.65447619047619,2.58254453506849,0.0583247904763084,0.254999533465575,0.175931271131431,"TCF21/WT1",2
"GO:0140367","antibacterial innate immune response","2/377","16/15234",0.125,5.05106100795756,5.65447619047619,2.58254453506849,0.0583247904763084,0.254999533465575,0.175931271131431,"LTF/CXCL6",2
"GO:1903020","positive regulation of glycoprotein metabolic process","2/377","16/15234",0.125,5.05106100795756,5.65447619047619,2.58254453506849,0.0583247904763084,0.254999533465575,0.175931271131431,"CCL21/IGF1",2
"GO:2000677","regulation of transcription regulatory region DNA binding","2/377","16/15234",0.125,5.05106100795756,5.65447619047619,2.58254453506849,0.0583247904763084,0.254999533465575,0.175931271131431,"SOX11/IGF1",2
"GO:0006904","vesicle docking involved in exocytosis","3/377","36/15234",0.0833333333333333,3.36737400530504,3.60330578512397,2.2652844267895,0.0588711782424662,0.2552699511995,0.176117839847928,"UNC13A/RIMS2/CPLX2",3
"GO:0048704","embryonic skeletal system morphogenesis","3/377","36/15234",0.0833333333333333,3.36737400530504,3.60330578512397,2.2652844267895,0.0588711782424662,0.2552699511995,0.176117839847928,"SOX11/HOXC11/COL2A1",3
"GO:0060416","response to growth hormone","3/377","36/15234",0.0833333333333333,3.36737400530504,3.60330578512397,2.2652844267895,0.0588711782424662,0.2552699511995,0.176117839847928,"HNF4A/HMGCS2/IGF1",3
"GO:0071402","cellular response to lipoprotein particle stimulus","3/377","36/15234",0.0833333333333333,3.36737400530504,3.60330578512397,2.2652844267895,0.0588711782424662,0.2552699511995,0.176117839847928,"APOA1/APOB/APOA2",3
"GO:0097242","amyloid-beta clearance","3/377","36/15234",0.0833333333333333,3.36737400530504,3.60330578512397,2.2652844267895,0.0588711782424662,0.2552699511995,0.176117839847928,"LRP2/MME/MARCO",3
"GO:2000403","positive regulation of lymphocyte migration","3/377","36/15234",0.0833333333333333,3.36737400530504,3.60330578512397,2.2652844267895,0.0588711782424662,0.2552699511995,0.176117839847928,"CCL21/CXCL13/CCL20",3
"GO:0048736","appendage development","5/377","85/15234",0.0588235294117647,2.37696988609768,2.48269489247312,2.02786834997714,0.0595828553080013,0.25764898170806,0.17775919917021,"TFAP2B/COL2A1/PITX2/TBX5/TBX4",5
"GO:0060173","limb development","5/377","85/15234",0.0588235294117647,2.37696988609768,2.48269489247312,2.02786834997714,0.0595828553080013,0.25764898170806,0.17775919917021,"TFAP2B/COL2A1/PITX2/TBX5/TBX4",5
"GO:0034329","cell junction assembly","17/377","455/15234",0.0373626373626374,1.50976768589501,1.55455986808727,1.75854428840394,0.0607036270168376,0.262136837431999,0.180855495667058,"SLITRK6/CHRNB2/NR1H4/LRRC15/GPM6A/HRG/GJB1/PKP1/MUSK/TBX5/CLDN18/ACTN2/CDH3/APOD/GRIA1/CDH7/NEGR1",17
"GO:0045216","cell-cell junction organization","8/377","170/15234",0.0470588235294118,1.90157590887814,1.96660978955469,1.88301786341186,0.0609521798436285,0.262825258695947,0.181330456645983,"NR1H4/CD177/GJB1/PKP1/TBX5/CLDN18/CDH3/CDH7",8
"GO:0072678","T cell migration","4/377","60/15234",0.0666666666666667,2.69389920424403,2.83435465338951,2.0941654189644,0.0610293387797612,0.262825258695947,0.181330456645983,"CCL21/CXCL13/APOD/CCL20",4
"GO:0050905","neuromuscular process","5/377","86/15234",0.0581395348837209,2.34933070137561,2.45187840169919,1.99888502247576,0.0620401206064439,0.266814722771387,0.184082898881411,"TNNT1/TNNC2/CHRNA1/TNNT3/STRIT1",5
"GO:0002443","leukocyte mediated immunity","14/377","358/15234",0.0391061452513966,1.58022020360683,1.62712217310526,1.76965704787208,0.0622623280279722,0.267406547413614,0.184491215164108,"ARG1/CD177/F2/IGHE/C9/CPLX2/CHGA/C8B/IGHA2/IGHG4/IGHA1/C4BPA/C4BPB/C8A",14
"GO:0009880","embryonic pattern specification","3/377","37/15234",0.0810810810810811,3.27636389705355,3.49709027996225,2.20831719396186,0.0629359240116471,0.268429813880742,0.185197195162664,"TDRD1/CHRDL1/WT1",3
"GO:0031646","positive regulation of nervous system process","3/377","37/15234",0.0810810810810811,3.27636389705355,3.49709027996225,2.20831719396186,0.0629359240116471,0.268429813880742,0.185197195162664,"CARTPT/RIMS2/IGF1",3
"GO:0035094","response to nicotine","3/377","37/15234",0.0810810810810811,3.27636389705355,3.49709027996225,2.20831719396186,0.0629359240116471,0.268429813880742,0.185197195162664,"CHRNB2/ATP1A2/CHRNA1",3
"GO:0060419","heart growth","4/377","61/15234",0.0655737704918033,2.64973692220724,2.78444099524952,2.05656157607573,0.0640959689030583,0.268429813880742,0.185197195162664,"RBP4/TBX5/IGF1/WT1",4
"GO:0044403","biological process involved in symbiotic interaction","8/377","172/15234",0.0465116279069767,1.87946456110049,1.94236235045277,1.84773242498641,0.0643524336055715,0.268429813880742,0.185197195162664,"LRRC15/ARG1/PLG/LTF/CLEC4G/MUC5B/BPIFA1/ITGB6",8
"GO:0002220","innate immune response activating cell surface receptor signaling pathway","5/377","87/15234",0.0574712643678161,2.32232690021037,2.42181353265146,1.97030282933634,0.0645539640795274,0.268429813880742,0.185197195162664,"LTF/MASP1/LBP/BPIFB1/COLEC11",5
"GO:0003206","cardiac chamber morphogenesis","5/377","87/15234",0.0574712643678161,2.32232690021037,2.42181353265146,1.97030282933634,0.0645539640795274,0.268429813880742,0.185197195162664,"LRP2/SOX11/RBP4/TBX5/SFRP2",5
"GO:0032611","interleukin-1 beta production","5/377","87/15234",0.0574712643678161,2.32232690021037,2.42181353265146,1.97030282933634,0.0645539640795274,0.268429813880742,0.185197195162664,"APOA1/ORM2/ORM1/IGF1/NLRP2",5
"GO:0032651","regulation of interleukin-1 beta production","5/377","87/15234",0.0574712643678161,2.32232690021037,2.42181353265146,1.97030282933634,0.0645539640795274,0.268429813880742,0.185197195162664,"APOA1/ORM2/ORM1/IGF1/NLRP2",5
"GO:0060079","excitatory postsynaptic potential","5/377","87/15234",0.0574712643678161,2.32232690021037,2.42181353265146,1.97030282933634,0.0645539640795274,0.268429813880742,0.185197195162664,"CHRNB2/GLRA3/CHRNA1/RIMS2/GRIA1",5
"GO:0002523","leukocyte migration involved in inflammatory response","2/377","17/15234",0.117647058823529,4.75393977219535,5.27715555555556,2.46686325155472,0.0650481611618629,0.268429813880742,0.185197195162664,"S100A8/SELE",2
"GO:0006103","2-oxoglutarate metabolic process","2/377","17/15234",0.117647058823529,4.75393977219535,5.27715555555556,2.46686325155472,0.0650481611618629,0.268429813880742,0.185197195162664,"OGDHL/TAT",2
"GO:0007274","neuromuscular synaptic transmission","2/377","17/15234",0.117647058823529,4.75393977219535,5.27715555555556,2.46686325155472,0.0650481611618629,0.268429813880742,0.185197195162664,"CHRNB2/CHRNA1",2
"GO:0009404","toxin metabolic process","2/377","17/15234",0.117647058823529,4.75393977219535,5.27715555555556,2.46686325155472,0.0650481611618629,0.268429813880742,0.185197195162664,"UGT1A7/UGT1A10",2
"GO:0014046","dopamine secretion","2/377","17/15234",0.117647058823529,4.75393977219535,5.27715555555556,2.46686325155472,0.0650481611618629,0.268429813880742,0.185197195162664,"CHRNB2/SYT4",2
"GO:0016264","gap junction assembly","2/377","17/15234",0.117647058823529,4.75393977219535,5.27715555555556,2.46686325155472,0.0650481611618629,0.268429813880742,0.185197195162664,"GJB1/TBX5",2
"GO:0022410","circadian sleep/wake cycle process","2/377","17/15234",0.117647058823529,4.75393977219535,5.27715555555556,2.46686325155472,0.0650481611618629,0.268429813880742,0.185197195162664,"CHRNB2/CARTPT",2
"GO:0030431","sleep","2/377","17/15234",0.117647058823529,4.75393977219535,5.27715555555556,2.46686325155472,0.0650481611618629,0.268429813880742,0.185197195162664,"CHRNB2/CARTPT",2
"GO:0042537","benzene-containing compound metabolic process","2/377","17/15234",0.117647058823529,4.75393977219535,5.27715555555556,2.46686325155472,0.0650481611618629,0.268429813880742,0.185197195162664,"CYP2E1/CYP4B1",2
"GO:0042749","regulation of circadian sleep/wake cycle","2/377","17/15234",0.117647058823529,4.75393977219535,5.27715555555556,2.46686325155472,0.0650481611618629,0.268429813880742,0.185197195162664,"CHRNB2/CARTPT",2
"GO:0044320","cellular response to leptin stimulus","2/377","17/15234",0.117647058823529,4.75393977219535,5.27715555555556,2.46686325155472,0.0650481611618629,0.268429813880742,0.185197195162664,"FGF23/FGB",2
"GO:0051450","myoblast proliferation","2/377","17/15234",0.117647058823529,4.75393977219535,5.27715555555556,2.46686325155472,0.0650481611618629,0.268429813880742,0.185197195162664,"KLHL41/IGF1",2
"GO:0051957","positive regulation of amino acid transport","2/377","17/15234",0.117647058823529,4.75393977219535,5.27715555555556,2.46686325155472,0.0650481611618629,0.268429813880742,0.185197195162664,"AVPR1A/SYT4",2
"GO:0055091","phospholipid homeostasis","2/377","17/15234",0.117647058823529,4.75393977219535,5.27715555555556,2.46686325155472,0.0650481611618629,0.268429813880742,0.185197195162664,"APOA1/HNF4A",2
"GO:0060973","cell migration involved in heart development","2/377","17/15234",0.117647058823529,4.75393977219535,5.27715555555556,2.46686325155472,0.0650481611618629,0.268429813880742,0.185197195162664,"PITX2/TBX5",2
"GO:0070341","fat cell proliferation","2/377","17/15234",0.117647058823529,4.75393977219535,5.27715555555556,2.46686325155472,0.0650481611618629,0.268429813880742,0.185197195162664,"VSTM2A/FABP4",2
"GO:0071276","cellular response to cadmium ion","2/377","17/15234",0.117647058823529,4.75393977219535,5.27715555555556,2.46686325155472,0.0650481611618629,0.268429813880742,0.185197195162664,"MT1G/MT1H",2
"GO:0071391","cellular response to estrogen stimulus","2/377","17/15234",0.117647058823529,4.75393977219535,5.27715555555556,2.46686325155472,0.0650481611618629,0.268429813880742,0.185197195162664,"CLDN18/ESR1",2
"GO:0097501","stress response to metal ion","2/377","17/15234",0.117647058823529,4.75393977219535,5.27715555555556,2.46686325155472,0.0650481611618629,0.268429813880742,0.185197195162664,"MT1G/MT1H",2
"GO:2000811","negative regulation of anoikis","2/377","17/15234",0.117647058823529,4.75393977219535,5.27715555555556,2.46686325155472,0.0650481611618629,0.268429813880742,0.185197195162664,"CEACAM6/CEACAM5",2
"GO:0120161","regulation of cold-induced thermogenesis","7/377","144/15234",0.0486111111111111,1.96430150309461,2.0327480765437,1.85202695963321,0.0669175730654819,0.27578415705344,0.190271161083799,"SLN/ADIPOQ/FGF21/LCN2/HOXC10/ADCYAP1/FABP4",7
"GO:0030514","negative regulation of BMP signaling pathway","3/377","38/15234",0.0789473684210526,3.19014379449951,3.39694423223835,2.15326568703828,0.0671271908629112,0.275928543976154,0.190370777638004,"LRP2/GREM2/CHRDL1",3
"GO:0070741","response to interleukin-6","3/377","38/15234",0.0789473684210526,3.19014379449951,3.39694423223835,2.15326568703828,0.0671271908629112,0.275928543976154,0.190370777638004,"FGF23/PTPRT/LCN2",3
"GO:0001656","metanephros development","4/377","62/15234",0.0645161290322581,2.60699922991358,2.73624849773505,2.0197049545471,0.0672419310764659,0.276041226146375,0.190448520201574,"ADIPOQ/TFAP2B/TCF21/WT1",4
"GO:0007601","visual perception","7/377","145/15234",0.0482758620689655,1.95075459617671,2.01788092440266,1.83239897381133,0.0688988015062628,0.282110248136395,0.194635707286655,"SLITRK6/CHRNB2/RBP4/COL2A1/ZIC2/CDH3/SLC4A10",7
"GO:0106106","cold-induced thermogenesis","7/377","145/15234",0.0482758620689655,1.95075459617671,2.01788092440266,1.83239897381133,0.0688988015062628,0.282110248136395,0.194635707286655,"SLN/ADIPOQ/FGF21/LCN2/HOXC10/ADCYAP1/FABP4",7
"GO:0030282","bone mineralization","5/377","89/15234",0.0561797752808989,2.27013977885733,2.36383128520225,1.91429875389698,0.0697507815983043,0.284860750170852,0.1965333551474,"FGF23/AHSG/LTF/IGF1/NELL1",5
"GO:0051588","regulation of neurotransmitter transport","5/377","89/15234",0.0561797752808989,2.27013977885733,2.36383128520225,1.91429875389698,0.0697507815983043,0.284860750170852,0.1965333551474,"ATP1A2/SYT13/RIMS2/SYT5/SYT4",5
"GO:0072329","monocarboxylic acid catabolic process","6/377","117/15234",0.0512820512820513,2.07223015711079,2.14846652582502,1.85458172804358,0.0705121864770864,0.287063842191842,0.198053329613253,"CYP4A11/ADIPOQ/SULT2A1/HAO1/GLYATL2/AGXT",6
"GO:0003018","vascular process in circulatory system","10/377","237/15234",0.0421940928270042,1.70499949635698,1.7561127849332,1.74244315411343,0.0708684964668769,0.287063842191842,0.198053329613253,"LRP2/ATP1A2/FGB/EDN2/SLC1A2/AVPR1A/CRP/KNG1/FGA/FGG",10
"GO:0007420","brain development","17/377","465/15234",0.0365591397849462,1.47729956361769,1.51880580357143,1.66509801457254,0.0710654914305452,0.287063842191842,0.198053329613253,"CHRNB2/ASCL1/ATP1A2/SOX11/KNDC1/EMX1/NKX2-1/AVPR1A/ZIC2/PITX2/KCNC2/SEZ6L/SFRP2/PCDH9/APOD/GRIA1/NKX2-2",17
"GO:0030574","collagen catabolic process","3/377","39/15234",0.0769230769230769,3.10834523566619,3.30236185383244,2.10001072459821,0.0714424207045335,0.287063842191842,0.198053329613253,"PLG/MMP12/MMP3",3
"GO:0048247","lymphocyte chemotaxis","3/377","39/15234",0.0769230769230769,3.10834523566619,3.30236185383244,2.10001072459821,0.0714424207045335,0.287063842191842,0.198053329613253,"SAA1/CCL21/CXCL13",3
"GO:0002888","positive regulation of myeloid leukocyte mediated immunity","2/377","18/15234",0.111111111111111,4.48983200707339,4.947,2.35987151810809,0.0720156997336698,0.287063842191842,0.198053329613253,"ARG1/CD177",2
"GO:0010744","positive regulation of macrophage derived foam cell differentiation","2/377","18/15234",0.111111111111111,4.48983200707339,4.947,2.35987151810809,0.0720156997336698,0.287063842191842,0.198053329613253,"APOB/PLA2G2A",2
"GO:0010884","positive regulation of lipid storage","2/377","18/15234",0.111111111111111,4.48983200707339,4.947,2.35987151810809,0.0720156997336698,0.287063842191842,0.198053329613253,"APOB/VSTM2A",2
"GO:0014047","glutamate secretion","2/377","18/15234",0.111111111111111,4.48983200707339,4.947,2.35987151810809,0.0720156997336698,0.287063842191842,0.198053329613253,"AVPR1A/SYT4",2
"GO:0015732","prostaglandin transport","2/377","18/15234",0.111111111111111,4.48983200707339,4.947,2.35987151810809,0.0720156997336698,0.287063842191842,0.198053329613253,"SLC22A7/SLCO1B1",2
"GO:0038166","angiotensin-activated signaling pathway","2/377","18/15234",0.111111111111111,4.48983200707339,4.947,2.35987151810809,0.0720156997336698,0.287063842191842,0.198053329613253,"PLA2G2A/ACTN2",2
"GO:0042755","eating behavior","2/377","18/15234",0.111111111111111,4.48983200707339,4.947,2.35987151810809,0.0720156997336698,0.287063842191842,0.198053329613253,"CARTPT/NPY1R",2
"GO:0043931","ossification involved in bone maturation","2/377","18/15234",0.111111111111111,4.48983200707339,4.947,2.35987151810809,0.0720156997336698,0.287063842191842,0.198053329613253,"LTF/IGF1",2
"GO:0048286","lung alveolus development","2/377","18/15234",0.111111111111111,4.48983200707339,4.947,2.35987151810809,0.0720156997336698,0.287063842191842,0.198053329613253,"TCF21/CLDN18",2
"GO:0050912","detection of chemical stimulus involved in sensory perception of taste","2/377","18/15234",0.111111111111111,4.48983200707339,4.947,2.35987151810809,0.0720156997336698,0.287063842191842,0.198053329613253,"PIGR/PIP",2
"GO:0055119","relaxation of cardiac muscle","2/377","18/15234",0.111111111111111,4.48983200707339,4.947,2.35987151810809,0.0720156997336698,0.287063842191842,0.198053329613253,"ATP1A2/CHGA",2
"GO:0071280","cellular response to copper ion","2/377","18/15234",0.111111111111111,4.48983200707339,4.947,2.35987151810809,0.0720156997336698,0.287063842191842,0.198053329613253,"MT1G/MT1H",2
"GO:1901881","positive regulation of protein depolymerization","2/377","18/15234",0.111111111111111,4.48983200707339,4.947,2.35987151810809,0.0720156997336698,0.287063842191842,0.198053329613253,"SLN/ACTN2",2
"GO:1903727","positive regulation of phospholipid metabolic process","2/377","18/15234",0.111111111111111,4.48983200707339,4.947,2.35987151810809,0.0720156997336698,0.287063842191842,0.198053329613253,"NR1H4/APOC2",2
"GO:0050906","detection of stimulus involved in sensory perception","5/377","90/15234",0.0555555555555556,2.24491600353669,2.33586337760911,1.88685635364834,0.0724333715047781,0.28836509738867,0.198951101768884,"CARTPT/PTPRQ/PIGR/OR2I1/PIP",5
"GO:0007200","phospholipase C-activating G protein-coupled receptor signaling pathway","6/377","118/15234",0.0508474576271186,2.05466888459291,2.1291393916057,1.83204665782205,0.0728253549933681,0.289560939791241,0.199776146705626,"F2/GRPR/CHGA/ACTN2/SELE/ESR1",6
"GO:0050953","sensory perception of light stimulus","7/377","147/15234",0.0476190476190476,1.92421371731717,1.98878378378378,1.79360772921273,0.0729657859379392,0.289754835866615,0.199909921001384,"SLITRK6/CHRNB2/RBP4/COL2A1/ZIC2/CDH3/SLC4A10",7
"GO:0003007","heart morphogenesis","8/377","177/15234",0.0451977401129944,1.82637234186036,1.88425458219079,1.76153394150782,0.0733604880904125,0.290956716253192,0.200739131711241,"ACTC1/LRP2/SOX11/RBP4/PITX2/TBX5/NPY1R/SFRP2",8
"GO:0022617","extracellular matrix disassembly","4/377","64/15234",0.0625,2.52553050397878,2.64468275245755,1.94812099654954,0.0737692188812599,0.292211153989552,0.201604603198635,"PLG/MMP12/MMP3/TPSAB1",4
"GO:0043200","response to amino acid","5/377","91/15234",0.0549450549450549,2.22024659690442,2.30854588647162,1.85977401156314,0.0751717724900935,0.297022466051482,0.20492406122023,"CDO1/LCN2/KCNC2/HMGCS2/GRIA1",5
"GO:0072676","lymphocyte migration","5/377","91/15234",0.0549450549450549,2.22024659690442,2.30854588647162,1.85977401156314,0.0751717724900935,0.297022466051482,0.20492406122023,"SAA1/CCL21/CXCL13/APOD/CCL20",5
"GO:0070201","regulation of establishment of protein localization","15/377","402/15234",0.0373134328358209,1.50777940536047,1.54931688723286,1.6435619761205,0.0754797451756314,0.297867009363509,0.205506735142771,"SLC2A2/CARTPT/NR1H4/SAA1/FGB/TFAP2B/RBP4/SLC30A8/HNF4A/CHGA/APOD/SYT4/IGF1/FGA/FGG",15
"GO:0008206","bile acid metabolic process","3/377","40/15234",0.075,3.03063660477454,3.21289203642145,2.04844345254715,0.0758789527035457,0.297954496268209,0.205567094791834,"NR1H4/BAAT/SULT2A1",3
"GO:0042119","neutrophil activation","3/377","40/15234",0.075,3.03063660477454,3.21289203642145,2.04844345254715,0.0758789527035457,0.297954496268209,0.205567094791834,"CD177/CXCL6/PLA2G2A",3
"GO:0055021","regulation of cardiac muscle tissue growth","3/377","40/15234",0.075,3.03063660477454,3.21289203642145,2.04844345254715,0.0758789527035457,0.297954496268209,0.205567094791834,"RBP4/TBX5/IGF1",3
"GO:1903018","regulation of glycoprotein metabolic process","3/377","40/15234",0.075,3.03063660477454,3.21289203642145,2.04844345254715,0.0758789527035457,0.297954496268209,0.205567094791834,"CCL21/APCS/IGF1",3
"GO:0022409","positive regulation of cell-cell adhesion","11/377","272/15234",0.0404411764705882,1.63416679669215,1.68075707137324,1.68108998566302,0.0761417992689652,0.298615666860049,0.206023254774075,"CEACAM6/FGB/CCL21/PKP1/CXCL13/PCK1/IGF1/FGA/VNN1/SELE/FGG",11
"GO:0050954","sensory perception of mechanical stimulus","6/377","120/15234",0.05,2.02042440318302,2.09150234075755,1.78763802767507,0.0775807992916466,0.30388216426381,0.209656757824304,"SLITRK6/CHRNB2/LRP2/PTPRQ/COL2A1/TMPRSS3",6
"GO:0009755","hormone-mediated signaling pathway","8/377","180/15234",0.0444444444444444,1.79593280282935,1.85101153337115,1.71113602555091,0.0791145599298977,0.30684662507807,0.211702021798649,"SCGB2A2/ADIPOQ/SCGB2A1/CGA/TCF21/TRH/PRAME/ESR1",8
"GO:0001824","blastocyst development","2/377","19/15234",0.105263157894737,4.25352505933268,4.6556862745098,2.26043910935011,0.0792112768312891,0.30684662507807,0.211702021798649,"TFAP2C/IGF1",2
"GO:0001991","regulation of systemic arterial blood pressure by circulatory renin-angiotensin","2/377","19/15234",0.105263157894737,4.25352505933268,4.6556862745098,2.26043910935011,0.0792112768312891,0.30684662507807,0.211702021798649,"CPA3/MME",2
"GO:0035461","vitamin transmembrane transport","2/377","19/15234",0.105263157894737,4.25352505933268,4.6556862745098,2.26043910935011,0.0792112768312891,0.30684662507807,0.211702021798649,"LRP2/GC",2
"GO:0042745","circadian sleep/wake cycle","2/377","19/15234",0.105263157894737,4.25352505933268,4.6556862745098,2.26043910935011,0.0792112768312891,0.30684662507807,0.211702021798649,"CHRNB2/CARTPT",2
"GO:0051953","negative regulation of amine transport","2/377","19/15234",0.105263157894737,4.25352505933268,4.6556862745098,2.26043910935011,0.0792112768312891,0.30684662507807,0.211702021798649,"CHGA/SYT4",2
"GO:0055022","negative regulation of cardiac muscle tissue growth","2/377","19/15234",0.105263157894737,4.25352505933268,4.6556862745098,2.26043910935011,0.0792112768312891,0.30684662507807,0.211702021798649,"RBP4/TBX5",2
"GO:0061117","negative regulation of heart growth","2/377","19/15234",0.105263157894737,4.25352505933268,4.6556862745098,2.26043910935011,0.0792112768312891,0.30684662507807,0.211702021798649,"RBP4/TBX5",2
"GO:1901623","regulation of lymphocyte chemotaxis","2/377","19/15234",0.105263157894737,4.25352505933268,4.6556862745098,2.26043910935011,0.0792112768312891,0.30684662507807,0.211702021798649,"CCL21/CXCL13",2
"GO:0071695","anatomical structure maturation","7/377","150/15234",0.0466666666666667,1.88572944297082,1.94666414666415,1.73654596665172,0.0793274417179566,0.306920493599095,0.21175298574601,"TDRD1/LTF/CCL21/EPB42/DEFB1/CDH3/IGF1",7
"GO:0071216","cellular response to biotic stimulus","9/377","211/15234",0.042654028436019,1.72358479892391,1.77430854498493,1.68597124442157,0.0795255996685924,0.307311027570196,0.212022425995653,"NR1H4/CSF3/LTF/LCN2/CXCL6/CXCL13/MMP3/HMGCS2/LBP",9
"GO:0030168","platelet activation","6/377","121/15234",0.0495867768595041,2.00372668084267,2.07317473338802,1.76575582283839,0.0800228679180225,0.308855049436959,0.2130876896296,"SAA1/FGB/HRG/F2/FGA/FGG",6
"GO:0030521","androgen receptor signaling pathway","3/377","41/15234",0.0731707317073171,2.95671863880443,3.12813115676893,1.99846421382723,0.080434033602887,0.309591163041824,0.21359555488112,"SCGB2A2/SCGB2A1/TCF21",3
"GO:0048009","insulin-like growth factor receptor signaling pathway","3/377","41/15234",0.0731707317073171,2.95671863880443,3.12813115676893,1.99846421382723,0.080434033602887,0.309591163041824,0.21359555488112,"IGFBP1/CDH3/IGF1",3
"GO:0030500","regulation of bone mineralization","4/377","66/15234",0.0606060606060606,2.44899927658548,2.55902447461731,1.87920349242968,0.0806053550089911,0.309591163041824,0.21359555488112,"FGF23/AHSG/LTF/NELL1",4
"GO:0035270","endocrine system development","4/377","66/15234",0.0606060606060606,2.44899927658548,2.55902447461731,1.87920349242968,0.0806053550089911,0.309591163041824,0.21359555488112,"NKX2-1/PITX2/MNX1/WT1",4
"GO:0034446","substrate adhesion-dependent cell spreading","5/377","93/15234",0.0537634408602151,2.17249935826132,2.25577346041056,1.80665256799315,0.0808148909177435,0.309643479019378,0.213631649129241,"APOA1/FGB/OLFM4/FGA/FGG",5
"GO:0035265","organ growth","5/377","93/15234",0.0537634408602151,2.17249935826132,2.25577346041056,1.80665256799315,0.0808148909177435,0.309643479019378,0.213631649129241,"RBP4/TBX5/CLDN18/IGF1/WT1",5
"GO:0006836","neurotransmitter transport","8/377","181/15234",0.0441988950276243,1.78601052215074,1.84018672556668,1.69454829551253,0.0810908457423788,0.310324653016537,0.21410161001722,"UNC13A/ATP1A2/SLC1A2/SYT13/RIMS2/CPLX2/SYT5/SYT4",8
"GO:0034764","positive regulation of transmembrane transport","7/377","151/15234",0.0463576158940397,1.87324116851406,1.93301426426426,1.71781600472646,0.0815175187567335,0.311580262140308,0.214967889677371,"ADIPOQ/ITLN1/FGF21/F2/LCN2/KCNC2/IGF1",7
"GO:0032526","response to retinoic acid","5/377","94/15234",0.0531914893617021,2.14938766296066,2.23027667029117,1.78059584235561,0.0837189740177745,0.319276829668961,0.220277965700893,"HSD17B2/ASCL1/RBP4/BRINP2/TAT",5
"GO:0008584","male gonad development","4/377","67/15234",0.0597014925373134,2.41244704857674,2.51823481850291,1.84568493714661,0.0841371715008682,0.319276829668961,0.220277965700893,"LRP2/TFAP2C/TCF21/WT1",4
"GO:0008625","extrinsic apoptotic signaling pathway via death domain receptors","4/377","67/15234",0.0597014925373134,2.41244704857674,2.51823481850291,1.84568493714661,0.0841371715008682,0.319276829668961,0.220277965700893,"FGB/SFRP2/FGA/FGG",4
"GO:0014013","regulation of gliogenesis","4/377","67/15234",0.0597014925373134,2.41244704857674,2.51823481850291,1.84568493714661,0.0841371715008682,0.319276829668961,0.220277965700893,"LRP2/SOX11/F2/NEGR1",4
"GO:0032732","positive regulation of interleukin-1 production","4/377","67/15234",0.0597014925373134,2.41244704857674,2.51823481850291,1.84568493714661,0.0841371715008682,0.319276829668961,0.220277965700893,"SAA1/ORM2/ORM1/NLRP2",4
"GO:0043299","leukocyte degranulation","4/377","67/15234",0.0597014925373134,2.41244704857674,2.51823481850291,1.84568493714661,0.0841371715008682,0.319276829668961,0.220277965700893,"CD177/IGHE/CPLX2/CHGA",4
"GO:0007188","adenylate cyclase-modulating G protein-coupled receptor signaling pathway","9/377","214/15234",0.0420560747663551,1.69942239520067,1.74798515376458,1.64138057305706,0.085055565349209,0.321673879210946,0.221931756855548,"GRIK3/LPAR3/RIMS2/CHGA/TRH/NPY1R/CNR1/ADCYAP1/MARCO",9
"GO:0010719","negative regulation of epithelial to mesenchymal transition","3/377","42/15234",0.0714285714285714,2.88632057597575,3.04771698889346,1.94998156618696,0.0851048275038247,0.321673879210946,0.221931756855548,"NKX2-1/TBX5/SFRP2",3
"GO:0010883","regulation of lipid storage","3/377","42/15234",0.0714285714285714,2.88632057597575,3.04771698889346,1.94998156618696,0.0851048275038247,0.321673879210946,0.221931756855548,"APOB/CRP/VSTM2A",3
"GO:0051051","negative regulation of transport","13/377","343/15234",0.0379008746355685,1.53151704031366,1.57218614718615,1.58598894265578,0.0851759053779064,0.321673879210946,0.221931756855548,"FGF23/CARTPT/SLN/ADIPOQ/ATP1A2/APOA2/HAMP/CHGA/ACTN2/APOC2/APOD/SYT4/APOC3",13
"GO:0006536","glutamate metabolic process","2/377","20/15234",0.1,4.04084880636605,4.39674074074074,2.16763399544875,0.0866194081287833,0.322718370198976,0.22265238024145,"NR1H4/TAT",2
"GO:0010881","regulation of cardiac muscle contraction by regulation of the release of sequestered calcium ion","2/377","20/15234",0.1,4.04084880636605,4.39674074074074,2.16763399544875,0.0866194081287833,0.322718370198976,0.22265238024145,"ATP1A2/TRDN",2
"GO:0032930","positive regulation of superoxide anion generation","2/377","20/15234",0.1,4.04084880636605,4.39674074074074,2.16763399544875,0.0866194081287833,0.322718370198976,0.22265238024145,"CD177/CRP",2
"GO:0033032","regulation of myeloid cell apoptotic process","2/377","20/15234",0.1,4.04084880636605,4.39674074074074,2.16763399544875,0.0866194081287833,0.322718370198976,0.22265238024145,"ADIPOQ/APOH",2
"GO:0043043","peptide biosynthetic process","2/377","20/15234",0.1,4.04084880636605,4.39674074074074,2.16763399544875,0.0866194081287833,0.322718370198976,0.22265238024145,"SLC1A2/PCSK1",2
"GO:0045056","transcytosis","2/377","20/15234",0.1,4.04084880636605,4.39674074074074,2.16763399544875,0.0866194081287833,0.322718370198976,0.22265238024145,"LRP2/PIGR",2
"GO:0061687","detoxification of inorganic compound","2/377","20/15234",0.1,4.04084880636605,4.39674074074074,2.16763399544875,0.0866194081287833,0.322718370198976,0.22265238024145,"MT1G/MT1H",2
"GO:0070977","bone maturation","2/377","20/15234",0.1,4.04084880636605,4.39674074074074,2.16763399544875,0.0866194081287833,0.322718370198976,0.22265238024145,"LTF/IGF1",2
"GO:0071468","cellular response to acidic pH","2/377","20/15234",0.1,4.04084880636605,4.39674074074074,2.16763399544875,0.0866194081287833,0.322718370198976,0.22265238024145,"KCNK3/SCNN1G",2
"GO:0006942","regulation of striated muscle contraction","5/377","95/15234",0.0526315789473684,2.12676252966634,2.20534647550777,1.75486389495441,0.0866776008538218,0.322718370198976,0.22265238024145,"ATP1A2/TRDN/CHGA/TNNT3/STRIT1",5
"GO:0034308","primary alcohol metabolic process","5/377","95/15234",0.0526315789473684,2.12676252966634,2.20534647550777,1.75486389495441,0.0866776008538218,0.322718370198976,0.22265238024145,"SDR16C5/RBP4/SULT2A1/HAO1/IGF1",5
"GO:0048705","skeletal system morphogenesis","5/377","95/15234",0.0526315789473684,2.12676252966634,2.20534647550777,1.75486389495441,0.0866776008538218,0.322718370198976,0.22265238024145,"SOX11/LTF/HOXC11/COL2A1/TBX4",5
"GO:0006879","intracellular iron ion homeostasis","4/377","68/15234",0.0588235294117647,2.37696988609767,2.47871983914209,1.81276374787381,0.0877436129559141,0.324774661069841,0.224071072510454,"LCN2/SCARA5/HAMP/HJV",4
"GO:0043279","response to alkaloid","4/377","68/15234",0.0588235294117647,2.37696988609767,2.47871983914209,1.81276374787381,0.0877436129559141,0.324774661069841,0.224071072510454,"CHRNB2/CARTPT/SLC1A2/GRIA1",4
"GO:0046470","phosphatidylcholine metabolic process","4/377","68/15234",0.0588235294117647,2.37696988609767,2.47871983914209,1.81276374787381,0.0877436129559141,0.324774661069841,0.224071072510454,"APOA4/APOA1/APOA2/PLA2G2A",4
"GO:0046546","development of primary male sexual characteristics","4/377","68/15234",0.0588235294117647,2.37696988609767,2.47871983914209,1.81276374787381,0.0877436129559141,0.324774661069841,0.224071072510454,"LRP2/TFAP2C/TCF21/WT1",4
"GO:2000379","positive regulation of reactive oxygen species metabolic process","4/377","68/15234",0.0588235294117647,2.37696988609767,2.47871983914209,1.81276374787381,0.0877436129559141,0.324774661069841,0.224071072510454,"CD177/F2/LCN2/CRP",4
"GO:0010656","negative regulation of muscle cell apoptotic process","3/377","43/15234",0.0697674418604651,2.81919684165073,2.97132352941176,1.90291142558549,0.0898884251358218,0.332324341350097,0.229279806935533,"APOH/IGF1/ESR1",3
"GO:0048593","camera-type eye morphogenesis","4/377","69/15234",0.0579710144927536,2.34252104716872,2.44042070530006,1.78041922650541,0.0914237131945305,0.337605557719522,0.232923465009593,"SOX11/TFAP2B/RBP4/PITX2",4
"GO:0006979","response to oxidative stress","14/377","381/15234",0.036745406824147,1.48482633304789,1.52273290247033,1.52664982412273,0.0921248414971092,0.339797694250131,0.234435880977897,"APOA4/AMBP/SCGB1A1/HAO1/LCN2/FABP1/GPX2/HBA1/HP/MMP3/TAT/APOD/VNN1/ALB",14
"GO:0030855","epithelial cell differentiation","16/377","449/15234",0.0356347438752784,1.43994612253579,1.47642230652601,1.50733517855804,0.0927531065055802,0.340771031096359,0.235107413142167,"ASCL1/SOX11/DMBT1/KRT80/PKP1/KRT17/SCEL/TCF21/PITX2/KRT5/CDH3/PCK1/KRT7/TMEM100/CASP14/WT1",16
"GO:0030278","regulation of ossification","5/377","97/15234",0.0515463917525773,2.08291175585879,2.15711196820944,1.70434246332135,0.0927568975247561,0.340771031096359,0.235107413142167,"FGF23/AHSG/SOX11/LTF/NELL1",5
"GO:0051222","positive regulation of protein transport","9/377","218/15234",0.0412844036697248,1.66824033290341,1.71406282504681,1.58300262933508,0.0927787616889796,0.340771031096359,0.235107413142167,"SLC2A2/CARTPT/NR1H4/FGB/RBP4/SLC30A8/IGF1/FGA/FGG",9
"GO:0002460","adaptive immune response based on somatic recombination of immune receptors built from immunoglobulin superfamily domains","12/377","315/15234",0.0380952380952381,1.53937097385373,1.57916723179167,1.54088712236921,0.0928199486788879,0.340771031096359,0.235107413142167,"ARG1/IGHE/C9/CXCL13/C8B/IGHA2/IL1RL1/IGHG4/IGHA1/C4BPA/C4BPB/C8A",12
"GO:0072593","reactive oxygen species metabolic process","8/377","187/15234",0.0427807486631016,1.7287053717074,1.77777777777778,1.59714978819518,0.0935587583361366,0.341175211569825,0.235386268493379,"APOA4/CD177/F2/LCN2/HBA1/CRP/HP/MMP3",8
"GO:0006817","phosphate ion transport","2/377","21/15234",0.0952380952380952,3.84842743463433,4.16505263157895,2.08067960033372,0.0942252324265919,0.341175211569825,0.235386268493379,"FGF23/SLC34A2",2
"GO:0006833","water transport","2/377","21/15234",0.0952380952380952,3.84842743463433,4.16505263157895,2.08067960033372,0.0942252324265919,0.341175211569825,0.235386268493379,"AQP4/PKP1",2
"GO:0032682","negative regulation of chemokine production","2/377","21/15234",0.0952380952380952,3.84842743463433,4.16505263157895,2.08067960033372,0.0942252324265919,0.341175211569825,0.235386268493379,"NR1H4/APOD",2
"GO:0032928","regulation of superoxide anion generation","2/377","21/15234",0.0952380952380952,3.84842743463433,4.16505263157895,2.08067960033372,0.0942252324265919,0.341175211569825,0.235386268493379,"CD177/CRP",2
"GO:0033688","regulation of osteoblast proliferation","2/377","21/15234",0.0952380952380952,3.84842743463433,4.16505263157895,2.08067960033372,0.0942252324265919,0.341175211569825,0.235386268493379,"LTF/NELL1",2
"GO:0042634","regulation of hair cycle","2/377","21/15234",0.0952380952380952,3.84842743463433,4.16505263157895,2.08067960033372,0.0942252324265919,0.341175211569825,0.235386268493379,"KRT17/CDH3",2
"GO:0045217","cell-cell junction maintenance","2/377","21/15234",0.0952380952380952,3.84842743463433,4.16505263157895,2.08067960033372,0.0942252324265919,0.341175211569825,0.235386268493379,"CD177/PKP1",2
"GO:0048566","embryonic digestive tract development","2/377","21/15234",0.0952380952380952,3.84842743463433,4.16505263157895,2.08067960033372,0.0942252324265919,0.341175211569825,0.235386268493379,"SOX11/TCF21",2
"GO:0048799","animal organ maturation","2/377","21/15234",0.0952380952380952,3.84842743463433,4.16505263157895,2.08067960033372,0.0942252324265919,0.341175211569825,0.235386268493379,"LTF/IGF1",2
"GO:0071731","response to nitric oxide","2/377","21/15234",0.0952380952380952,3.84842743463433,4.16505263157895,2.08067960033372,0.0942252324265919,0.341175211569825,0.235386268493379,"KCNC2/MMP3",2
"GO:2001026","regulation of endothelial cell chemotaxis","2/377","21/15234",0.0952380952380952,3.84842743463433,4.16505263157895,2.08067960033372,0.0942252324265919,0.341175211569825,0.235386268493379,"HRG/CXCL13",2
"GO:0043303","mast cell degranulation","3/377","44/15234",0.0681818181818182,2.75512418615867,2.89865658014869,1.85717631664,0.0947818526352107,0.3427979818992,0.236505862882127,"IGHE/CPLX2/CHGA",3
"GO:0032370","positive regulation of lipid transport","4/377","70/15234",0.0571428571428571,2.3090564607806,2.40328215127143,1.74863169133908,0.0951764601980406,0.34343925877398,0.23694829763561,"CYP4A11/APOA1/ADIPOQ/PRAP1",4
"GO:0050853","B cell receptor signaling pathway","4/377","70/15234",0.0571428571428571,2.3090564607806,2.40328215127143,1.74863169133908,0.0951764601980406,0.34343925877398,0.23694829763561,"IGHE/IGHA2/IGHG4/IGHA1",4
"GO:1990845","adaptive thermogenesis","7/377","157/15234",0.0445859872611465,1.80165233404856,1.85493693693694,1.60833404315471,0.0953833244825732,0.343670555328043,0.237107875561937,"SLN/ADIPOQ/FGF21/LCN2/HOXC10/ADCYAP1/FABP4",7
"GO:0007269","neurotransmitter secretion","6/377","127/15234",0.047244094488189,1.90906242820443,1.96957073800985,1.63871824471691,0.0955667251291837,0.343670555328043,0.237107875561937,"UNC13A/SYT13/RIMS2/CPLX2/SYT5/SYT4",6
"GO:0099643","signal release from synapse","6/377","127/15234",0.047244094488189,1.90906242820443,1.96957073800985,1.63871824471691,0.0955667251291837,0.343670555328043,0.237107875561937,"UNC13A/SYT13/RIMS2/CPLX2/SYT5/SYT4",6
"GO:0006821","chloride transport","5/377","98/15234",0.0510204081632653,2.06165755426839,2.13377269048445,1.67953774014171,0.0958767042218338,0.344002567588214,0.237336940055386,"CLCA2/GLRA3/SLC4A1/SLC4A10/CLIC6",5
"GO:0099565","chemical synaptic transmission, postsynaptic","5/377","98/15234",0.0510204081632653,2.06165755426839,2.13377269048445,1.67953774014171,0.0958767042218338,0.344002567588214,0.237336940055386,"CHRNB2/GLRA3/CHRNA1/RIMS2/GRIA1",5
"GO:0048598","embryonic morphogenesis","12/377","317/15234",0.0378548895899054,1.52965885414488,1.56859645183023,1.51803909849981,0.0961104099092181,0.34445011986739,0.237645718821775,"APOA1/LRP2/ADIPOQ/SOX11/RBP4/HOXC11/GREM2/VTN/COL2A1/TCF21/TBX5/TBX4",12
"GO:0021700","developmental maturation","9/377","220/15234",0.0409090909090909,1.6530745116952,1.69758396867917,1.55426011887106,0.0967899131063897,0.346100582951694,0.238784419212442,"TDRD1/LTF/CCL21/EPB42/DEFB1/CDH3/CHRDL1/SEZ6L/IGF1",9
"GO:0072001","renal system development","9/377","220/15234",0.0409090909090909,1.6530745116952,1.69758396867917,1.55426011887106,0.0967899131063897,0.346100582951694,0.238784419212442,"CYP4A11/ADIPOQ/SOX11/TFAP2B/RBP4/TCF21/MME/HMGCS2/WT1",9
"GO:2000377","regulation of reactive oxygen species metabolic process","6/377","128/15234",0.046875,1.89414787798409,1.9532941540365,1.6182194965679,0.0983041345303022,0.351117931356255,0.242246027437865,"CD177/F2/LCN2/CRP/HP/MMP3",6
"GO:0045638","negative regulation of myeloid cell differentiation","4/377","71/15234",0.0563380281690141,2.27653453879777,2.36725221079589,1.71738241321313,0.099000798344775,0.353207137209745,0.243687428668936,"CARTPT/ADIPOQ/LTF/APCS",4
"GO:0002448","mast cell mediated immunity","3/377","45/15234",0.0666666666666667,2.69389920424403,2.8294499618029,1.81270471463176,0.0997820798532451,0.355192741459581,0.245057352271893,"IGHE/CPLX2/CHGA",3
"GO:0042743","hydrogen peroxide metabolic process","3/377","45/15234",0.0666666666666667,2.69389920424403,2.8294499618029,1.81270471463176,0.0997820798532451,0.355192741459581,0.245057352271893,"APOA4/HBA1/HP",3
"GO:0032640","tumor necrosis factor production","7/377","159/15234",0.0440251572327044,1.77899004053851,1.83028093883357,1.57289467243506,0.100279132293873,0.356159929416777,0.245724642146584,"NR1H4/ADIPOQ/LTF/ORM2/ORM1/IGF1/LBP",7
"GO:0032680","regulation of tumor necrosis factor production","7/377","159/15234",0.0440251572327044,1.77899004053851,1.83028093883357,1.57289467243506,0.100279132293873,0.356159929416777,0.245724642146584,"NR1H4/ADIPOQ/LTF/ORM2/ORM1/IGF1/LBP",7
"GO:0060322","head development","17/377","489/15234",0.0347648261758691,1.40479406356284,1.43917725988701,1.44931908249656,0.100582595789078,0.356836796059793,0.246191631271128,"CHRNB2/ASCL1/ATP1A2/SOX11/KNDC1/EMX1/NKX2-1/AVPR1A/ZIC2/PITX2/KCNC2/SEZ6L/SFRP2/PCDH9/APOD/GRIA1/NKX2-2",17
"GO:0050900","leukocyte migration","12/377","320/15234",0.0375,1.51531830238727,1.55299768724426,1.48405952847159,0.10117755998392,0.358545142499072,0.247370266998459,"SAA1/CD177/EDN2/CCL21/CXCL6/CHGA/CXCL13/S100A12/APOD/CCL20/S100A8/SELE",12
"GO:0010460","positive regulation of heart rate","2/377","22/15234",0.0909090909090909,3.67349891487823,3.95653333333333,1.9989228323663,0.102014490428132,0.359897102950139,0.248303022119393,"EDN2/AVPR1A",2
"GO:0060976","coronary vasculature development","2/377","22/15234",0.0909090909090909,3.67349891487823,3.95653333333333,1.9989228323663,0.102014490428132,0.359897102950139,0.248303022119393,"LRP2/TBX5",2
"GO:2000209","regulation of anoikis","2/377","22/15234",0.0909090909090909,3.67349891487823,3.95653333333333,1.9989228323663,0.102014490428132,0.359897102950139,0.248303022119393,"CEACAM6/CEACAM5",2
"GO:2001044","regulation of integrin-mediated signaling pathway","2/377","22/15234",0.0909090909090909,3.67349891487823,3.95653333333333,1.9989228323663,0.102014490428132,0.359897102950139,0.248303022119393,"CD177/VTN",2
"GO:0046661","male sex differentiation","4/377","72/15234",0.0555555555555556,2.24491600353669,2.33228197445198,1.68665355650081,0.102895630622751,0.362197203116386,0.24988992520301,"LRP2/TFAP2C/TCF21/WT1",4
"GO:0048754","branching morphogenesis of an epithelial tube","4/377","72/15234",0.0555555555555556,2.24491600353669,2.33228197445198,1.68665355650081,0.102895630622751,0.362197203116386,0.24988992520301,"NKX2-1/TCF21/SFRP2/WT1",4
"GO:0089718","amino acid import across plasma membrane","3/377","46/15234",0.0652173913043478,2.63533617806481,2.76346225593832,1.76943046611739,0.104886028213339,0.368792808879161,0.254440417080217,"SLC38A4/ATP1A2/SLC1A2",3
"GO:0030900","forebrain development","9/377","224/15234",0.0401785714285714,1.62355532398636,1.66554600606673,1.49763675212583,0.105109634525049,0.369168394148532,0.254699543804728,"CHRNB2/ASCL1/ATP1A2/NKX2-1/AVPR1A/PITX2/KCNC2/PCDH9/GRIA1",9
"GO:0048639","positive regulation of developmental growth","5/377","101/15234",0.0495049504950495,2.00042020117131,2.06667226702509,1.60686154717718,0.105551023562883,0.369896657962611,0.255201993267237,"UNC13A/RIMS2/SYT4/IGF1/WT1",5
"GO:0070555","response to interleukin-1","5/377","101/15234",0.0495049504950495,2.00042020117131,2.06667226702509,1.60686154717718,0.105551023562883,0.369896657962611,0.255201993267237,"FGB/SLC30A8/LCN2/TRIM63/SELE",5
"GO:0046928","regulation of neurotransmitter secretion","4/377","73/15234",0.0547945205479452,2.21416372951564,2.29832536814703,1.65642812453028,0.106859820816242,0.374068542192848,0.258080292241607,"SYT13/RIMS2/SYT5/SYT4",4
"GO:0007507","heart development","14/377","391/15234",0.0358056265984655,1.44685123501598,1.48131909887396,1.42589758027288,0.107503051993027,0.37590392405969,0.259346573243995,"ACTC1/LRP2/ASCL1/NRAP/SOX11/IRX4/RBP4/PITX2/TBX5/NPY1R/ACTN2/SFRP2/IGF1/WT1",14
"GO:0045667","regulation of osteoblast differentiation","5/377","102/15234",0.0490196078431373,1.98080823841473,2.04522780179581,1.58319299322577,0.108879022932337,0.380122876334889,0.262257345771815,"FGF23/SOX11/LTF/IGF1/NELL1",5
"GO:0003094","glomerular filtration","2/377","23/15234",0.0869565217391304,3.51378157075308,3.76787301587302,1.92180981595047,0.109973504180792,0.380122876334889,0.262257345771815,"IGHA2/IGHA1",2
"GO:0010447","response to acidic pH","2/377","23/15234",0.0869565217391304,3.51378157075308,3.76787301587302,1.92180981595047,0.109973504180792,0.380122876334889,0.262257345771815,"KCNK3/SCNN1G",2
"GO:0010640","regulation of platelet-derived growth factor receptor signaling pathway","2/377","23/15234",0.0869565217391304,3.51378157075308,3.76787301587302,1.92180981595047,0.109973504180792,0.380122876334889,0.262257345771815,"ADIPOQ/APOD",2
"GO:0010818","T cell chemotaxis","2/377","23/15234",0.0869565217391304,3.51378157075308,3.76787301587302,1.92180981595047,0.109973504180792,0.380122876334889,0.262257345771815,"CCL21/CXCL13",2
"GO:0046597","host-mediated suppression of symbiont invasion","2/377","23/15234",0.0869565217391304,3.51378157075308,3.76787301587302,1.92180981595047,0.109973504180792,0.380122876334889,0.262257345771815,"LRRC15/APCS",2
"GO:0048546","digestive tract morphogenesis","2/377","23/15234",0.0869565217391304,3.51378157075308,3.76787301587302,1.92180981595047,0.109973504180792,0.380122876334889,0.262257345771815,"SOX11/TCF21",2
"GO:0070168","negative regulation of biomineral tissue development","2/377","23/15234",0.0869565217391304,3.51378157075308,3.76787301587302,1.92180981595047,0.109973504180792,0.380122876334889,0.262257345771815,"FGF23/AHSG",2
"GO:0002279","mast cell activation involved in immune response","3/377","47/15234",0.0638297872340425,2.5792651955528,2.70047399124939,1.7272922772637,0.110090578136568,0.380122876334889,0.262257345771815,"IGHE/CPLX2/CHGA",3
"GO:0031100","animal organ regeneration","3/377","47/15234",0.0638297872340425,2.5792651955528,2.70047399124939,1.7272922772637,0.110090578136568,0.380122876334889,0.262257345771815,"BAAT/VTN/TAT",3
"GO:0170038","proteinogenic amino acid biosynthetic process","3/377","47/15234",0.0638297872340425,2.5792651955528,2.70047399124939,1.7272922772637,0.110090578136568,0.380122876334889,0.262257345771815,"HAO1/PAH/AGXT",3
"GO:0090287","regulation of cellular response to growth factor stimulus","10/377","259/15234",0.0386100386100386,1.56017328431122,1.59854677565849,1.44839392190909,0.110446141715714,0.380122876334889,0.262257345771815,"LRP2/SOX11/HRG/NKX2-1/TFAP2B/GREM2/VTN/CXCL13/CDH3/CHRDL1",10
"GO:0071706","tumor necrosis factor superfamily cytokine production","7/377","163/15234",0.0429447852760736,1.73533384322468,1.78286555786556,1.50350596785288,0.110474876790491,0.380122876334889,0.262257345771815,"NR1H4/ADIPOQ/LTF/ORM2/ORM1/IGF1/LBP",7
"GO:1903555","regulation of tumor necrosis factor superfamily cytokine production","7/377","163/15234",0.0429447852760736,1.73533384322468,1.78286555786556,1.50350596785288,0.110474876790491,0.380122876334889,0.262257345771815,"NR1H4/ADIPOQ/LTF/ORM2/ORM1/IGF1/LBP",7
"GO:0040013","negative regulation of locomotion","11/377","292/15234",0.0376712328767123,1.522237564042,1.55899111292612,1.4353340947304,0.110543439006875,0.380122876334889,0.262257345771815,"CARTPT/ADIPOQ/HRG/CCL21/PTPRT/NKX2-1/APOH/TBX5/CXCL13/SFRP2/APOD",11
"GO:0006935","chemotaxis","14/377","393/15234",0.0356234096692112,1.43948812440521,1.47329858915371,1.40607883614712,0.110753928853031,0.380122876334889,0.262257345771815,"SAA1/APOA1/EDN2/HRG/CCL21/CXCL6/CXCL1/CXCL14/CHGA/DEFB1/CXCL13/S100A12/CCL20/S100A8",14
"GO:0042330","taxis","14/377","393/15234",0.0356234096692112,1.43948812440521,1.47329858915371,1.40607883614712,0.110753928853031,0.380122876334889,0.262257345771815,"SAA1/APOA1/EDN2/HRG/CCL21/CXCL6/CXCL1/CXCL14/CHGA/DEFB1/CXCL13/S100A12/CCL20/S100A8",14
"GO:0006081","aldehyde metabolic process","4/377","74/15234",0.0540540540540541,2.1842425980357,2.26533895059364,1.62668990904221,0.110892195663773,0.380184631771352,0.262299952565202,"SDR16C5/ALDOB/PCK1/AGXT",4
"GO:0009792","embryo development ending in birth or egg hatching","9/377","227/15234",0.039647577092511,1.60209864569579,1.64228909054647,1.45589975228424,0.111607729279831,0.382030786752573,0.263573666238861,"LRP2/SOX11/TFAP2C/RBP4/HOXC11/COL2A1/SCEL/IGF1/FOXI1",9
"GO:0030595","leukocyte chemotaxis","8/377","195/15234",0.041025641025641,1.65778412568863,1.70079561758184,1.47261442034493,0.111793254585932,0.382030786752573,0.263573666238861,"SAA1/EDN2/CCL21/CXCL6/CHGA/CXCL13/S100A12/S100A8",8
"GO:0048638","regulation of developmental growth","8/377","195/15234",0.041025641025641,1.65778412568863,1.70079561758184,1.47261442034493,0.111793254585932,0.382030786752573,0.263573666238861,"UNC13A/RBP4/MUSK/RIMS2/TBX5/SYT4/IGF1/WT1",8
"GO:0001676","long-chain fatty acid metabolic process","5/377","103/15234",0.0485436893203883,1.96157709046896,2.02422097871407,1.55979218086063,0.112257705229281,0.383090961498685,0.264305110285719,"CYP4A11/CYP2C9/CYP4Z1/CYP2E1/GLYATL2",5
"GO:0071214","cellular response to abiotic stimulus","11/377","293/15234",0.037542662116041,1.51704221399408,1.5533561988916,1.42353390153982,0.112467071265669,0.383090961498685,0.264305110285719,"ASCL1/ATP1A2/LCN2/AVPR1A/KCNK3/SCNN1G/PRAP1/MME/SCN7A/MMP3/SFRP2",11
"GO:0104004","cellular response to environmental stimulus","11/377","293/15234",0.037542662116041,1.51704221399408,1.5533561988916,1.42353390153982,0.112467071265669,0.383090961498685,0.264305110285719,"ASCL1/ATP1A2/LCN2/AVPR1A/KCNK3/SCNN1G/PRAP1/MME/SCN7A/MMP3/SFRP2",11
"GO:0007548","sex differentiation","6/377","133/15234",0.0451127819548872,1.82293931114258,1.87575609652567,1.51840844275497,0.112605253580054,0.383148769178202,0.26434499341178,"LRP2/TFAP2C/RBP4/CGA/TCF21/WT1",6
"GO:0045596","negative regulation of cell differentiation","17/377","499/15234",0.0340681362725451,1.3766418779203,1.40833909635777,1.36270435458205,0.114861616481009,0.390008884142119,0.269077977544367,"FGF23/CARTPT/ADIPOQ/ASCL1/SOX11/LTF/F2/NKX2-1/APCS/CRP/CEACAM5/TBX5/SFRP2/PRAME/SYT4/IGF1/NEGR1",17
"GO:0019915","lipid storage","4/377","75/15234",0.0533333333333333,2.15511936339523,2.23328172790092,1.59742344333591,0.114991546985275,0.390008884142119,0.269077977544367,"APOB/CRP/VSTM2A/CIDEC",4
"GO:0030166","proteoglycan biosynthetic process","4/377","75/15234",0.0533333333333333,2.15511936339523,2.23328172790092,1.59742344333591,0.114991546985275,0.390008884142119,0.269077977544367,"NDST4/HS6ST3/IGF1/CHST8",4
"GO:2000351","regulation of endothelial cell apoptotic process","3/377","48/15234",0.0625,2.52553050397878,2.64028520499109,1.68623326072795,0.115392576053794,0.390949552953958,0.269726971123027,"FGB/FGA/FGG",3
"GO:0006090","pyruvate metabolic process","5/377","104/15234",0.0480769230769231,1.94271577229137,2.0036385358966,1.53665301816003,0.115686477866178,0.391106905385015,0.269835532942083,"ALDOB/TRIM63/OGDHL/PCK1/IGF1",5
"GO:0030218","erythrocyte differentiation","5/377","104/15234",0.0480769230769231,1.94271577229137,2.0036385358966,1.53665301816003,0.115686477866178,0.391106905385015,0.269835532942083,"EPB42/AHSP/HBA1/HBG2/HBD",5
"GO:0003081","regulation of systemic arterial blood pressure by renin-angiotensin","2/377","24/15234",0.0833333333333333,3.36737400530504,3.59636363636364,1.84886722127669,0.118089157161567,0.394170882563582,0.271949456024283,"CPA3/MME",2
"GO:0016082","synaptic vesicle priming","2/377","24/15234",0.0833333333333333,3.36737400530504,3.59636363636364,1.84886722127669,0.118089157161567,0.394170882563582,0.271949456024283,"UNC13A/RIMS2",2
"GO:0033687","osteoblast proliferation","2/377","24/15234",0.0833333333333333,3.36737400530504,3.59636363636364,1.84886722127669,0.118089157161567,0.394170882563582,0.271949456024283,"LTF/NELL1",2
"GO:0043032","positive regulation of macrophage activation","2/377","24/15234",0.0833333333333333,3.36737400530504,3.59636363636364,1.84886722127669,0.118089157161567,0.394170882563582,0.271949456024283,"IL1RL1/LBP",2
"GO:0045671","negative regulation of osteoclast differentiation","2/377","24/15234",0.0833333333333333,3.36737400530504,3.59636363636364,1.84886722127669,0.118089157161567,0.394170882563582,0.271949456024283,"CARTPT/LTF",2
"GO:0045777","positive regulation of blood pressure","2/377","24/15234",0.0833333333333333,3.36737400530504,3.59636363636364,1.84886722127669,0.118089157161567,0.394170882563582,0.271949456024283,"CARTPT/AVPR1A",2
"GO:0045980","negative regulation of nucleotide metabolic process","2/377","24/15234",0.0833333333333333,3.36737400530504,3.59636363636364,1.84886722127669,0.118089157161567,0.394170882563582,0.271949456024283,"ALDOB/TRIM63",2
"GO:0046621","negative regulation of organ growth","2/377","24/15234",0.0833333333333333,3.36737400530504,3.59636363636364,1.84886722127669,0.118089157161567,0.394170882563582,0.271949456024283,"RBP4/TBX5",2
"GO:0060259","regulation of feeding behavior","2/377","24/15234",0.0833333333333333,3.36737400530504,3.59636363636364,1.84886722127669,0.118089157161567,0.394170882563582,0.271949456024283,"CARTPT/NPY1R",2
"GO:0060396","growth hormone receptor signaling pathway","2/377","24/15234",0.0833333333333333,3.36737400530504,3.59636363636364,1.84886722127669,0.118089157161567,0.394170882563582,0.271949456024283,"HNF4A/IGF1",2
"GO:0060421","positive regulation of heart growth","2/377","24/15234",0.0833333333333333,3.36737400530504,3.59636363636364,1.84886722127669,0.118089157161567,0.394170882563582,0.271949456024283,"IGF1/WT1",2
"GO:1900543","negative regulation of purine nucleotide metabolic process","2/377","24/15234",0.0833333333333333,3.36737400530504,3.59636363636364,1.84886722127669,0.118089157161567,0.394170882563582,0.271949456024283,"ALDOB/TRIM63",2
"GO:0043954","cellular component maintenance","4/377","76/15234",0.0526315789473684,2.12676252966634,2.20211498361632,1.56861395878936,0.119156633776382,0.396504947377548,0.273559792263112,"CBLN2/CD177/PKP1/RIMS2",4
"GO:0061138","morphogenesis of a branching epithelium","4/377","76/15234",0.0526315789473684,2.12676252966634,2.20211498361632,1.56861395878936,0.119156633776382,0.396504947377548,0.273559792263112,"NKX2-1/TCF21/SFRP2/WT1",4
"GO:0003205","cardiac chamber development","5/377","105/15234",0.0476190476190476,1.92421371731717,1.98346774193548,1.51376961152645,0.119164726355163,0.396504947377548,0.273559792263112,"LRP2/SOX11/RBP4/TBX5/SFRP2",5
"GO:0002707","negative regulation of lymphocyte mediated immunity","3/377","49/15234",0.0612244897959184,2.47398906512207,2.58271332248314,1.6462005333133,0.120788841022097,0.398552741618839,0.274972622471033,"ARG1/C4BPA/C4BPB",3
"GO:0008306","associative learning","3/377","49/15234",0.0612244897959184,2.47398906512207,2.58271332248314,1.6462005333133,0.120788841022097,0.398552741618839,0.274972622471033,"CHRNB2/CARTPT/GRIA1",3
"GO:0021675","nerve development","3/377","49/15234",0.0612244897959184,2.47398906512207,2.58271332248314,1.6462005333133,0.120788841022097,0.398552741618839,0.274972622471033,"CHRNB2/KCNC2/NKX2-2",3
"GO:0042130","negative regulation of T cell proliferation","3/377","49/15234",0.0612244897959184,2.47398906512207,2.58271332248314,1.6462005333133,0.120788841022097,0.398552741618839,0.274972622471033,"ARG1/VTCN1/PLA2G2A",3
"GO:0045778","positive regulation of ossification","3/377","49/15234",0.0612244897959184,2.47398906512207,2.58271332248314,1.6462005333133,0.120788841022097,0.398552741618839,0.274972622471033,"SOX11/LTF/NELL1",3
"GO:0045861","negative regulation of proteolysis","3/377","49/15234",0.0612244897959184,2.47398906512207,2.58271332248314,1.6462005333133,0.120788841022097,0.398552741618839,0.274972622471033,"F2/VTN/KNG1",3
"GO:0048168","regulation of neuronal synaptic plasticity","3/377","49/15234",0.0612244897959184,2.47398906512207,2.58271332248314,1.6462005333133,0.120788841022097,0.398552741618839,0.274972622471033,"SHISA9/SYT4/SLC4A10",3
"GO:1990089","response to nerve growth factor","3/377","49/15234",0.0612244897959184,2.47398906512207,2.58271332248314,1.6462005333133,0.120788841022097,0.398552741618839,0.274972622471033,"LCN2/KCNC2/GRIA1",3
"GO:0016051","carbohydrate biosynthetic process","7/377","167/15234",0.0419161676646707,1.69376896075224,1.73782094594595,1.43601025548112,0.121199693055048,0.399491376169977,0.275620212556651,"G6PC1/ADIPOQ/RBP4/ALDOB/PCK1/IGF1/CHST8",7
"GO:0005975","carbohydrate metabolic process","16/377","469/15234",0.0341151385927505,1.37854117061528,1.40928130713679,1.32641874585294,0.122280259745966,0.402633230267706,0.277787865091583,"SLC2A2/CARTPT/G6PC1/ADIPOQ/TFAP2B/RBP4/ALDOB/TRIM63/OGDHL/PCK1/TFF1/CHI3L2/APOD/TFF3/IGF1/CHST8",16
"GO:0170062","nutrient storage","4/377","77/15234",0.051948051948052,2.09914223707327,2.17180212273679,1.54024734446892,0.123386184268003,0.405851954704638,0.280008552611734,"APOB/CRP/VSTM2A/CIDEC",4
"GO:0034765","regulation of monoatomic ion transmembrane transport","9/377","233/15234",0.0386266094420601,1.56084288657916,1.59764411878882,1.37422202670628,0.125258378335727,0.407124152739609,0.280886277423154,"SLN/ATP1A2/F2/LCN2/BPIFA1/TRDN/HAMP/KCNC2/GRIA1",9
"GO:0008406","gonad development","5/377","107/15234",0.0467289719626168,1.88824710577853,1.94431267130508,1.46874743422201,0.126267088080765,0.407124152739609,0.280886277423154,"LRP2/TFAP2C/CGA/TCF21/WT1",5
"GO:0034101","erythrocyte homeostasis","5/377","107/15234",0.0467289719626168,1.88824710577853,1.94431267130508,1.46874743422201,0.126267088080765,0.407124152739609,0.280886277423154,"EPB42/AHSP/HBA1/HBG2/HBD",5
"GO:0007215","glutamate receptor signaling pathway","3/377","50/15234",0.06,2.42450928381963,2.52759130731596,1.60714485779632,0.126276170962521,0.407124152739609,0.280886277423154,"GRIK3/GRIA2/GRIA1",3
"GO:0043113","receptor clustering","3/377","50/15234",0.06,2.42450928381963,2.52759130731596,1.60714485779632,0.126276170962521,0.407124152739609,0.280886277423154,"MUSK/CHRDL1/PIGR",3
"GO:0045666","positive regulation of neuron differentiation","3/377","50/15234",0.06,2.42450928381963,2.52759130731596,1.60714485779632,0.126276170962521,0.407124152739609,0.280886277423154,"ASCL1/SOX11/BRINP2",3
"GO:0048857","neural nucleus development","3/377","50/15234",0.06,2.42450928381963,2.52759130731596,1.60714485779632,0.126276170962521,0.407124152739609,0.280886277423154,"CHRNB2/NKX2-1/KCNC2",3
"GO:0061178","regulation of insulin secretion involved in cellular response to glucose stimulus","3/377","50/15234",0.06,2.42450928381963,2.52759130731596,1.60714485779632,0.126276170962521,0.407124152739609,0.280886277423154,"SLC2A2/CARTPT/NR1H4",3
"GO:0070542","response to fatty acid","3/377","50/15234",0.06,2.42450928381963,2.52759130731596,1.60714485779632,0.126276170962521,0.407124152739609,0.280886277423154,"NR1H4/GLDC/HMGCS2",3
"GO:0009948","anterior/posterior axis specification","2/377","25/15234",0.08,3.23267904509284,3.43976811594203,1.77968772566536,0.126348874988155,0.407124152739609,0.280886277423154,"TDRD1/WT1",2
"GO:0010875","positive regulation of cholesterol efflux","2/377","25/15234",0.08,3.23267904509284,3.43976811594203,1.77968772566536,0.126348874988155,0.407124152739609,0.280886277423154,"APOA1/ADIPOQ",2
"GO:0015813","L-glutamate transmembrane transport","2/377","25/15234",0.08,3.23267904509284,3.43976811594203,1.77968772566536,0.126348874988155,0.407124152739609,0.280886277423154,"ATP1A2/SLC1A2",2
"GO:0033028","myeloid cell apoptotic process","2/377","25/15234",0.08,3.23267904509284,3.43976811594203,1.77968772566536,0.126348874988155,0.407124152739609,0.280886277423154,"ADIPOQ/APOH",2
"GO:0042759","long-chain fatty acid biosynthetic process","2/377","25/15234",0.08,3.23267904509284,3.43976811594203,1.77968772566536,0.126348874988155,0.407124152739609,0.280886277423154,"CYP2C9/CYP2E1",2
"GO:0045939","negative regulation of steroid metabolic process","2/377","25/15234",0.08,3.23267904509284,3.43976811594203,1.77968772566536,0.126348874988155,0.407124152739609,0.280886277423154,"UGT1A8/UGT1A1",2
"GO:0051491","positive regulation of filopodium assembly","2/377","25/15234",0.08,3.23267904509284,3.43976811594203,1.77968772566536,0.126348874988155,0.407124152739609,0.280886277423154,"GPM6A/CCL21",2
"GO:0060043","regulation of cardiac muscle cell proliferation","2/377","25/15234",0.08,3.23267904509284,3.43976811594203,1.77968772566536,0.126348874988155,0.407124152739609,0.280886277423154,"RBP4/TBX5",2
"GO:0071378","cellular response to growth hormone stimulus","2/377","25/15234",0.08,3.23267904509284,3.43976811594203,1.77968772566536,0.126348874988155,0.407124152739609,0.280886277423154,"HNF4A/IGF1",2
"GO:0097205","renal filtration","2/377","25/15234",0.08,3.23267904509284,3.43976811594203,1.77968772566536,0.126348874988155,0.407124152739609,0.280886277423154,"IGHA2/IGHA1",2
"GO:0097421","liver regeneration","2/377","25/15234",0.08,3.23267904509284,3.43976811594203,1.77968772566536,0.126348874988155,0.407124152739609,0.280886277423154,"VTN/TAT",2
"GO:0032943","mononuclear cell proliferation","8/377","201/15234",0.0398009950248756,1.6082980323845,1.64724714604659,1.3828957633906,0.126648758488422,0.407191451202937,0.280932708504959,"CHRNB2/ARG1/VTCN1/SOX11/IGHE/CRP/PLA2G2A/IGF1",8
"GO:0050890","cognition","8/377","201/15234",0.0398009950248756,1.6082980323845,1.64724714604659,1.3828957633906,0.126648758488422,0.407191451202937,0.280932708504959,"CHRNB2/CARTPT/LCN2/GRPR/MUSK/MME/SYT4/GRIA1",8
"GO:0045165","cell fate commitment","7/377","169/15234",0.0414201183431953,1.67372435766641,1.71613279946613,1.40293925692496,0.126756212585793,0.407191451202937,0.280932708504959,"ASCL1/TBX5/TBX4/MNX1/WT1/MYF6/MYT1L",7
"GO:0055117","regulation of cardiac muscle contraction","4/377","78/15234",0.0512820512820513,2.07223015711079,2.14230852836751,1.51231010957203,0.127678897949529,0.409323525779371,0.282403686060412,"ATP1A2/TRDN/CHGA/STRIT1",4
"GO:0070098","chemokine-mediated signaling pathway","4/377","78/15234",0.0512820512820513,2.07223015711079,2.14230852836751,1.51231010957203,0.127678897949529,0.409323525779371,0.282403686060412,"CCL21/CXCL6/CXCL13/ACKR1",4
"GO:0002768","immune response-regulating cell surface receptor signaling pathway","12/377","335/15234",0.0358208955223881,1.44746822914605,1.47935026930743,1.31917946776164,0.12886135188007,0.41269577841226,0.28473029695345,"VTCN1/LTF/IGHE/FGL1/MASP1/PIGR/IGHA2/IGHG4/IGHA1/LBP/BPIFB1/COLEC11",12
"GO:0046683","response to organophosphorus","5/377","108/15234",0.0462962962962963,1.87076333628058,1.92530535546508,1.44659779523321,0.129889869811361,0.415568702908614,0.286712407475924,"CDO1/VGF/TAT/HMGCS2/WT1",5
"GO:0044331","cell-cell adhesion mediated by cadherin","3/377","51/15234",0.0588235294117647,2.37696988609768,2.47476604278075,1.56902032329625,0.13185134853552,0.421148060261125,0.290561761307218,"PLG/CDH3/CDH7",3
"GO:0032637","interleukin-8 production","4/377","79/15234",0.0506329113924051,2.04599939562838,2.11360142984808,1.48478934847034,0.132033447554184,0.421148060261125,0.290561761307218,"ADIPOQ/APOA2/CRP/LBP",4
"GO:0032677","regulation of interleukin-8 production","4/377","79/15234",0.0506329113924051,2.04599939562838,2.11360142984808,1.48478934847034,0.132033447554184,0.421148060261125,0.290561761307218,"ADIPOQ/APOA2/CRP/LBP",4
"GO:0002429","immune response-activating cell surface receptor signaling pathway","11/377","303/15234",0.0363036303630363,1.46697481419229,1.49912980013474,1.30788078397571,0.132749581969056,0.423005472383251,0.291843241595513,"VTCN1/LTF/IGHE/FGL1/MASP1/IGHA2/IGHG4/IGHA1/LBP/BPIFB1/COLEC11",11
"GO:0070252","actin-mediated cell contraction","5/377","109/15234",0.0458715596330275,1.85360036989268,1.90666356492969,1.42468216106624,0.13355946593377,0.424218185154636,0.29267992586896,"ACTC1/ATP1A2/SCN7A/KCNJ3/STRIT1",5
"GO:0001516","prostaglandin biosynthetic process","2/377","26/15234",0.0769230769230769,3.10834523566619,3.29622222222222,1.71391856641713,0.134740606736873,0.424218185154636,0.29267992586896,"EDN2/AVPR1A",2
"GO:0006656","phosphatidylcholine biosynthetic process","2/377","26/15234",0.0769230769230769,3.10834523566619,3.29622222222222,1.71391856641713,0.134740606736873,0.424218185154636,0.29267992586896,"APOA1/APOA2",2
"GO:0007271","synaptic transmission, cholinergic","2/377","26/15234",0.0769230769230769,3.10834523566619,3.29622222222222,1.71391856641713,0.134740606736873,0.424218185154636,0.29267992586896,"CHRNB2/CHRNA1",2
"GO:0015740","C4-dicarboxylate transport","2/377","26/15234",0.0769230769230769,3.10834523566619,3.29622222222222,1.71391856641713,0.134740606736873,0.424218185154636,0.29267992586896,"SLC13A5/SLC1A2",2
"GO:0030851","granulocyte differentiation","2/377","26/15234",0.0769230769230769,3.10834523566619,3.29622222222222,1.71391856641713,0.134740606736873,0.424218185154636,0.29267992586896,"ADIPOQ/CSF3",2
"GO:0032107","regulation of response to nutrient levels","2/377","26/15234",0.0769230769230769,3.10834523566619,3.29622222222222,1.71391856641713,0.134740606736873,0.424218185154636,0.29267992586896,"CARTPT/NR1H4",2
"GO:0043403","skeletal muscle tissue regeneration","2/377","26/15234",0.0769230769230769,3.10834523566619,3.29622222222222,1.71391856641713,0.134740606736873,0.424218185154636,0.29267992586896,"IGF1/MYF6",2
"GO:0044058","regulation of digestive system process","2/377","26/15234",0.0769230769230769,3.10834523566619,3.29622222222222,1.71391856641713,0.134740606736873,0.424218185154636,0.29267992586896,"HAMP/PRAP1",2
"GO:0046622","positive regulation of organ growth","2/377","26/15234",0.0769230769230769,3.10834523566619,3.29622222222222,1.71391856641713,0.134740606736873,0.424218185154636,0.29267992586896,"IGF1/WT1",2
"GO:0051156","glucose 6-phosphate metabolic process","2/377","26/15234",0.0769230769230769,3.10834523566619,3.29622222222222,1.71391856641713,0.134740606736873,0.424218185154636,0.29267992586896,"G6PC1/ALDOB",2
"GO:0071467","cellular response to pH","2/377","26/15234",0.0769230769230769,3.10834523566619,3.29622222222222,1.71391856641713,0.134740606736873,0.424218185154636,0.29267992586896,"KCNK3/SCNN1G",2
"GO:0030336","negative regulation of cell migration","10/377","271/15234",0.03690036900369,1.49108812043028,1.52379759257519,1.29936920706882,0.136435601947903,0.429127301251066,0.296066861614446,"ADIPOQ/HRG/CCL21/PTPRT/NKX2-1/APOH/TBX5/CXCL13/SFRP2/APOD",10
"GO:0007610","behavior","12/377","339/15234",0.0353982300884956,1.43038895800568,1.46085207992962,1.27655211766878,0.136894193989661,0.430141697019204,0.296766721471025,"CHRNB2/CARTPT/ATP1A2/LCN2/AVPR1A/GRPR/MUSK/MME/NPY1R/SEZ6L/SYT4/GRIA1",12
"GO:0045137","development of primary sexual characteristics","5/377","110/15234",0.0454545454545455,1.83674945743911,1.88837685611879,1.40299551312714,0.137275164083308,0.43091042072228,0.297297085336373,"LRP2/TFAP2C/CGA/TCF21/WT1",5
"GO:0046888","negative regulation of hormone secretion","3/377","52/15234",0.0576923076923077,2.33125892674964,2.42409691149187,1.53178405936861,0.137511146669854,0.431222951015285,0.29751270867877,"FGF23/CARTPT/CHGA",3
"GO:0032944","regulation of mononuclear cell proliferation","7/377","173/15234",0.0404624277456647,1.63502552858742,1.67432432432432,1.33808951119729,0.138247501035794,0.433102428913921,0.298809412760055,"CHRNB2/ARG1/VTCN1/SOX11/CRP/PLA2G2A/IGF1",7
"GO:0006096","glycolytic process","4/377","81/15234",0.0493827160493827,1.99548089203262,2.05842414957696,1.4309483578068,0.140922623321733,0.440163076056167,0.303680749620416,"ALDOB/TRIM63/OGDHL/IGF1",4
"GO:0042542","response to hydrogen peroxide","4/377","81/15234",0.0493827160493827,1.99548089203262,2.05842414957696,1.4309483578068,0.140922623321733,0.440163076056167,0.303680749620416,"LCN2/FABP1/HBA1/HP",4
"GO:0086003","cardiac muscle cell contraction","4/377","81/15234",0.0493827160493827,1.99548089203262,2.05842414957696,1.4309483578068,0.140922623321733,0.440163076056167,0.303680749620416,"ATP1A2/SCN7A/KCNJ3/STRIT1",4
"GO:0002449","lymphocyte mediated immunity","10/377","273/15234",0.0366300366300366,1.48016439793628,1.51200256938904,1.27523082627614,0.141058554101732,0.440163076056167,0.303680749620416,"ARG1/IGHE/C9/C8B/IGHA2/IGHG4/IGHA1/C4BPA/C4BPB/C8A",10
"GO:0055074","calcium ion homeostasis","7/377","174/15234",0.0402298850574713,1.62562883014726,1.66418514322706,1.3221378133308,0.141197519494133,0.440163076056167,0.303680749620416,"FGF23/CARTPT/EDN2/F2/TRDN/CNR1/TRPV6",7
"GO:0006518","peptide metabolic process","3/377","53/15234",0.0566037735849057,2.2872729092638,2.37545454545455,1.49539597968852,0.143252333760101,0.442641370919507,0.305390594182171,"SLC1A2/MME/PCSK1",3
"GO:0015909","long-chain fatty acid transport","3/377","53/15234",0.0566037735849057,2.2872729092638,2.37545454545455,1.49539597968852,0.143252333760101,0.442641370919507,0.305390594182171,"FABP1/PLA2G2A/FABP4",3
"GO:0072577","endothelial cell apoptotic process","3/377","53/15234",0.0566037735849057,2.2872729092638,2.37545454545455,1.49539597968852,0.143252333760101,0.442641370919507,0.305390594182171,"FGB/FGA/FGG",3
"GO:1901607","alpha-amino acid biosynthetic process","3/377","53/15234",0.0566037735849057,2.2872729092638,2.37545454545455,1.49539597968852,0.143252333760101,0.442641370919507,0.305390594182171,"HAO1/PAH/AGXT",3
"GO:0033762","response to glucagon","2/377","27/15234",0.0740740740740741,2.99322133804892,3.16416,1.65125243616015,0.143252806849306,0.442641370919507,0.305390594182171,"CDO1/HMGCS2",2
"GO:0060251","regulation of glial cell proliferation","2/377","27/15234",0.0740740740740741,2.99322133804892,3.16416,1.65125243616015,0.143252806849306,0.442641370919507,0.305390594182171,"SOX11/NEGR1",2
"GO:0072012","glomerulus vasculature development","2/377","27/15234",0.0740740740740741,2.99322133804892,3.16416,1.65125243616015,0.143252806849306,0.442641370919507,0.305390594182171,"TCF21/WT1",2
"GO:0098810","neurotransmitter reuptake","2/377","27/15234",0.0740740740740741,2.99322133804892,3.16416,1.65125243616015,0.143252806849306,0.442641370919507,0.305390594182171,"ATP1A2/SLC1A2",2
"GO:1900746","regulation of vascular endothelial growth factor signaling pathway","2/377","27/15234",0.0740740740740741,2.99322133804892,3.16416,1.65125243616015,0.143252806849306,0.442641370919507,0.305390594182171,"HRG/VTN",2
"GO:0043010","camera-type eye development","7/377","176/15234",0.0397727272727273,1.60715577525922,1.64426675195906,1.290537570439,0.147188124433351,0.454357091146312,0.31347359544774,"UNC45B/GPM6A/SOX11/TFAP2B/RBP4/PITX2/WT1",7
"GO:0050435","amyloid-beta metabolic process","3/377","54/15234",0.0555555555555556,2.24491600353669,2.32871972318339,1.45981855176353,0.149071678547381,0.458827240397539,0.316557675756545,"APOA1/MME/IGF1",3
"GO:0055017","cardiac muscle tissue growth","3/377","54/15234",0.0555555555555556,2.24491600353669,2.32871972318339,1.45981855176353,0.149071678547381,0.458827240397539,0.316557675756545,"RBP4/TBX5/IGF1",3
"GO:0099518","vesicle cytoskeletal trafficking","3/377","54/15234",0.0555555555555556,2.24491600353669,2.32871972318339,1.45981855176353,0.149071678547381,0.458827240397539,0.316557675756545,"AP3B2/SYT4/KIF1A",3
"GO:0002532","production of molecular mediator involved in inflammatory response","4/377","83/15234",0.0481927710843374,1.94739701511617,2.00604065564869,1.37863164698029,0.150042631252046,0.460024012985177,0.317383362453838,"IL17REL/F2/APOD/LBP",4
"GO:0043648","dicarboxylic acid metabolic process","4/377","83/15234",0.0481927710843374,1.94739701511617,2.00604065564869,1.37863164698029,0.150042631252046,0.460024012985177,0.317383362453838,"NR1H4/OGDHL/PCK1/TAT",4
"GO:0046032","ADP catabolic process","4/377","83/15234",0.0481927710843374,1.94739701511617,2.00604065564869,1.37863164698029,0.150042631252046,0.460024012985177,0.317383362453838,"ALDOB/TRIM63/OGDHL/IGF1",4
"GO:0070167","regulation of biomineral tissue development","4/377","83/15234",0.0481927710843374,1.94739701511617,2.00604065564869,1.37863164698029,0.150042631252046,0.460024012985177,0.317383362453838,"FGF23/AHSG/LTF/NELL1",4
"GO:0002009","morphogenesis of an epithelium","10/377","277/15234",0.036101083032491,1.45879018280363,1.48894263641837,1.22752285938604,0.150546517187125,0.461121648089633,0.318140651443904,"LRP2/SOX11/NKX2-1/LCN2/KRT17/TCF21/MMP12/SFRP2/GREB1/WT1",10
"GO:0002092","positive regulation of receptor internalization","2/377","28/15234",0.0714285714285714,2.88632057597575,3.04225641025641,1.59142017371686,0.151874417610103,0.4616106096784,0.318477999644809,"HAMP/SELE",2
"GO:0003091","renal water homeostasis","2/377","28/15234",0.0714285714285714,2.88632057597575,3.04225641025641,1.59142017371686,0.151874417610103,0.4616106096784,0.318477999644809,"CYP4A11/AQP4",2
"GO:0007616","long-term memory","2/377","28/15234",0.0714285714285714,2.88632057597575,3.04225641025641,1.59142017371686,0.151874417610103,0.4616106096784,0.318477999644809,"LCN2/GRIA1",2
"GO:0032691","negative regulation of interleukin-1 beta production","2/377","28/15234",0.0714285714285714,2.88632057597575,3.04225641025641,1.59142017371686,0.151874417610103,0.4616106096784,0.318477999644809,"APOA1/IGF1",2
"GO:0046457","prostanoid biosynthetic process","2/377","28/15234",0.0714285714285714,2.88632057597575,3.04225641025641,1.59142017371686,0.151874417610103,0.4616106096784,0.318477999644809,"EDN2/AVPR1A",2
"GO:0050901","leukocyte tethering or rolling","2/377","28/15234",0.0714285714285714,2.88632057597575,3.04225641025641,1.59142017371686,0.151874417610103,0.4616106096784,0.318477999644809,"CCL21/SELE",2
"GO:1900016","negative regulation of cytokine production involved in inflammatory response","2/377","28/15234",0.0714285714285714,2.88632057597575,3.04225641025641,1.59142017371686,0.151874417610103,0.4616106096784,0.318477999644809,"F2/APOD",2
"GO:1904994","regulation of leukocyte adhesion to vascular endothelial cell","2/377","28/15234",0.0714285714285714,2.88632057597575,3.04225641025641,1.59142017371686,0.151874417610103,0.4616106096784,0.318477999644809,"CCL21/SELE",2
"GO:0007389","pattern specification process","9/377","244/15234",0.0368852459016393,1.49047701874157,1.52171600370028,1.23029878347397,0.152478086942974,0.463000223656812,0.319436732981617,"LRP2/TDRD1/ASCL1/IRX4/GREM2/PITX2/TBX5/CHRDL1/WT1",9
"GO:0050777","negative regulation of immune response","7/377","178/15234",0.0393258426966292,1.58909784520013,1.62481428797218,1.25933266028522,0.153297389774542,0.465041313893788,0.320844937910485,"ARG1/AMBP/MASP1/MMP12/IL1RL1/C4BPA/C4BPB",7
"GO:0030308","negative regulation of cell growth","6/377","146/15234",0.0410958904109589,1.66062279713673,1.70007701193685,1.27765024081334,0.154322411313669,0.466521316950656,0.321866033186756,"HRG/SCGB3A1/HNF4A/SFRP2/WT1/GNG4",6
"GO:0120254","olefinic compound metabolic process","6/377","146/15234",0.0410958904109589,1.66062279713673,1.70007701193685,1.27765024081334,0.154322411313669,0.466521316950656,0.321866033186756,"CYP4A11/CYP2C9/CYP4Z1/SDR16C5/RBP4/CYP2E1",6
"GO:0003231","cardiac ventricle development","4/377","84/15234",0.0476190476190476,1.92421371731717,1.98083109919571,1.35301799021716,0.154685648952373,0.466521316950656,0.321866033186756,"LRP2/SOX11/TBX5/SFRP2",4
"GO:0001570","vasculogenesis","3/377","55/15234",0.0545454545454545,2.20409934892694,2.28378239407651,1.42501658960216,0.154965954697307,0.466521316950656,0.321866033186756,"TBX5/TMEM100/WT1",3
"GO:0001954","positive regulation of cell-matrix adhesion","3/377","55/15234",0.0545454545454545,2.20409934892694,2.28378239407651,1.42501658960216,0.154965954697307,0.466521316950656,0.321866033186756,"CEACAM6/HRG/CCL21",3
"GO:0002437","inflammatory response to antigenic stimulus","3/377","55/15234",0.0545454545454545,2.20409934892694,2.28378239407651,1.42501658960216,0.154965954697307,0.466521316950656,0.321866033186756,"IGHE/ORM2/ORM1",3
"GO:0003208","cardiac ventricle morphogenesis","3/377","55/15234",0.0545454545454545,2.20409934892694,2.28378239407651,1.42501658960216,0.154965954697307,0.466521316950656,0.321866033186756,"LRP2/TBX5/SFRP2",3
"GO:0043470","regulation of carbohydrate catabolic process","3/377","55/15234",0.0545454545454545,2.20409934892694,2.28378239407651,1.42501658960216,0.154965954697307,0.466521316950656,0.321866033186756,"ALDOB/TRIM63/IGF1",3
"GO:0001952","regulation of cell-matrix adhesion","5/377","115/15234",0.0434782608695652,1.75689078537654,1.80193059628544,1.297831883518,0.156519087794471,0.470301175397645,0.324473862668788,"CEACAM6/HRG/CCL21/MMP12/APOD",5
"GO:1903038","negative regulation of leukocyte cell-cell adhesion","5/377","115/15234",0.0434782608695652,1.75689078537654,1.80193059628544,1.297831883518,0.156519087794471,0.470301175397645,0.324473862668788,"ARG1/VTCN1/CCL21/FGL1/PLA2G2A",5
"GO:0050729","positive regulation of inflammatory response","6/377","147/15234",0.0408163265306122,1.64932604341471,1.6879050295349,1.26013733449931,0.157784395372211,0.473652871577929,0.32678629109338,"CREB3L3/PLA2G2A/S100A12/IL1RL1/S100A8/LBP",6
"GO:0009137","purine nucleoside diphosphate catabolic process","4/377","85/15234",0.0470588235294118,1.90157590887814,1.95624400092675,1.32775398298446,0.159382083206416,0.47576413096284,0.328242907669213,"ALDOB/TRIM63/OGDHL/IGF1",4
"GO:0009181","purine ribonucleoside diphosphate catabolic process","4/377","85/15234",0.0470588235294118,1.90157590887814,1.95624400092675,1.32775398298446,0.159382083206416,0.47576413096284,0.328242907669213,"ALDOB/TRIM63/OGDHL/IGF1",4
"GO:0043271","negative regulation of monoatomic ion transport","4/377","85/15234",0.0470588235294118,1.90157590887814,1.95624400092675,1.32775398298446,0.159382083206416,0.47576413096284,0.328242907669213,"SLN/ATP1A2/HAMP/ACTN2",4
"GO:0050768","negative regulation of neurogenesis","4/377","85/15234",0.0470588235294118,1.90157590887814,1.95624400092675,1.32775398298446,0.159382083206416,0.47576413096284,0.328242907669213,"SOX11/F2/SYT4/NEGR1",4
"GO:0010469","regulation of signaling receptor activity","2/377","29/15234",0.0689655172413793,2.78679228025245,2.92938271604938,1.53418484589592,0.160594852178852,0.47576413096284,0.328242907669213,"GREM2/CGA",2
"GO:0010880","regulation of release of sequestered calcium ion into cytosol by sarcoplasmic reticulum","2/377","29/15234",0.0689655172413793,2.78679228025245,2.92938271604938,1.53418484589592,0.160594852178852,0.47576413096284,0.328242907669213,"ATP1A2/TRDN",2
"GO:0010882","regulation of cardiac muscle contraction by calcium ion signaling","2/377","29/15234",0.0689655172413793,2.78679228025245,2.92938271604938,1.53418484589592,0.160594852178852,0.47576413096284,0.328242907669213,"ATP1A2/TRDN",2
"GO:0015872","dopamine transport","2/377","29/15234",0.0689655172413793,2.78679228025245,2.92938271604938,1.53418484589592,0.160594852178852,0.47576413096284,0.328242907669213,"CHRNB2/SYT4",2
"GO:0021695","cerebellar cortex development","2/377","29/15234",0.0689655172413793,2.78679228025245,2.92938271604938,1.53418484589592,0.160594852178852,0.47576413096284,0.328242907669213,"KNDC1/SEZ6L",2
"GO:0048645","animal organ formation","2/377","29/15234",0.0689655172413793,2.78679228025245,2.92938271604938,1.53418484589592,0.160594852178852,0.47576413096284,0.328242907669213,"LRP2/WT1",2
"GO:0061437","renal system vasculature development","2/377","29/15234",0.0689655172413793,2.78679228025245,2.92938271604938,1.53418484589592,0.160594852178852,0.47576413096284,0.328242907669213,"TCF21/WT1",2
"GO:0061440","kidney vasculature development","2/377","29/15234",0.0689655172413793,2.78679228025245,2.92938271604938,1.53418484589592,0.160594852178852,0.47576413096284,0.328242907669213,"TCF21/WT1",2
"GO:0090322","regulation of superoxide metabolic process","2/377","29/15234",0.0689655172413793,2.78679228025245,2.92938271604938,1.53418484589592,0.160594852178852,0.47576413096284,0.328242907669213,"CD177/CRP",2
"GO:1902547","regulation of cellular response to vascular endothelial growth factor stimulus","2/377","29/15234",0.0689655172413793,2.78679228025245,2.92938271604938,1.53418484589592,0.160594852178852,0.47576413096284,0.328242907669213,"HRG/VTN",2
"GO:0002704","negative regulation of leukocyte mediated immunity","3/377","56/15234",0.0535714285714286,2.16474043198181,2.24054081323782,1.39095706667571,0.160931945088676,0.476316365566764,0.328623909683259,"ARG1/C4BPA/C4BPB",3
"GO:0001822","kidney development","8/377","214/15234",0.0373831775700935,1.51059768462282,1.54192648722604,1.19825319569208,0.162123186858991,0.479393258803809,0.330746743913472,"CYP4A11/ADIPOQ/SOX11/TFAP2B/TCF21/MME/HMGCS2/WT1",8
"GO:0001763","morphogenesis of a branching structure","4/377","86/15234",0.0465116279069767,1.87946456110049,1.93225658798143,1.30283001579213,0.164130471625926,0.482619926334468,0.332972911594927,"NKX2-1/TCF21/SFRP2/WT1",4
"GO:0010232","vascular transport","4/377","86/15234",0.0465116279069767,1.87946456110049,1.93225658798143,1.30283001579213,0.164130471625926,0.482619926334468,0.332972911594927,"LRP2/ATP1A2/SLC1A2/AVPR1A",4
"GO:0019364","pyridine nucleotide catabolic process","4/377","86/15234",0.0465116279069767,1.87946456110049,1.93225658798143,1.30283001579213,0.164130471625926,0.482619926334468,0.332972911594927,"ALDOB/TRIM63/OGDHL/IGF1",4
"GO:0150104","transport across blood-brain barrier","4/377","86/15234",0.0465116279069767,1.87946456110049,1.93225658798143,1.30283001579213,0.164130471625926,0.482619926334468,0.332972911594927,"LRP2/ATP1A2/SLC1A2/AVPR1A",4
"GO:1990868","response to chemokine","4/377","86/15234",0.0465116279069767,1.87946456110049,1.93225658798143,1.30283001579213,0.164130471625926,0.482619926334468,0.332972911594927,"CCL21/CXCL6/CXCL13/ACKR1",4
"GO:1990869","cellular response to chemokine","4/377","86/15234",0.0465116279069767,1.87946456110049,1.93225658798143,1.30283001579213,0.164130471625926,0.482619926334468,0.332972911594927,"CCL21/CXCL6/CXCL13/ACKR1",4
"GO:2001236","regulation of extrinsic apoptotic signaling pathway","5/377","117/15234",0.0427350427350427,1.72685846425899,1.76951324884793,1.25720995417709,0.164512639328241,0.483294101223578,0.333438043603579,"FGB/SFRP2/IGF1/FGA/FGG",5
"GO:1904951","positive regulation of establishment of protein localization","9/377","249/15234",0.036144578313253,1.46054776133713,1.48950407608696,1.16719605218374,0.165745139570927,0.485539038873576,0.334986888532851,"SLC2A2/CARTPT/NR1H4/FGB/RBP4/SLC30A8/IGF1/FGA/FGG",9
"GO:0001659","temperature homeostasis","7/377","182/15234",0.0384615384615385,1.5541726178331,1.58724324324324,1.19806805040664,0.165861259726747,0.485539038873576,0.334986888532851,"SLN/ADIPOQ/FGF21/LCN2/HOXC10/ADCYAP1/FABP4",7
"GO:0006813","potassium ion transport","7/377","182/15234",0.0384615384615385,1.5541726178331,1.58724324324324,1.19806805040664,0.165861259726747,0.485539038873576,0.334986888532851,"ATP1A2/KCNH4/KCNK3/KCNC2/ACTN2/KCNF1/KCNJ3",7
"GO:0010812","negative regulation of cell-substrate adhesion","3/377","57/15234",0.0526315789473684,2.12676252966634,2.19890077243018,1.35760894686189,0.166966445825871,0.485539038873576,0.334986888532851,"PLG/MMP12/APOD",3
"GO:0014910","regulation of smooth muscle cell migration","3/377","57/15234",0.0526315789473684,2.12676252966634,2.19890077243018,1.35760894686189,0.166966445825871,0.485539038873576,0.334986888532851,"ADIPOQ/VTN/IGF1",3
"GO:0032722","positive regulation of chemokine production","3/377","57/15234",0.0526315789473684,2.12676252966634,2.19890077243018,1.35760894686189,0.166966445825871,0.485539038873576,0.334986888532851,"ADIPOQ/ADCYAP1/IL1RL1",3
"GO:0032731","positive regulation of interleukin-1 beta production","3/377","57/15234",0.0526315789473684,2.12676252966634,2.19890077243018,1.35760894686189,0.166966445825871,0.485539038873576,0.334986888532851,"ORM2/ORM1/NLRP2",3
"GO:0034142","toll-like receptor 4 signaling pathway","3/377","57/15234",0.0526315789473684,2.12676252966634,2.19890077243018,1.35760894686189,0.166966445825871,0.485539038873576,0.334986888532851,"LTF/LBP/BPIFB1",3
"GO:0035773","insulin secretion involved in cellular response to glucose stimulus","3/377","57/15234",0.0526315789473684,2.12676252966634,2.19890077243018,1.35760894686189,0.166966445825871,0.485539038873576,0.334986888532851,"SLC2A2/CARTPT/NR1H4",3
"GO:0048278","vesicle docking","3/377","57/15234",0.0526315789473684,2.12676252966634,2.19890077243018,1.35760894686189,0.166966445825871,0.485539038873576,0.334986888532851,"UNC13A/RIMS2/CPLX2",3
"GO:0051966","regulation of synaptic transmission, glutamatergic","3/377","57/15234",0.0526315789473684,2.12676252966634,2.19890077243018,1.35760894686189,0.166966445825871,0.485539038873576,0.334986888532851,"UNC13A/GRIK3/ATP1A2",3
"GO:2000146","negative regulation of cell motility","10/377","284/15234",0.0352112676056338,1.42283408674861,1.4502078402514,1.14579361775786,0.167905070520291,0.48781978668625,0.336560439889438,"ADIPOQ/HRG/CCL21/PTPRT/NKX2-1/APOH/TBX5/CXCL13/SFRP2/APOD",10
"GO:0071774","response to fibroblast growth factor","4/377","87/15234",0.0459770114942529,1.8578615201683,1.9088471849866,1.27823685663316,0.168929339459488,0.489475297040253,0.337702622531864,"FGF23/FGF21/SCGB1A1/CXCL13",4
"GO:0035767","endothelial cell chemotaxis","2/377","30/15234",0.0666666666666667,2.69389920424403,2.82457142857143,1.47933691737855,0.169403978159455,0.489475297040253,0.337702622531864,"HRG/CXCL13",2
"GO:0043268","positive regulation of potassium ion transport","2/377","30/15234",0.0666666666666667,2.69389920424403,2.82457142857143,1.47933691737855,0.169403978159455,0.489475297040253,0.337702622531864,"KCNC2/ACTN2",2
"GO:0043276","anoikis","2/377","30/15234",0.0666666666666667,2.69389920424403,2.82457142857143,1.47933691737855,0.169403978159455,0.489475297040253,0.337702622531864,"CEACAM6/CEACAM5",2
"GO:0046006","regulation of activated T cell proliferation","2/377","30/15234",0.0666666666666667,2.69389920424403,2.82457142857143,1.47933691737855,0.169403978159455,0.489475297040253,0.337702622531864,"ARG1/IGF1",2
"GO:0071548","response to dexamethasone","2/377","30/15234",0.0666666666666667,2.69389920424403,2.82457142857143,1.47933691737855,0.169403978159455,0.489475297040253,0.337702622531864,"PCK1/TAT",2
"GO:0007159","leukocyte cell-cell adhesion","12/377","355/15234",0.0338028169014084,1.36592072327866,1.39117376892048,1.11125094883588,0.171645196339629,0.495498142127458,0.34185795088725,"APOA4/ARG1/CD177/VTCN1/CCL21/FGL1/PLA2G2A/PCK1/IGF1/S100A8/VNN1/SELE",12
"GO:0030534","adult behavior","3/377","58/15234",0.0517241379310345,2.09009421018933,2.15877491492465,1.3249430313574,0.173066269987459,0.499144598020401,0.344373742236557,"CHRNB2/CARTPT/SEZ6L",3
"GO:0061337","cardiac conduction","4/377","88/15234",0.0454545454545455,1.83674945743911,1.88599514872973,1.25396563191702,0.173777201194999,0.499617711251713,0.344700156214821,"ATP1A2/TRDN/TBX5/KCNJ3",4
"GO:1901890","positive regulation of cell junction assembly","4/377","88/15234",0.0454545454545455,1.83674945743911,1.88599514872973,1.25396563191702,0.173777201194999,0.499617711251713,0.344700156214821,"SLITRK6/LRRC15/HRG/TBX5",4
"GO:1902476","chloride transmembrane transport","4/377","88/15234",0.0454545454545455,1.83674945743911,1.88599514872973,1.25396563191702,0.173777201194999,0.499617711251713,0.344700156214821,"CLCA2/GLRA3/SLC4A1/CLIC6",4
"GO:0007423","sensory organ development","11/377","321/15234",0.0342679127725857,1.38471454423759,1.41033844526705,1.10970219986549,0.173862537923722,0.499617711251713,0.344700156214821,"UNC45B/GPM6A/ASCL1/SOX11/TFAP2B/RBP4/KCNK3/COL2A1/PITX2/CHRDL1/WT1",11
"GO:0050673","epithelial cell proliferation","10/377","287/15234",0.0348432055749129,1.40796125657354,1.43420651393384,1.11142634341675,0.17562818464134,0.504233144097434,0.347884471716634,"CARTPT/SOX11/SDR16C5/FGL1/APOH/CLDN18/CDH3/MMP12/SFRP2/IGF1",10
"GO:0051259","protein complex oligomerization","9/377","253/15234",0.0355731225296443,1.43745609712626,1.46468504989309,1.11769206326711,0.176739493160845,0.505173496290213,0.348533246850998,"ITLN1/GLRA3/C9/SLC1A2/AQP4/SCARA5/KCNC2/KCNF1/MAT1A",9
"GO:0032094","response to food","2/377","31/15234",0.0645161290322581,2.60699922991358,2.72698850574713,1.42669027954791,0.1782921016909,0.505173496290213,0.348533246850998,"CARTPT/G6PC1",2
"GO:0032309","icosanoid secretion","2/377","31/15234",0.0645161290322581,2.60699922991358,2.72698850574713,1.42669027954791,0.1782921016909,0.505173496290213,0.348533246850998,"CYP4A11/PLA2G2A",2
"GO:0034694","response to prostaglandin","2/377","31/15234",0.0645161290322581,2.60699922991358,2.72698850574713,1.42669027954791,0.1782921016909,0.505173496290213,0.348533246850998,"CCL21/HMGCS2",2
"GO:0042092","type 2 immune response","2/377","31/15234",0.0645161290322581,2.60699922991358,2.72698850574713,1.42669027954791,0.1782921016909,0.505173496290213,0.348533246850998,"ARG1/IGHE",2
"GO:0045940","positive regulation of steroid metabolic process","2/377","31/15234",0.0645161290322581,2.60699922991358,2.72698850574713,1.42669027954791,0.1782921016909,0.505173496290213,0.348533246850998,"APOA1/CGA",2
"GO:0046688","response to copper ion","2/377","31/15234",0.0645161290322581,2.60699922991358,2.72698850574713,1.42669027954791,0.1782921016909,0.505173496290213,0.348533246850998,"MT1G/MT1H",2
"GO:0048599","oocyte development","2/377","31/15234",0.0645161290322581,2.60699922991358,2.72698850574713,1.42669027954791,0.1782921016909,0.505173496290213,0.348533246850998,"TDRD1/IGF1",2
"GO:0050798","activated T cell proliferation","2/377","31/15234",0.0645161290322581,2.60699922991358,2.72698850574713,1.42669027954791,0.1782921016909,0.505173496290213,0.348533246850998,"ARG1/IGF1",2
"GO:0051938","L-glutamate import","2/377","31/15234",0.0645161290322581,2.60699922991358,2.72698850574713,1.42669027954791,0.1782921016909,0.505173496290213,0.348533246850998,"ATP1A2/SLC1A2",2
"GO:0090183","regulation of kidney development","2/377","31/15234",0.0645161290322581,2.60699922991358,2.72698850574713,1.42669027954791,0.1782921016909,0.505173496290213,0.348533246850998,"ADIPOQ/WT1",2
"GO:0095500","acetylcholine receptor signaling pathway","2/377","31/15234",0.0645161290322581,2.60699922991358,2.72698850574713,1.42669027954791,0.1782921016909,0.505173496290213,0.348533246850998,"CHRNB2/CHRNA1",2
"GO:1900181","negative regulation of protein localization to nucleus","2/377","31/15234",0.0645161290322581,2.60699922991358,2.72698850574713,1.42669027954791,0.1782921016909,0.505173496290213,0.348533246850998,"CLDN18/APOD",2
"GO:2000463","positive regulation of excitatory postsynaptic potential","2/377","31/15234",0.0645161290322581,2.60699922991358,2.72698850574713,1.42669027954791,0.1782921016909,0.505173496290213,0.348533246850998,"RIMS2/GRIA1",2
"GO:0042116","macrophage activation","4/377","89/15234",0.0449438202247191,1.81611182308586,1.86368080744362,1.23000780857313,0.178672562117196,0.505173496290213,0.348533246850998,"EDN2/IGHE/IL1RL1/LBP",4
"GO:0046031","ADP metabolic process","4/377","89/15234",0.0449438202247191,1.81611182308586,1.86368080744362,1.23000780857313,0.178672562117196,0.505173496290213,0.348533246850998,"ALDOB/TRIM63/OGDHL/IGF1",4
"GO:0072526","pyridine-containing compound catabolic process","4/377","89/15234",0.0449438202247191,1.81611182308586,1.86368080744362,1.23000780857313,0.178672562117196,0.505173496290213,0.348533246850998,"ALDOB/TRIM63/OGDHL/IGF1",4
"GO:0043525","positive regulation of neuron apoptotic process","3/377","59/15234",0.0508474576271186,2.05466888459291,2.12008212375859,1.29293181980296,0.179228251122982,0.506291779981899,0.349304781875749,"TFAP2B/LCN2/CASP14",3
"GO:0009261","ribonucleotide catabolic process","5/377","121/15234",0.0413223140495868,1.66977223403556,1.70803207267334,1.17826321128664,0.180971098787837,0.51075861006103,0.352386572195399,"DPYS/ALDOB/TRIM63/OGDHL/IGF1",5
"GO:0060485","mesenchyme development","9/377","255/15234",0.0352941176470588,1.42618193165861,1.4525782078473,1.0932551901049,0.182359035671053,0.513799564592396,0.354484611312904,"ACTC1/NKX2-1/ACTA1/TCF21/PITX2/TBX5/SFRP2/IGF1/WT1",9
"GO:0009191","ribonucleoside diphosphate catabolic process","4/377","90/15234",0.0444444444444444,1.79593280282935,1.84188540432695,1.20635517724022,0.1836139198201,0.513799564592396,0.354484611312904,"ALDOB/TRIM63/OGDHL/IGF1",4
"GO:0034109","homotypic cell-cell adhesion","4/377","90/15234",0.0444444444444444,1.79593280282935,1.84188540432695,1.20635517724022,0.1836139198201,0.513799564592396,0.354484611312904,"FGB/CEACAM5/FGA/FGG",4
"GO:0090066","regulation of anatomical structure size","13/377","396/15234",0.0328282828282828,1.32654127481714,1.3496829541216,1.04880760538225,0.184663951158136,0.513799564592396,0.354484611312904,"CSF3/FGB/EDN2/CCL21/AQP4/AVPR1A/CRP/KNG1/ACTN2/ARHGAP40/SPTA1/FGA/FGG",13
"GO:0002534","cytokine production involved in inflammatory response","3/377","60/15234",0.05,2.02042440318302,2.08274697438784,1.26154938408332,0.185449246509467,0.513799564592396,0.354484611312904,"IL17REL/F2/APOD",3
"GO:0010596","negative regulation of endothelial cell migration","3/377","60/15234",0.05,2.02042440318302,2.08274697438784,1.26154938408332,0.185449246509467,0.513799564592396,0.354484611312904,"HRG/APOH/CXCL13",3
"GO:0032757","positive regulation of interleukin-8 production","3/377","60/15234",0.05,2.02042440318302,2.08274697438784,1.26154938408332,0.185449246509467,0.513799564592396,0.354484611312904,"ADIPOQ/APOA2/LBP",3
"GO:0045806","negative regulation of endocytosis","3/377","60/15234",0.05,2.02042440318302,2.08274697438784,1.26154938408332,0.185449246509467,0.513799564592396,0.354484611312904,"ADIPOQ/APOC2/APOC3",3
"GO:0051279","regulation of release of sequestered calcium ion into cytosol","3/377","60/15234",0.05,2.02042440318302,2.08274697438784,1.26154938408332,0.185449246509467,0.513799564592396,0.354484611312904,"ATP1A2/F2/TRDN",3
"GO:1900015","regulation of cytokine production involved in inflammatory response","3/377","60/15234",0.05,2.02042440318302,2.08274697438784,1.26154938408332,0.185449246509467,0.513799564592396,0.354484611312904,"IL17REL/F2/APOD",3
"GO:1902475","L-alpha-amino acid transmembrane transport","3/377","60/15234",0.05,2.02042440318302,2.08274697438784,1.26154938408332,0.185449246509467,0.513799564592396,0.354484611312904,"SLC38A4/ATP1A2/SLC1A2",3
"GO:1904063","negative regulation of cation transmembrane transport","3/377","60/15234",0.05,2.02042440318302,2.08274697438784,1.26154938408332,0.185449246509467,0.513799564592396,0.354484611312904,"SLN/ATP1A2/HAMP",3
"GO:0071674","mononuclear cell migration","7/377","188/15234",0.0372340425531915,1.50457136407246,1.53400029864118,1.10889092613988,0.185527399463541,0.513799564592396,0.354484611312904,"SAA1/EDN2/CCL21/CXCL13/S100A12/APOD/CCL20",7
"GO:0048729","tissue morphogenesis","12/377","361/15234",0.0332409972299169,1.34321843978927,1.36669152568984,1.05129054667111,0.185705366541379,0.513799564592396,0.354484611312904,"ACTC1/LRP2/SOX11/NKX2-1/ACTA1/LCN2/KRT17/TCF21/MMP12/SFRP2/GREB1/WT1",12
"GO:1904062","regulation of monoatomic cation transmembrane transport","8/377","222/15234",0.036036036036036,1.4561617320238,1.48347390015956,1.09062109285849,0.186021947144787,0.513799564592396,0.354484611312904,"SLN/ATP1A2/F2/LCN2/BPIFA1/TRDN/HAMP/KCNC2",8
"GO:0043270","positive regulation of monoatomic ion transport","6/377","155/15234",0.0387096774193548,1.56419953794815,1.5964109336276,1.12463122946157,0.186651527440011,0.513799564592396,0.354484611312904,"F2/LPAR3/LCN2/KCNC2/ACTN2/STRIT1",6
"GO:0006699","bile acid biosynthetic process","2/377","32/15234",0.0625,2.52553050397878,2.63591111111111,1.37607896309958,0.187249952043796,0.513799564592396,0.354484611312904,"NR1H4/BAAT",2
"GO:0009112","nucleobase metabolic process","2/377","32/15234",0.0625,2.52553050397878,2.63591111111111,1.37607896309958,0.187249952043796,0.513799564592396,0.354484611312904,"DPYS/TTR",2
"GO:0009994","oocyte differentiation","2/377","32/15234",0.0625,2.52553050397878,2.63591111111111,1.37607896309958,0.187249952043796,0.513799564592396,0.354484611312904,"TDRD1/IGF1",2
"GO:0014911","positive regulation of smooth muscle cell migration","2/377","32/15234",0.0625,2.52553050397878,2.63591111111111,1.37607896309958,0.187249952043796,0.513799564592396,0.354484611312904,"VTN/IGF1",2
"GO:0015012","heparan sulfate proteoglycan biosynthetic process","2/377","32/15234",0.0625,2.52553050397878,2.63591111111111,1.37607896309958,0.187249952043796,0.513799564592396,0.354484611312904,"NDST4/HS6ST3",2
"GO:0015721","bile acid and bile salt transport","2/377","32/15234",0.0625,2.52553050397878,2.63591111111111,1.37607896309958,0.187249952043796,0.513799564592396,0.354484611312904,"NR1H4/SLCO1B1",2
"GO:0030212","hyaluronan metabolic process","2/377","32/15234",0.0625,2.52553050397878,2.63591111111111,1.37607896309958,0.187249952043796,0.513799564592396,0.354484611312904,"ITIH1/ITIH3",2
"GO:0030224","monocyte differentiation","2/377","32/15234",0.0625,2.52553050397878,2.63591111111111,1.37607896309958,0.187249952043796,0.513799564592396,0.354484611312904,"MT1G/APCS",2
"GO:0032689","negative regulation of type II interferon production","2/377","32/15234",0.0625,2.52553050397878,2.63591111111111,1.37607896309958,0.187249952043796,0.513799564592396,0.354484611312904,"NR1H4/IL1RL1",2
"GO:0045745","positive regulation of G protein-coupled receptor signaling pathway","2/377","32/15234",0.0625,2.52553050397878,2.63591111111111,1.37607896309958,0.187249952043796,0.513799564592396,0.354484611312904,"F2/CHGA",2
"GO:0046686","response to cadmium ion","2/377","32/15234",0.0625,2.52553050397878,2.63591111111111,1.37607896309958,0.187249952043796,0.513799564592396,0.354484611312904,"MT1G/MT1H",2
"GO:0050892","intestinal absorption","2/377","32/15234",0.0625,2.52553050397878,2.63591111111111,1.37607896309958,0.187249952043796,0.513799564592396,0.354484611312904,"HAMP/PRAP1",2
"GO:0060038","cardiac muscle cell proliferation","2/377","32/15234",0.0625,2.52553050397878,2.63591111111111,1.37607896309958,0.187249952043796,0.513799564592396,0.354484611312904,"RBP4/TBX5",2
"GO:1903170","negative regulation of calcium ion transmembrane transport","2/377","32/15234",0.0625,2.52553050397878,2.63591111111111,1.37607896309958,0.187249952043796,0.513799564592396,0.354484611312904,"SLN/ATP1A2",2
"GO:1904385","cellular response to angiotensin","2/377","32/15234",0.0625,2.52553050397878,2.63591111111111,1.37607896309958,0.187249952043796,0.513799564592396,0.354484611312904,"PLA2G2A/ACTN2",2
"GO:2000242","negative regulation of reproductive process","2/377","32/15234",0.0625,2.52553050397878,2.63591111111111,1.37607896309958,0.187249952043796,0.513799564592396,0.354484611312904,"IGF1/WT1",2
"GO:0009134","nucleoside diphosphate catabolic process","4/377","91/15234",0.043956043956044,1.77619727752354,1.82059104496009,1.18299983646454,0.188599765674353,0.517054518036973,0.356730294233164,"ALDOB/TRIM63/OGDHL/IGF1",4
"GO:0051606","detection of stimulus","7/377","189/15234",0.037037037037037,1.49661066902446,1.52546777546778,1.09433095986076,0.188895912636823,0.517417660177641,0.356980836097068,"CARTPT/KCNK3/PTPRQ/PIGR/OR2I1/LBP/PIP",7
"GO:0002262","myeloid cell homeostasis","5/377","123/15234",0.040650406504065,1.64262146600246,1.67885456533625,1.13987969087381,0.189422323256805,0.518410358281179,0.357665726131304,"EPB42/AHSP/HBA1/HBG2/HBD",5
"GO:0050728","negative regulation of inflammatory response","6/377","156/15234",0.0384615384615385,1.5541726178331,1.58566037735849,1.10823873950425,0.190398129612033,0.520630179674425,0.359197242656416,"NR1H4/SAA1/APOA1/ADIPOQ/APCS/IGF1",6
"GO:0010803","regulation of tumor necrosis factor-mediated signaling pathway","3/377","61/15234",0.0491803278688525,1.98730269165543,2.04669924396091,1.23077125345422,0.191726140178764,0.523808408906718,0.361389991408483,"NR1H4/APOA1/ADIPOQ",3
"GO:0032963","collagen metabolic process","4/377","92/15234",0.0434782608695652,1.75689078537654,1.79978064830612,1.15993417783559,0.193628586249511,0.528093150245645,0.364346153641339,"PLG/F2/MMP12/MMP3",4
"GO:0048592","eye morphogenesis","4/377","92/15234",0.0434782608695652,1.75689078537654,1.79978064830612,1.15993417783559,0.193628586249511,0.528093150245645,0.364346153641339,"SOX11/TFAP2B/RBP4/PITX2",4
"GO:0001941","postsynaptic membrane organization","2/377","33/15234",0.0606060606060606,2.44899927658548,2.55070967741935,1.32735439927409,0.196268666707479,0.530260902104566,0.365841745946369,"MUSK/CHRDL1",2
"GO:0002691","regulation of cellular extravasation","2/377","33/15234",0.0606060606060606,2.44899927658548,2.55070967741935,1.32735439927409,0.196268666707479,0.530260902104566,0.365841745946369,"CCL21/SELE",2
"GO:0032373","positive regulation of sterol transport","2/377","33/15234",0.0606060606060606,2.44899927658548,2.55070967741935,1.32735439927409,0.196268666707479,0.530260902104566,0.365841745946369,"APOA1/ADIPOQ",2
"GO:0032376","positive regulation of cholesterol transport","2/377","33/15234",0.0606060606060606,2.44899927658548,2.55070967741935,1.32735439927409,0.196268666707479,0.530260902104566,0.365841745946369,"APOA1/ADIPOQ",2
"GO:0046164","alcohol catabolic process","2/377","33/15234",0.0606060606060606,2.44899927658548,2.55070967741935,1.32735439927409,0.196268666707479,0.530260902104566,0.365841745946369,"SULT2A1/HAO1",2
"GO:0050922","negative regulation of chemotaxis","2/377","33/15234",0.0606060606060606,2.44899927658548,2.55070967741935,1.32735439927409,0.196268666707479,0.530260902104566,0.365841745946369,"HRG/CXCL13",2
"GO:0071392","cellular response to estradiol stimulus","2/377","33/15234",0.0606060606060606,2.44899927658548,2.55070967741935,1.32735439927409,0.196268666707479,0.530260902104566,0.365841745946369,"CARTPT/ESR1",2
"GO:0090278","negative regulation of peptide hormone secretion","2/377","33/15234",0.0606060606060606,2.44899927658548,2.55070967741935,1.32735439927409,0.196268666707479,0.530260902104566,0.365841745946369,"CARTPT/CHGA",2
"GO:0099558","maintenance of synapse structure","2/377","33/15234",0.0606060606060606,2.44899927658548,2.55070967741935,1.32735439927409,0.196268666707479,0.530260902104566,0.365841745946369,"CBLN2/RIMS2",2
"GO:1905145","cellular response to acetylcholine","2/377","33/15234",0.0606060606060606,2.44899927658548,2.55070967741935,1.32735439927409,0.196268666707479,0.530260902104566,0.365841745946369,"CHRNB2/CHRNA1",2
"GO:2000107","negative regulation of leukocyte apoptotic process","2/377","33/15234",0.0606060606060606,2.44899927658548,2.55070967741935,1.32735439927409,0.196268666707479,0.530260902104566,0.365841745946369,"CCL21/PIP",2
"GO:0014074","response to purine-containing compound","5/377","125/15234",0.04,1.61633952254642,1.65064964157706,1.10218627324725,0.198012182727717,0.533720825525112,0.368228843354437,"CDO1/VGF/TAT/HMGCS2/WT1",5
"GO:0045123","cellular extravasation","3/377","62/15234",0.0483870967741935,1.95524942243518,2.0118734704976,1.20057430981118,0.198055845726339,0.533720825525112,0.368228843354437,"CD177/CCL21/SELE",3
"GO:0071479","cellular response to ionizing radiation","3/377","62/15234",0.0483870967741935,1.95524942243518,2.0118734704976,1.20057430981118,0.198055845726339,0.533720825525112,0.368228843354437,"LCN2/PRAP1/SFRP2",3
"GO:0043542","endothelial cell migration","8/377","226/15234",0.0353982300884956,1.43038895800568,1.45585639342632,1.03836911985976,0.198508857206871,0.534087679667922,0.368481946231871,"PLG/EDN2/HRG/LCN2/APOH/CXCL13/S100A12/S100A8",8
"GO:0002027","regulation of heart rate","4/377","93/15234",0.043010752688172,1.73799948660905,1.77943790101515,1.13715087199452,0.198698864691388,0.534087679667922,0.368481946231871,"CARTPT/EDN2/AVPR1A/KCNJ3",4
"GO:0051961","negative regulation of nervous system development","4/377","93/15234",0.043010752688172,1.73799948660905,1.77943790101515,1.13715087199452,0.198698864691388,0.534087679667922,0.368481946231871,"SOX11/F2/SYT4/NEGR1",4
"GO:0001654","eye development","8/377","227/15234",0.0352422907488987,1.42408768506292,1.44910965091386,1.02546179109306,0.20168332763343,0.54106589221737,0.373296409173684,"UNC45B/GPM6A/SOX11/TFAP2B/RBP4/PITX2/CHRDL1/WT1",8
"GO:0046434","organophosphate catabolic process","8/377","227/15234",0.0352422907488987,1.42408768506292,1.44910965091386,1.02546179109306,0.20168332763343,0.54106589221737,0.373296409173684,"DPYS/ALDOB/APOA2/TRIM63/OGDHL/APOC2/IGF1/VNN1",8
"GO:0051701","biological process involved in interaction with host","6/377","159/15234",0.0377358490566038,1.52484860617587,1.55425188943502,1.05974599613405,0.201808505828624,0.54106589221737,0.373296409173684,"LRRC15/LTF/CLEC4G/MUC5B/BPIFA1/ITGB6",6
"GO:0031214","biomineral tissue development","5/377","126/15234",0.0396825396825397,1.60351143109764,1.63689682751266,1.08359032676631,0.202356864540944,0.541456136375845,0.373565649473535,"FGF23/AHSG/LTF/IGF1/NELL1",5
"GO:0090101","negative regulation of transmembrane receptor protein serine/threonine kinase signaling pathway","5/377","126/15234",0.0396825396825397,1.60351143109764,1.63689682751266,1.08359032676631,0.202356864540944,0.541456136375845,0.373565649473535,"LRP2/NKX2-1/GREM2/CDH3/CHRDL1",5
"GO:0070663","regulation of leukocyte proliferation","7/377","193/15234",0.0362694300518135,1.46559283132447,1.49225515838419,1.03691801130966,0.202614677439509,0.541456136375845,0.373565649473535,"CHRNB2/ARG1/VTCN1/SOX11/CRP/PLA2G2A/IGF1",7
"GO:0051258","protein polymerization","9/377","262/15234",0.0343511450381679,1.38807783424788,1.41171163430143,1.00931658327228,0.202639231044804,0.541456136375845,0.373565649473535,"CSF3/FGB/CCL21/VTN/KRT5/ARHGAP40/SPTA1/FGA/FGG",9
"GO:0006801","superoxide metabolic process","3/377","63/15234",0.0476190476190476,1.92421371731717,1.97820855614973,1.17093669205589,0.204435308911775,0.541802199455985,0.373804408018515,"APOA4/CD177/CRP",3
"GO:0008652","amino acid biosynthetic process","3/377","63/15234",0.0476190476190476,1.92421371731717,1.97820855614973,1.17093669205589,0.204435308911775,0.541802199455985,0.373804408018515,"HAO1/PAH/AGXT",3
"GO:0010660","regulation of muscle cell apoptotic process","3/377","63/15234",0.0476190476190476,1.92421371731717,1.97820855614973,1.17093669205589,0.204435308911775,0.541802199455985,0.373804408018515,"APOH/IGF1/ESR1",3
"GO:0014909","smooth muscle cell migration","3/377","63/15234",0.0476190476190476,1.92421371731717,1.97820855614973,1.17093669205589,0.204435308911775,0.541802199455985,0.373804408018515,"ADIPOQ/VTN/IGF1",3
"GO:0070661","leukocyte proliferation","8/377","228/15234",0.0350877192982456,1.41784168644423,1.44242424242424,1.01261545754066,0.204878264805053,0.541802199455985,0.373804408018515,"CHRNB2/ARG1/VTCN1/SOX11/IGHE/CRP/PLA2G2A/IGF1",8
"GO:0002792","negative regulation of peptide secretion","2/377","34/15234",0.0588235294117647,2.37696988609767,2.47083333333333,1.28038312450102,0.205339776952949,0.541802199455985,0.373804408018515,"CARTPT/CHGA",2
"GO:0030279","negative regulation of ossification","2/377","34/15234",0.0588235294117647,2.37696988609767,2.47083333333333,1.28038312450102,0.205339776952949,0.541802199455985,0.373804408018515,"FGF23/AHSG",2
"GO:0031103","axon regeneration","2/377","34/15234",0.0588235294117647,2.37696988609767,2.47083333333333,1.28038312450102,0.205339776952949,0.541802199455985,0.373804408018515,"APOA4/APOD",2
"GO:0043243","positive regulation of protein-containing complex disassembly","2/377","34/15234",0.0588235294117647,2.37696988609767,2.47083333333333,1.28038312450102,0.205339776952949,0.541802199455985,0.373804408018515,"SLN/ACTN2",2
"GO:0043616","keratinocyte proliferation","2/377","34/15234",0.0588235294117647,2.37696988609767,2.47083333333333,1.28038312450102,0.205339776952949,0.541802199455985,0.373804408018515,"SDR16C5/CDH3",2
"GO:0046473","phosphatidic acid metabolic process","2/377","34/15234",0.0588235294117647,2.37696988609767,2.47083333333333,1.28038312450102,0.205339776952949,0.541802199455985,0.373804408018515,"NR1H4/PLA2G2A",2
"GO:0050873","brown fat cell differentiation","2/377","34/15234",0.0588235294117647,2.37696988609767,2.47083333333333,1.28038312450102,0.205339776952949,0.541802199455985,0.373804408018515,"ADIPOQ/VSTM2A",2
"GO:0051155","positive regulation of striated muscle cell differentiation","2/377","34/15234",0.0588235294117647,2.37696988609767,2.47083333333333,1.28038312450102,0.205339776952949,0.541802199455985,0.373804408018515,"IGF1/MYF6",2
"GO:0071398","cellular response to fatty acid","2/377","34/15234",0.0588235294117647,2.37696988609767,2.47083333333333,1.28038312450102,0.205339776952949,0.541802199455985,0.373804408018515,"NR1H4/HMGCS2",2
"GO:0099171","presynaptic modulation of chemical synaptic transmission","2/377","34/15234",0.0588235294117647,2.37696988609767,2.47083333333333,1.28038312450102,0.205339776952949,0.541802199455985,0.373804408018515,"GLRA3/CHRNA1",2
"GO:0006865","amino acid transport","5/377","127/15234",0.0393700787401575,1.59088535683703,1.62336946941653,1.06515744655453,0.206733509598803,0.544117088960713,0.375401514678125,"SLC38A4/ATP1A2/SLC1A2/AVPR1A/SYT4",5
"GO:0051250","negative regulation of lymphocyte activation","5/377","127/15234",0.0393700787401575,1.59088535683703,1.62336946941653,1.06515744655453,0.206733509598803,0.544117088960713,0.375401514678125,"ARG1/VTCN1/SOX11/FGL1/PLA2G2A",5
"GO:1990138","neuron projection extension","5/377","127/15234",0.0393700787401575,1.59088535683703,1.62336946941653,1.06515744655453,0.206733509598803,0.544117088960713,0.375401514678125,"UNC13A/DCLK1/EDN2/RIMS2/SYT4",5
"GO:0034763","negative regulation of transmembrane transport","4/377","95/15234",0.0421052631578947,1.70141002373307,1.74009368647438,1.0924033181799,0.20895771859096,0.544700000027439,0.375803681237146,"CARTPT/SLN/ATP1A2/HAMP",4
"GO:1902106","negative regulation of leukocyte differentiation","4/377","95/15234",0.0421052631578947,1.70141002373307,1.74009368647438,1.0924033181799,0.20895771859096,0.544700000027439,0.375803681237146,"CARTPT/ADIPOQ/LTF/APCS",4
"GO:0019221","cytokine-mediated signaling pathway","14/377","443/15234",0.0316027088036117,1.27701768147008,1.29709042105736,0.942558727600759,0.210101474372256,0.544700000027439,0.375803681237146,"NR1H4/ARG1/IL17REL/APOA1/ADIPOQ/CSF3/EDN2/CCL21/GREM2/CXCL6/CXCL13/MMP12/ACKR1/IL1RL1",14
"GO:0002700","regulation of production of molecular mediator of immune response","5/377","128/15234",0.0390625,1.57845656498674,1.61006206836262,1.04688465345314,0.211141207772319,0.544700000027439,0.375803681237146,"ARG1/PGC/APOA1/RBP4/APOA2",5
"GO:0008064","regulation of actin polymerization or depolymerization","5/377","128/15234",0.0390625,1.57845656498674,1.61006206836262,1.04688465345314,0.211141207772319,0.544700000027439,0.375803681237146,"CSF3/CCL21/ACTN2/ARHGAP40/SPTA1",5
"GO:0034614","cellular response to reactive oxygen species","5/377","128/15234",0.0390625,1.57845656498674,1.61006206836262,1.04688465345314,0.211141207772319,0.544700000027439,0.375803681237146,"APOA4/AMBP/LCN2/FABP1/MMP3",5
"GO:0002761","regulation of myeloid leukocyte differentiation","4/377","96/15234",0.0416666666666667,1.68368700265252,1.72106306096282,1.07042569186745,0.214143254992786,0.544700000027439,0.375803681237146,"CARTPT/ADIPOQ/LTF/APCS",4
"GO:0001942","hair follicle development","2/377","35/15234",0.0571428571428571,2.3090564607806,2.39579797979798,1.23504484588237,0.214455193857312,0.544700000027439,0.375803681237146,"KRT17/CDH3",2
"GO:0001953","negative regulation of cell-matrix adhesion","2/377","35/15234",0.0571428571428571,2.3090564607806,2.39579797979798,1.23504484588237,0.214455193857312,0.544700000027439,0.375803681237146,"MMP12/APOD",2
"GO:0002712","regulation of B cell mediated immunity","2/377","35/15234",0.0571428571428571,2.3090564607806,2.39579797979798,1.23504484588237,0.214455193857312,0.544700000027439,0.375803681237146,"C4BPA/C4BPB",2
"GO:0002889","regulation of immunoglobulin mediated immune response","2/377","35/15234",0.0571428571428571,2.3090564607806,2.39579797979798,1.23504484588237,0.214455193857312,0.544700000027439,0.375803681237146,"C4BPA/C4BPB",2
"GO:0009268","response to pH","2/377","35/15234",0.0571428571428571,2.3090564607806,2.39579797979798,1.23504484588237,0.214455193857312,0.544700000027439,0.375803681237146,"KCNK3/SCNN1G",2
"GO:0010559","regulation of glycoprotein biosynthetic process","2/377","35/15234",0.0571428571428571,2.3090564607806,2.39579797979798,1.23504484588237,0.214455193857312,0.544700000027439,0.375803681237146,"CCL21/IGF1",2
"GO:0010830","regulation of myotube differentiation","2/377","35/15234",0.0571428571428571,2.3090564607806,2.39579797979798,1.23504484588237,0.214455193857312,0.544700000027439,0.375803681237146,"CEACAM5/MYF6",2
"GO:0048246","macrophage chemotaxis","2/377","35/15234",0.0571428571428571,2.3090564607806,2.39579797979798,1.23504484588237,0.214455193857312,0.544700000027439,0.375803681237146,"SAA1/EDN2",2
"GO:0048534","hematopoietic or lymphoid organ development","2/377","35/15234",0.0571428571428571,2.3090564607806,2.39579797979798,1.23504484588237,0.214455193857312,0.544700000027439,0.375803681237146,"TCF21/PITX2",2
"GO:0060042","retina morphogenesis in camera-type eye","2/377","35/15234",0.0571428571428571,2.3090564607806,2.39579797979798,1.23504484588237,0.214455193857312,0.544700000027439,0.375803681237146,"TFAP2B/RBP4",2
"GO:0150077","regulation of neuroinflammatory response","2/377","35/15234",0.0571428571428571,2.3090564607806,2.39579797979798,1.23504484588237,0.214455193857312,0.544700000027439,0.375803681237146,"MMP3/IGF1",2
"GO:1901889","negative regulation of cell junction assembly","2/377","35/15234",0.0571428571428571,2.3090564607806,2.39579797979798,1.23504484588237,0.214455193857312,0.544700000027439,0.375803681237146,"APOD/NEGR1",2
"GO:0150063","visual system development","8/377","231/15234",0.0346320346320346,1.39942815804885,1.4227277698786,0.974436284998389,0.214582637029936,0.544700000027439,0.375803681237146,"UNC45B/GPM6A/SOX11/TFAP2B/RBP4/PITX2/CHRDL1/WT1",8
"GO:0099504","synaptic vesicle cycle","7/377","197/15234",0.0355329949238579,1.43583460124682,1.46044096728307,0.980781022524358,0.216704684452264,0.544700000027439,0.375803681237146,"UNC13A/AP3B2/SYT13/RIMS2/CPLX2/SYT5/SYT4",7
"GO:0003279","cardiac septum development","3/377","65/15234",0.0461538461538462,1.86500714139971,1.91413662239089,1.11325775745926,0.217331466278392,0.544700000027439,0.375803681237146,"LRP2/SOX11/TBX5",3
"GO:0034766","negative regulation of monoatomic ion transmembrane transport","3/377","65/15234",0.0461538461538462,1.86500714139971,1.91413662239089,1.11325775745926,0.217331466278392,0.544700000027439,0.375803681237146,"SLN/ATP1A2/HAMP",3
"GO:0140895","cell surface toll-like receptor signaling pathway","3/377","65/15234",0.0461538461538462,1.86500714139971,1.91413662239089,1.11325775745926,0.217331466278392,0.544700000027439,0.375803681237146,"LTF/LBP/BPIFB1",3
"GO:0009062","fatty acid catabolic process","4/377","97/15234",0.0412371134020619,1.66632940468703,1.70244169621494,1.04870363889173,0.219364173593561,0.544700000027439,0.375803681237146,"CYP4A11/ADIPOQ/HAO1/GLYATL2",4
"GO:0019882","antigen processing and presentation","4/377","97/15234",0.0412371134020619,1.66632940468703,1.70244169621494,1.04870363889173,0.219364173593561,0.544700000027439,0.375803681237146,"RAB3C/CCL21/IGHE/CTSE",4
"GO:0030048","actin filament-based movement","5/377","130/15234",0.0384615384615385,1.5541726178331,1.58408602150538,1.01080780163313,0.220046101262155,0.544700000027439,0.375803681237146,"ACTC1/ATP1A2/SCN7A/KCNJ3/STRIT1",5
"GO:0030832","regulation of actin filament length","5/377","130/15234",0.0384615384615385,1.5541726178331,1.58408602150538,1.01080780163313,0.220046101262155,0.544700000027439,0.375803681237146,"CSF3/CCL21/ACTN2/ARHGAP40/SPTA1",5
"GO:0046651","lymphocyte proliferation","7/377","198/15234",0.0353535353535354,1.42858291134153,1.45269562756474,0.966939099186253,0.220281935627468,0.544700000027439,0.375803681237146,"CHRNB2/ARG1/VTCN1/SOX11/IGHE/PLA2G2A/IGF1",7
"GO:0000050","urea cycle","1/377","10/15234",0.1,4.04084880636605,4.38770685579196,1.5322452158096,0.221714115059617,0.544700000027439,0.375803681237146,"ARG1",1
"GO:0001771","immunological synapse formation","1/377","10/15234",0.1,4.04084880636605,4.38770685579196,1.5322452158096,0.221714115059617,0.544700000027439,0.375803681237146,"CCL21",1
"GO:0002604","regulation of dendritic cell antigen processing and presentation","1/377","10/15234",0.1,4.04084880636605,4.38770685579196,1.5322452158096,0.221714115059617,0.544700000027439,0.375803681237146,"CCL21",1
"GO:0006107","oxaloacetate metabolic process","1/377","10/15234",0.1,4.04084880636605,4.38770685579196,1.5322452158096,0.221714115059617,0.544700000027439,0.375803681237146,"PCK1",1
"GO:0006702","androgen biosynthetic process","1/377","10/15234",0.1,4.04084880636605,4.38770685579196,1.5322452158096,0.221714115059617,0.544700000027439,0.375803681237146,"HSD17B2",1
"GO:0006703","estrogen biosynthetic process","1/377","10/15234",0.1,4.04084880636605,4.38770685579196,1.5322452158096,0.221714115059617,0.544700000027439,0.375803681237146,"HSD17B2",1
"GO:0007620","copulation","1/377","10/15234",0.1,4.04084880636605,4.38770685579196,1.5322452158096,0.221714115059617,0.544700000027439,0.375803681237146,"AVPR1A",1
"GO:0009642","response to light intensity","1/377","10/15234",0.1,4.04084880636605,4.38770685579196,1.5322452158096,0.221714115059617,0.544700000027439,0.375803681237146,"KCNC2",1
"GO:0010989","negative regulation of low-density lipoprotein particle clearance","1/377","10/15234",0.1,4.04084880636605,4.38770685579196,1.5322452158096,0.221714115059617,0.544700000027439,0.375803681237146,"APOC3",1
"GO:0014816","skeletal muscle satellite cell differentiation","1/377","10/15234",0.1,4.04084880636605,4.38770685579196,1.5322452158096,0.221714115059617,0.544700000027439,0.375803681237146,"PAX7",1
"GO:0014889","muscle atrophy","1/377","10/15234",0.1,4.04084880636605,4.38770685579196,1.5322452158096,0.221714115059617,0.544700000027439,0.375803681237146,"TRIM63",1
"GO:0015808","L-alanine transport","1/377","10/15234",0.1,4.04084880636605,4.38770685579196,1.5322452158096,0.221714115059617,0.544700000027439,0.375803681237146,"SLC38A4",1
"GO:0021681","cerebellar granular layer development","1/377","10/15234",0.1,4.04084880636605,4.38770685579196,1.5322452158096,0.221714115059617,0.544700000027439,0.375803681237146,"KNDC1",1
"GO:0031069","hair follicle morphogenesis","1/377","10/15234",0.1,4.04084880636605,4.38770685579196,1.5322452158096,0.221714115059617,0.544700000027439,0.375803681237146,"KRT17",1
"GO:0031645","negative regulation of nervous system process","1/377","10/15234",0.1,4.04084880636605,4.38770685579196,1.5322452158096,0.221714115059617,0.544700000027439,0.375803681237146,"AVPR1A",1
"GO:0032782","bile acid secretion","1/377","10/15234",0.1,4.04084880636605,4.38770685579196,1.5322452158096,0.221714115059617,0.544700000027439,0.375803681237146,"UGT1A3",1
"GO:0033033","negative regulation of myeloid cell apoptotic process","1/377","10/15234",0.1,4.04084880636605,4.38770685579196,1.5322452158096,0.221714115059617,0.544700000027439,0.375803681237146,"APOH",1
"GO:0033625","positive regulation of integrin activation","1/377","10/15234",0.1,4.04084880636605,4.38770685579196,1.5322452158096,0.221714115059617,0.544700000027439,0.375803681237146,"CXCL13",1
"GO:0035356","intracellular triglyceride homeostasis","1/377","10/15234",0.1,4.04084880636605,4.38770685579196,1.5322452158096,0.221714115059617,0.544700000027439,0.375803681237146,"NR1H4",1
"GO:0035425","autocrine signaling","1/377","10/15234",0.1,4.04084880636605,4.38770685579196,1.5322452158096,0.221714115059617,0.544700000027439,0.375803681237146,"S100A8",1
"GO:0036035","osteoclast development","1/377","10/15234",0.1,4.04084880636605,4.38770685579196,1.5322452158096,0.221714115059617,0.544700000027439,0.375803681237146,"LTF",1
"GO:0038060","nitric oxide-cGMP-mediated signaling","1/377","10/15234",0.1,4.04084880636605,4.38770685579196,1.5322452158096,0.221714115059617,0.544700000027439,0.375803681237146,"KCNC2",1
"GO:0044650","adhesion of symbiont to host cell","1/377","10/15234",0.1,4.04084880636605,4.38770685579196,1.5322452158096,0.221714115059617,0.544700000027439,0.375803681237146,"LRRC15",1
"GO:0045337","farnesyl diphosphate biosynthetic process","1/377","10/15234",0.1,4.04084880636605,4.38770685579196,1.5322452158096,0.221714115059617,0.544700000027439,0.375803681237146,"HMGCS2",1
"GO:0045838","positive regulation of membrane potential","1/377","10/15234",0.1,4.04084880636605,4.38770685579196,1.5322452158096,0.221714115059617,0.544700000027439,0.375803681237146,"GRIA1",1
"GO:0046035","CMP metabolic process","1/377","10/15234",0.1,4.04084880636605,4.38770685579196,1.5322452158096,0.221714115059617,0.544700000027439,0.375803681237146,"DPYS",1
"GO:0046500","S-adenosylmethionine metabolic process","1/377","10/15234",0.1,4.04084880636605,4.38770685579196,1.5322452158096,0.221714115059617,0.544700000027439,0.375803681237146,"MAT1A",1
"GO:0048241","epinephrine transport","1/377","10/15234",0.1,4.04084880636605,4.38770685579196,1.5322452158096,0.221714115059617,0.544700000027439,0.375803681237146,"CARTPT",1
"GO:0048742","regulation of skeletal muscle fiber development","1/377","10/15234",0.1,4.04084880636605,4.38770685579196,1.5322452158096,0.221714115059617,0.544700000027439,0.375803681237146,"MYF6",1
"GO:0051443","positive regulation of ubiquitin-protein transferase activity","1/377","10/15234",0.1,4.04084880636605,4.38770685579196,1.5322452158096,0.221714115059617,0.544700000027439,0.375803681237146,"MAGEC2",1
"GO:0051798","positive regulation of hair follicle development","1/377","10/15234",0.1,4.04084880636605,4.38770685579196,1.5322452158096,0.221714115059617,0.544700000027439,0.375803681237146,"KRT17",1
"GO:0051964","negative regulation of synapse assembly","1/377","10/15234",0.1,4.04084880636605,4.38770685579196,1.5322452158096,0.221714115059617,0.544700000027439,0.375803681237146,"NEGR1",1
"GO:0060457","negative regulation of digestive system process","1/377","10/15234",0.1,4.04084880636605,4.38770685579196,1.5322452158096,0.221714115059617,0.544700000027439,0.375803681237146,"HAMP",1
"GO:0061307","cardiac neural crest cell differentiation involved in heart development","1/377","10/15234",0.1,4.04084880636605,4.38770685579196,1.5322452158096,0.221714115059617,0.544700000027439,0.375803681237146,"PITX2",1
"GO:0061308","cardiac neural crest cell development involved in heart development","1/377","10/15234",0.1,4.04084880636605,4.38770685579196,1.5322452158096,0.221714115059617,0.544700000027439,0.375803681237146,"PITX2",1
"GO:0061309","cardiac neural crest cell development involved in outflow tract morphogenesis","1/377","10/15234",0.1,4.04084880636605,4.38770685579196,1.5322452158096,0.221714115059617,0.544700000027439,0.375803681237146,"PITX2",1
"GO:0061744","motor behavior","1/377","10/15234",0.1,4.04084880636605,4.38770685579196,1.5322452158096,0.221714115059617,0.544700000027439,0.375803681237146,"GRPR",1
"GO:0070233","negative regulation of T cell apoptotic process","1/377","10/15234",0.1,4.04084880636605,4.38770685579196,1.5322452158096,0.221714115059617,0.544700000027439,0.375803681237146,"PIP",1
"GO:0070778","L-aspartate transmembrane transport","1/377","10/15234",0.1,4.04084880636605,4.38770685579196,1.5322452158096,0.221714115059617,0.544700000027439,0.375803681237146,"SLC1A2",1
"GO:0071389","cellular response to mineralocorticoid stimulus","1/377","10/15234",0.1,4.04084880636605,4.38770685579196,1.5322452158096,0.221714115059617,0.544700000027439,0.375803681237146,"SCNN1G",1
"GO:0072124","regulation of glomerular mesangial cell proliferation","1/377","10/15234",0.1,4.04084880636605,4.38770685579196,1.5322452158096,0.221714115059617,0.544700000027439,0.375803681237146,"WT1",1
"GO:0097050","type B pancreatic cell apoptotic process","1/377","10/15234",0.1,4.04084880636605,4.38770685579196,1.5322452158096,0.221714115059617,0.544700000027439,0.375803681237146,"CARTPT",1
"GO:0098751","bone cell development","1/377","10/15234",0.1,4.04084880636605,4.38770685579196,1.5322452158096,0.221714115059617,0.544700000027439,0.375803681237146,"LTF",1
"GO:0099624","atrial cardiac muscle cell membrane repolarization","1/377","10/15234",0.1,4.04084880636605,4.38770685579196,1.5322452158096,0.221714115059617,0.544700000027439,0.375803681237146,"KCNJ3",1
"GO:0140966","piRNA-mediated heterochromatin formation","1/377","10/15234",0.1,4.04084880636605,4.38770685579196,1.5322452158096,0.221714115059617,0.544700000027439,0.375803681237146,"TDRD1",1
"GO:0141176","gene silencing by piRNA-directed DNA methylation","1/377","10/15234",0.1,4.04084880636605,4.38770685579196,1.5322452158096,0.221714115059617,0.544700000027439,0.375803681237146,"TDRD1",1
"GO:0141196","transposable element silencing by piRNA-mediated DNA methylation","1/377","10/15234",0.1,4.04084880636605,4.38770685579196,1.5322452158096,0.221714115059617,0.544700000027439,0.375803681237146,"TDRD1",1
"GO:1900426","positive regulation of defense response to bacterium","1/377","10/15234",0.1,4.04084880636605,4.38770685579196,1.5322452158096,0.221714115059617,0.544700000027439,0.375803681237146,"PGC",1
"GO:1901072","glucosamine-containing compound catabolic process","1/377","10/15234",0.1,4.04084880636605,4.38770685579196,1.5322452158096,0.221714115059617,0.544700000027439,0.375803681237146,"CHI3L2",1
"GO:1903238","positive regulation of leukocyte tethering or rolling","1/377","10/15234",0.1,4.04084880636605,4.38770685579196,1.5322452158096,0.221714115059617,0.544700000027439,0.375803681237146,"SELE",1
"GO:1903365","regulation of fear response","1/377","10/15234",0.1,4.04084880636605,4.38770685579196,1.5322452158096,0.221714115059617,0.544700000027439,0.375803681237146,"GRPR",1
"GO:1903596","regulation of gap junction assembly","1/377","10/15234",0.1,4.04084880636605,4.38770685579196,1.5322452158096,0.221714115059617,0.544700000027439,0.375803681237146,"TBX5",1
"GO:1904753","negative regulation of vascular associated smooth muscle cell migration","1/377","10/15234",0.1,4.04084880636605,4.38770685579196,1.5322452158096,0.221714115059617,0.544700000027439,0.375803681237146,"ADIPOQ",1
"GO:1905288","vascular associated smooth muscle cell apoptotic process","1/377","10/15234",0.1,4.04084880636605,4.38770685579196,1.5322452158096,0.221714115059617,0.544700000027439,0.375803681237146,"IGF1",1
"GO:1905459","regulation of vascular associated smooth muscle cell apoptotic process","1/377","10/15234",0.1,4.04084880636605,4.38770685579196,1.5322452158096,0.221714115059617,0.544700000027439,0.375803681237146,"IGF1",1
"GO:0043410","positive regulation of MAPK cascade","12/377","376/15234",0.0319148936170213,1.2896325977764,1.30901701038687,0.90585569595771,0.22308606005037,0.544700000027439,0.375803681237146,"FGF23/CARTPT/FGB/FGF21/CCL21/PLA2G2A/S100A12/ADCYAP1/MARCO/IGF1/FGA/FGG",12
"GO:0001658","branching involved in ureteric bud morphogenesis","2/377","36/15234",0.0555555555555556,2.24491600353669,2.32517647058824,1.19123080221088,0.223607194775833,0.544700000027439,0.375803681237146,"TCF21/WT1",2
"GO:0009953","dorsal/ventral pattern formation","2/377","36/15234",0.0555555555555556,2.24491600353669,2.32517647058824,1.19123080221088,0.223607194775833,0.544700000027439,0.375803681237146,"ASCL1/GREM2",2
"GO:0014808","release of sequestered calcium ion into cytosol by sarcoplasmic reticulum","2/377","36/15234",0.0555555555555556,2.24491600353669,2.32517647058824,1.19123080221088,0.223607194775833,0.544700000027439,0.375803681237146,"ATP1A2/TRDN",2
"GO:0022404","molting cycle process","2/377","36/15234",0.0555555555555556,2.24491600353669,2.32517647058824,1.19123080221088,0.223607194775833,0.544700000027439,0.375803681237146,"KRT17/CDH3",2
"GO:0022405","hair cycle process","2/377","36/15234",0.0555555555555556,2.24491600353669,2.32517647058824,1.19123080221088,0.223607194775833,0.544700000027439,0.375803681237146,"KRT17/CDH3",2
"GO:0031102","neuron projection regeneration","2/377","36/15234",0.0555555555555556,2.24491600353669,2.32517647058824,1.19123080221088,0.223607194775833,0.544700000027439,0.375803681237146,"APOA4/APOD",2
"GO:0060021","roof of mouth development","2/377","36/15234",0.0555555555555556,2.24491600353669,2.32517647058824,1.19123080221088,0.223607194775833,0.544700000027439,0.375803681237146,"SOX11/TCF21",2
"GO:0086004","regulation of cardiac muscle cell contraction","2/377","36/15234",0.0555555555555556,2.24491600353669,2.32517647058824,1.19123080221088,0.223607194775833,0.544700000027439,0.375803681237146,"ATP1A2/STRIT1",2
"GO:1903725","regulation of phospholipid metabolic process","2/377","36/15234",0.0555555555555556,2.24491600353669,2.32517647058824,1.19123080221088,0.223607194775833,0.544700000027439,0.375803681237146,"NR1H4/APOC2",2
"GO:1905144","response to acetylcholine","2/377","36/15234",0.0555555555555556,2.24491600353669,2.32517647058824,1.19123080221088,0.223607194775833,0.544700000027439,0.375803681237146,"CHRNB2/CHRNA1",2
"GO:2000378","negative regulation of reactive oxygen species metabolic process","2/377","36/15234",0.0555555555555556,2.24491600353669,2.32517647058824,1.19123080221088,0.223607194775833,0.544700000027439,0.375803681237146,"HP/MMP3",2
"GO:0070527","platelet aggregation","3/377","66/15234",0.0454545454545455,1.83674945743911,1.88362617774382,1.08517825240988,0.223842233481697,0.544700000027439,0.375803681237146,"FGB/FGA/FGG",3
"GO:0097194","execution phase of apoptosis","3/377","66/15234",0.0454545454545455,1.83674945743911,1.88362617774382,1.08517825240988,0.223842233481697,0.544700000027439,0.375803681237146,"XKR7/CIDEC/COLEC11",3
"GO:1903707","negative regulation of hemopoiesis","4/377","98/15234",0.0408163265306122,1.64932604341471,1.68421653071702,1.02723104186212,0.224618959524273,0.546169639274021,0.376817626232425,"CARTPT/ADIPOQ/LTF/APCS",4
"GO:0048588","developmental cell growth","6/377","165/15234",0.0363636363636364,1.46939956595129,1.49499059146621,0.965695647088253,0.225342868155712,0.54750869042291,0.377741474866704,"UNC13A/DCLK1/EDN2/RIMS2/SYT4/IGF1",6
"GO:0034341","response to type II interferon","4/377","99/15234",0.0404040404040404,1.63266618439032,1.66637505291379,1.00600199375663,0.229906101827127,0.558166810964323,0.385094808691434,"ARG1/UBD/SLC30A8/AQP4",4
"GO:0010657","muscle cell apoptotic process","3/377","67/15234",0.0447761194029851,1.80933528643256,1.85406918449198,1.05758155590684,0.230390908262048,0.558914551816066,0.385610695903996,"APOH/IGF1/ESR1",3
"GO:0048880","sensory system development","8/377","236/15234",0.0338983050847458,1.36977925639527,1.3910521561356,0.911968223503642,0.231135160113258,0.560290062207062,0.386559698783545,"UNC45B/GPM6A/SOX11/TFAP2B/RBP4/PITX2/CHRDL1/WT1",8
"GO:0002673","regulation of acute inflammatory response","2/377","37/15234",0.0540540540540541,2.1842425980357,2.25859047619048,1.14884236850238,0.232788410248072,0.56039275868015,0.386630551936903,"CREB3L3/APCS",2
"GO:0006739","NADP+ metabolic process","2/377","37/15234",0.0540540540540541,2.1842425980357,2.25859047619048,1.14884236850238,0.232788410248072,0.56039275868015,0.386630551936903,"ALDOB/NMNAT2",2
"GO:0010874","regulation of cholesterol efflux","2/377","37/15234",0.0540540540540541,2.1842425980357,2.25859047619048,1.14884236850238,0.232788410248072,0.56039275868015,0.386630551936903,"APOA1/ADIPOQ",2
"GO:0033574","response to testosterone","2/377","37/15234",0.0540540540540541,2.1842425980357,2.25859047619048,1.14884236850238,0.232788410248072,0.56039275868015,0.386630551936903,"HMGCS2/HOXB13",2
"GO:0048512","circadian behavior","2/377","37/15234",0.0540540540540541,2.1842425980357,2.25859047619048,1.14884236850238,0.232788410248072,0.56039275868015,0.386630551936903,"CHRNB2/CARTPT",2
"GO:1903514","release of sequestered calcium ion into cytosol by endoplasmic reticulum","2/377","37/15234",0.0540540540540541,2.1842425980357,2.25859047619048,1.14884236850238,0.232788410248072,0.56039275868015,0.386630551936903,"ATP1A2/TRDN",2
"GO:1990776","response to angiotensin","2/377","37/15234",0.0540540540540541,2.1842425980357,2.25859047619048,1.14884236850238,0.232788410248072,0.56039275868015,0.386630551936903,"PLA2G2A/ACTN2",2
"GO:0071805","potassium ion transmembrane transport","6/377","167/15234",0.0359281437125748,1.45180196635906,1.47621837906615,0.935170487354573,0.233381084387924,0.56039275868015,0.386630551936903,"ATP1A2/KCNH4/KCNK3/KCNC2/KCNF1/KCNJ3",6
"GO:0006029","proteoglycan metabolic process","4/377","100/15234",0.04,1.61633952254642,1.64890527256479,0.985010788593541,0.235224094526718,0.56039275868015,0.386630551936903,"NDST4/HS6ST3/IGF1/CHST8",4
"GO:0009135","purine nucleoside diphosphate metabolic process","4/377","100/15234",0.04,1.61633952254642,1.64890527256479,0.985010788593541,0.235224094526718,0.56039275868015,0.386630551936903,"ALDOB/TRIM63/OGDHL/IGF1",4
"GO:0009179","purine ribonucleoside diphosphate metabolic process","4/377","100/15234",0.04,1.61633952254642,1.64890527256479,0.985010788593541,0.235224094526718,0.56039275868015,0.386630551936903,"ALDOB/TRIM63/OGDHL/IGF1",4
"GO:0035924","cellular response to vascular endothelial growth factor stimulus","3/377","68/15234",0.0441176470588235,1.78272741457326,1.82542163718634,1.03045091685087,0.23697462958387,0.56039275868015,0.386630551936903,"MT1G/HRG/VTN",3
"GO:0048565","digestive tract development","3/377","68/15234",0.0441176470588235,1.78272741457326,1.82542163718634,1.03045091685087,0.23697462958387,0.56039275868015,0.386630551936903,"SOX11/TCF21/HMGCS2",3
"GO:1901292","nucleoside phosphate catabolic process","6/377","168/15234",0.0357142857142857,1.44316028798787,1.4670060896476,0.920056143740092,0.237433644009339,0.56039275868015,0.386630551936903,"DPYS/ALDOB/TRIM63/OGDHL/IGF1/VNN1",6
"GO:0006637","acyl-CoA metabolic process","4/377","101/15234",0.0396039603960396,1.60033616093705,1.63179569387247,0.964251912606596,0.240571437659247,0.56039275868015,0.386630551936903,"BAAT/ACSM2A/ACSM2B/HMGCS2",4
"GO:0051209","release of sequestered calcium ion into cytosol","4/377","101/15234",0.0396039603960396,1.60033616093705,1.63179569387247,0.964251912606596,0.240571437659247,0.56039275868015,0.386630551936903,"ATP1A2/F2/CCL21/TRDN",4
"GO:0002679","respiratory burst involved in defense response","1/377","11/15234",0.0909090909090909,3.67349891487823,3.94867021276596,1.41294112387186,0.240987221905553,0.56039275868015,0.386630551936903,"LBP",1
"GO:0007216","G protein-coupled glutamate receptor signaling pathway","1/377","11/15234",0.0909090909090909,3.67349891487823,3.94867021276596,1.41294112387186,0.240987221905553,0.56039275868015,0.386630551936903,"GRIK3",1
"GO:0009222","pyrimidine ribonucleotide catabolic process","1/377","11/15234",0.0909090909090909,3.67349891487823,3.94867021276596,1.41294112387186,0.240987221905553,0.56039275868015,0.386630551936903,"DPYS",1
"GO:0009415","response to water","1/377","11/15234",0.0909090909090909,3.67349891487823,3.94867021276596,1.41294112387186,0.240987221905553,0.56039275868015,0.386630551936903,"AVPR1A",1
"GO:0010838","positive regulation of keratinocyte proliferation","1/377","11/15234",0.0909090909090909,3.67349891487823,3.94867021276596,1.41294112387186,0.240987221905553,0.56039275868015,0.386630551936903,"CDH3",1
"GO:0016185","synaptic vesicle budding from presynaptic endocytic zone membrane","1/377","11/15234",0.0909090909090909,3.67349891487823,3.94867021276596,1.41294112387186,0.240987221905553,0.56039275868015,0.386630551936903,"AP3B2",1
"GO:0018149","peptide cross-linking","1/377","11/15234",0.0909090909090909,3.67349891487823,3.94867021276596,1.41294112387186,0.240987221905553,0.56039275868015,0.386630551936903,"EPB42",1
"GO:0019732","antifungal humoral response","1/377","11/15234",0.0909090909090909,3.67349891487823,3.94867021276596,1.41294112387186,0.240987221905553,0.56039275868015,0.386630551936903,"LTF",1
"GO:0021533","cell differentiation in hindbrain","1/377","11/15234",0.0909090909090909,3.67349891487823,3.94867021276596,1.41294112387186,0.240987221905553,0.56039275868015,0.386630551936903,"KNDC1",1
"GO:0030210","heparin proteoglycan biosynthetic process","1/377","11/15234",0.0909090909090909,3.67349891487823,3.94867021276596,1.41294112387186,0.240987221905553,0.56039275868015,0.386630551936903,"NDST4",1
"GO:0030836","positive regulation of actin filament depolymerization","1/377","11/15234",0.0909090909090909,3.67349891487823,3.94867021276596,1.41294112387186,0.240987221905553,0.56039275868015,0.386630551936903,"ACTN2",1
"GO:0030878","thyroid gland development","1/377","11/15234",0.0909090909090909,3.67349891487823,3.94867021276596,1.41294112387186,0.240987221905553,0.56039275868015,0.386630551936903,"NKX2-1",1
"GO:0032305","positive regulation of icosanoid secretion","1/377","11/15234",0.0909090909090909,3.67349891487823,3.94867021276596,1.41294112387186,0.240987221905553,0.56039275868015,0.386630551936903,"CYP4A11",1
"GO:0043652","engulfment of apoptotic cell","1/377","11/15234",0.0909090909090909,3.67349891487823,3.94867021276596,1.41294112387186,0.240987221905553,0.56039275868015,0.386630551936903,"XKR7",1
"GO:0048730","epidermis morphogenesis","1/377","11/15234",0.0909090909090909,3.67349891487823,3.94867021276596,1.41294112387186,0.240987221905553,0.56039275868015,0.386630551936903,"KRT17",1
"GO:0051124","synaptic assembly at neuromuscular junction","1/377","11/15234",0.0909090909090909,3.67349891487823,3.94867021276596,1.41294112387186,0.240987221905553,0.56039275868015,0.386630551936903,"MUSK",1
"GO:0060008","Sertoli cell differentiation","1/377","11/15234",0.0909090909090909,3.67349891487823,3.94867021276596,1.41294112387186,0.240987221905553,0.56039275868015,0.386630551936903,"TCF21",1
"GO:0060330","regulation of response to type II interferon","1/377","11/15234",0.0909090909090909,3.67349891487823,3.94867021276596,1.41294112387186,0.240987221905553,0.56039275868015,0.386630551936903,"ARG1",1
"GO:0060334","regulation of type II interferon-mediated signaling pathway","1/377","11/15234",0.0909090909090909,3.67349891487823,3.94867021276596,1.41294112387186,0.240987221905553,0.56039275868015,0.386630551936903,"ARG1",1
"GO:0060343","trabecula formation","1/377","11/15234",0.0909090909090909,3.67349891487823,3.94867021276596,1.41294112387186,0.240987221905553,0.56039275868015,0.386630551936903,"RBP4",1
"GO:0060456","positive regulation of digestive system process","1/377","11/15234",0.0909090909090909,3.67349891487823,3.94867021276596,1.41294112387186,0.240987221905553,0.56039275868015,0.386630551936903,"PRAP1",1
"GO:0062111","zinc ion import into organelle","1/377","11/15234",0.0909090909090909,3.67349891487823,3.94867021276596,1.41294112387186,0.240987221905553,0.56039275868015,0.386630551936903,"SLC30A8",1
"GO:0071340","skeletal muscle acetylcholine-gated channel clustering","1/377","11/15234",0.0909090909090909,3.67349891487823,3.94867021276596,1.41294112387186,0.240987221905553,0.56039275868015,0.386630551936903,"MUSK",1
"GO:0071609","chemokine (C-C motif) ligand 5 production","1/377","11/15234",0.0909090909090909,3.67349891487823,3.94867021276596,1.41294112387186,0.240987221905553,0.56039275868015,0.386630551936903,"ADCYAP1",1
"GO:0071639","positive regulation of monocyte chemotactic protein-1 production","1/377","11/15234",0.0909090909090909,3.67349891487823,3.94867021276596,1.41294112387186,0.240987221905553,0.56039275868015,0.386630551936903,"ADIPOQ",1
"GO:0071649","regulation of chemokine (C-C motif) ligand 5 production","1/377","11/15234",0.0909090909090909,3.67349891487823,3.94867021276596,1.41294112387186,0.240987221905553,0.56039275868015,0.386630551936903,"ADCYAP1",1
"GO:0072017","distal tubule development","1/377","11/15234",0.0909090909090909,3.67349891487823,3.94867021276596,1.41294112387186,0.240987221905553,0.56039275868015,0.386630551936903,"TFAP2B",1
"GO:0072110","glomerular mesangial cell proliferation","1/377","11/15234",0.0909090909090909,3.67349891487823,3.94867021276596,1.41294112387186,0.240987221905553,0.56039275868015,0.386630551936903,"WT1",1
"GO:1900747","negative regulation of vascular endothelial growth factor signaling pathway","1/377","11/15234",0.0909090909090909,3.67349891487823,3.94867021276596,1.41294112387186,0.240987221905553,0.56039275868015,0.386630551936903,"HRG",1
"GO:1901020","negative regulation of calcium ion transmembrane transporter activity","1/377","11/15234",0.0909090909090909,3.67349891487823,3.94867021276596,1.41294112387186,0.240987221905553,0.56039275868015,0.386630551936903,"SLN",1
"GO:1901678","iron coordination entity transport","1/377","11/15234",0.0909090909090909,3.67349891487823,3.94867021276596,1.41294112387186,0.240987221905553,0.56039275868015,0.386630551936903,"LCN2",1
"GO:1902563","regulation of neutrophil activation","1/377","11/15234",0.0909090909090909,3.67349891487823,3.94867021276596,1.41294112387186,0.240987221905553,0.56039275868015,0.386630551936903,"PLA2G2A",1
"GO:2000009","negative regulation of protein localization to cell surface","1/377","11/15234",0.0909090909090909,3.67349891487823,3.94867021276596,1.41294112387186,0.240987221905553,0.56039275868015,0.386630551936903,"ACTN2",1
"GO:2000035","regulation of stem cell division","1/377","11/15234",0.0909090909090909,3.67349891487823,3.94867021276596,1.41294112387186,0.240987221905553,0.56039275868015,0.386630551936903,"SFRP2",1
"GO:2000048","negative regulation of cell-cell adhesion mediated by cadherin","1/377","11/15234",0.0909090909090909,3.67349891487823,3.94867021276596,1.41294112387186,0.240987221905553,0.56039275868015,0.386630551936903,"PLG",1
"GO:2000291","regulation of myoblast proliferation","1/377","11/15234",0.0909090909090909,3.67349891487823,3.94867021276596,1.41294112387186,0.240987221905553,0.56039275868015,0.386630551936903,"KLHL41",1
"GO:2000766","negative regulation of cytoplasmic translation","1/377","11/15234",0.0909090909090909,3.67349891487823,3.94867021276596,1.41294112387186,0.240987221905553,0.56039275868015,0.386630551936903,"NMNAT2",1
"GO:0001504","neurotransmitter uptake","2/377","38/15234",0.0526315789473684,2.12676252966634,2.1957037037037,1.10778986232063,0.241991811325025,0.56039275868015,0.386630551936903,"ATP1A2/SLC1A2",2
"GO:0007622","rhythmic behavior","2/377","38/15234",0.0526315789473684,2.12676252966634,2.1957037037037,1.10778986232063,0.241991811325025,0.56039275868015,0.386630551936903,"CHRNB2/CARTPT",2
"GO:0016339","calcium-dependent cell-cell adhesion","2/377","38/15234",0.0526315789473684,2.12676252966634,2.1957037037037,1.10778986232063,0.241991811325025,0.56039275868015,0.386630551936903,"CDH3/CDH7",2
"GO:0046189","phenol-containing compound biosynthetic process","2/377","38/15234",0.0526315789473684,2.12676252966634,2.1957037037037,1.10778986232063,0.241991811325025,0.56039275868015,0.386630551936903,"PAH/CDH3",2
"GO:0051101","regulation of DNA binding","2/377","38/15234",0.0526315789473684,2.12676252966634,2.1957037037037,1.10778986232063,0.241991811325025,0.56039275868015,0.386630551936903,"SOX11/IGF1",2
"GO:0052652","cyclic purine nucleotide metabolic process","2/377","38/15234",0.0526315789473684,2.12676252966634,2.1957037037037,1.10778986232063,0.241991811325025,0.56039275868015,0.386630551936903,"CARTPT/RUNDC3A",2
"GO:0060074","synapse maturation","2/377","38/15234",0.0526315789473684,2.12676252966634,2.1957037037037,1.10778986232063,0.241991811325025,0.56039275868015,0.386630551936903,"CHRDL1/SEZ6L",2
"GO:0120178","steroid hormone biosynthetic process","2/377","38/15234",0.0526315789473684,2.12676252966634,2.1957037037037,1.10778986232063,0.241991811325025,0.56039275868015,0.386630551936903,"HSD17B2/SERPINA6",2
"GO:0006022","aminoglycan metabolic process","3/377","69/15234",0.0434782608695652,1.75689078537654,1.79764219737482,1.00377041350013,0.24359058032884,0.562446913381638,0.388047770403235,"ITIH1/CHI3L2/ITIH3",3
"GO:0043266","regulation of potassium ion transport","3/377","69/15234",0.0434782608695652,1.75689078537654,1.79764219737482,1.00377041350013,0.24359058032884,0.562446913381638,0.388047770403235,"KCNC2/ACTN2/KCNF1",3
"GO:0071229","cellular response to acid chemical","3/377","69/15234",0.0434782608695652,1.75689078537654,1.79764219737482,1.00377041350013,0.24359058032884,0.562446913381638,0.388047770403235,"AVPR1A/HMGCS2/GRIA1",3
"GO:0072080","nephron tubule development","3/377","69/15234",0.0434782608695652,1.75689078537654,1.79764219737482,1.00377041350013,0.24359058032884,0.562446913381638,0.388047770403235,"TFAP2B/TCF21/WT1",3
"GO:0050866","negative regulation of cell activation","6/377","170/15234",0.0352941176470588,1.42618193165861,1.44891854578923,0.8901171631517,0.245602495520975,0.566678458643652,0.390967231182942,"ARG1/VTCN1/SOX11/F2/FGL1/PLA2G2A",6
"GO:1905039","carboxylic acid transmembrane transport","5/377","136/15234",0.0367647058823529,1.48560617881105,1.51091685135024,0.906132655982762,0.247410297387574,0.569326887751885,0.392794456092653,"SLC38A4/SLC13A5/LRP2/ATP1A2/SLC1A2",5
"GO:0050670","regulation of lymphocyte proliferation","6/377","171/15234",0.0350877192982456,1.41784168644423,1.44003920607694,0.87528990028282,0.24971751241355,0.569326887751885,0.392794456092653,"CHRNB2/ARG1/VTCN1/SOX11/PLA2G2A/IGF1",6
"GO:0141193","nuclear receptor-mediated signaling pathway","6/377","171/15234",0.0350877192982456,1.41784168644423,1.44003920607694,0.87528990028282,0.24971751241355,0.569326887751885,0.392794456092653,"SCGB2A2/NR1H4/SCGB2A1/TCF21/PRAME/ESR1",6
"GO:0006584","catecholamine metabolic process","2/377","39/15234",0.0512820512820513,2.07223015711079,2.13621621621622,1.06799151821964,0.251210697304511,0.569326887751885,0.392794456092653,"CHRNB2/PAH",2
"GO:0009187","cyclic nucleotide metabolic process","2/377","39/15234",0.0512820512820513,2.07223015711079,2.13621621621622,1.06799151821964,0.251210697304511,0.569326887751885,0.392794456092653,"CARTPT/RUNDC3A",2
"GO:0009712","catechol-containing compound metabolic process","2/377","39/15234",0.0512820512820513,2.07223015711079,2.13621621621622,1.06799151821964,0.251210697304511,0.569326887751885,0.392794456092653,"CHRNB2/PAH",2
"GO:0014009","glial cell proliferation","2/377","39/15234",0.0512820512820513,2.07223015711079,2.13621621621622,1.06799151821964,0.251210697304511,0.569326887751885,0.392794456092653,"SOX11/NEGR1",2
"GO:0030501","positive regulation of bone mineralization","2/377","39/15234",0.0512820512820513,2.07223015711079,2.13621621621622,1.06799151821964,0.251210697304511,0.569326887751885,0.392794456092653,"LTF/NELL1",2
"GO:0032715","negative regulation of interleukin-6 production","2/377","39/15234",0.0512820512820513,2.07223015711079,2.13621621621622,1.06799151821964,0.251210697304511,0.569326887751885,0.392794456092653,"NR1H4/ORM1",2
"GO:0042554","superoxide anion generation","2/377","39/15234",0.0512820512820513,2.07223015711079,2.13621621621622,1.06799151821964,0.251210697304511,0.569326887751885,0.392794456092653,"CD177/CRP",2
"GO:0045840","positive regulation of mitotic nuclear division","2/377","39/15234",0.0512820512820513,2.07223015711079,2.13621621621622,1.06799151821964,0.251210697304511,0.569326887751885,0.392794456092653,"PRAP1/IGF1",2
"GO:0098926","postsynaptic signal transduction","2/377","39/15234",0.0512820512820513,2.07223015711079,2.13621621621622,1.06799151821964,0.251210697304511,0.569326887751885,0.392794456092653,"CHRNB2/CHRNA1",2
"GO:0007189","adenylate cyclase-activating G protein-coupled receptor signaling pathway","5/377","137/15234",0.0364963503649635,1.4747623380898,1.49936868686869,0.889178699444795,0.252055979880874,0.569326887751885,0.392794456092653,"LPAR3/CHGA/TRH/CNR1/ADCYAP1",5
"GO:0001894","tissue homeostasis","6/377","172/15234",0.0348837209302326,1.40959842082537,1.43126684636119,0.86055574818754,0.253852070410426,0.569326887751885,0.392794456092653,"CARTPT/RBP4/MUC6/CDH3/TFF1/TFF3",6
"GO:0060249","anatomical structure homeostasis","6/377","172/15234",0.0348837209302326,1.40959842082537,1.43126684636119,0.86055574818754,0.253852070410426,0.569326887751885,0.392794456092653,"CARTPT/RBP4/MUC6/CDH3/TFF1/TFF3",6
"GO:0060562","epithelial tube morphogenesis","6/377","172/15234",0.0348837209302326,1.40959842082537,1.43126684636119,0.86055574818754,0.253852070410426,0.569326887751885,0.392794456092653,"LRP2/NKX2-1/LCN2/TCF21/SFRP2/WT1",6
"GO:0031348","negative regulation of defense response","8/377","243/15234",0.0329218106995885,1.33032059468841,1.34897076630341,0.826839700372491,0.255031235543957,0.569326887751885,0.392794456092653,"NR1H4/SAA1/ARG1/APOA1/ADIPOQ/APCS/MMP12/IGF1",8
"GO:0006694","steroid biosynthetic process","5/377","138/15234",0.036231884057971,1.46407565448045,1.48799417899588,0.872358947641026,0.256723466692124,0.569326887751885,0.392794456092653,"NR1H4/HSD17B2/SERPINA6/CGA/HMGCS2",5
"GO:0048562","embryonic organ morphogenesis","5/377","138/15234",0.036231884057971,1.46407565448045,1.48799417899588,0.872358947641026,0.256723466692124,0.569326887751885,0.392794456092653,"SOX11/RBP4/HOXC11/COL2A1/TCF21",5
"GO:0045598","regulation of fat cell differentiation","4/377","104/15234",0.0384615384615385,1.5541726178331,1.58252010723861,0.903316832925197,0.256774680649943,0.569326887751885,0.392794456092653,"ADIPOQ/PTPRQ/VSTM2A/SFRP2",4
"GO:0051153","regulation of striated muscle cell differentiation","3/377","71/15234",0.0422535211267606,1.70740090409833,1.74453444479396,0.951699961783798,0.256908129443558,0.569326887751885,0.392794456092653,"CEACAM5/IGF1/MYF6",3
"GO:0061326","renal tubule development","3/377","71/15234",0.0422535211267606,1.70740090409833,1.74453444479396,0.951699961783798,0.256908129443558,0.569326887751885,0.392794456092653,"TFAP2B/TCF21/WT1",3
"GO:0001768","establishment of T cell polarity","1/377","12/15234",0.0833333333333333,3.36737400530504,3.5894584139265,1.30683113607666,0.259784293267414,0.569326887751885,0.392794456092653,"CCL21",1
"GO:0001825","blastocyst formation","1/377","12/15234",0.0833333333333333,3.36737400530504,3.5894584139265,1.30683113607666,0.259784293267414,0.569326887751885,0.392794456092653,"TFAP2C",1
"GO:0002551","mast cell chemotaxis","1/377","12/15234",0.0833333333333333,3.36737400530504,3.5894584139265,1.30683113607666,0.259784293267414,0.569326887751885,0.392794456092653,"CHGA",1
"GO:0003084","positive regulation of systemic arterial blood pressure","1/377","12/15234",0.0833333333333333,3.36737400530504,3.5894584139265,1.30683113607666,0.259784293267414,0.569326887751885,0.392794456092653,"AVPR1A",1
"GO:0003156","regulation of animal organ formation","1/377","12/15234",0.0833333333333333,3.36737400530504,3.5894584139265,1.30683113607666,0.259784293267414,0.569326887751885,0.392794456092653,"WT1",1
"GO:0006171","cAMP biosynthetic process","1/377","12/15234",0.0833333333333333,3.36737400530504,3.5894584139265,1.30683113607666,0.259784293267414,0.569326887751885,0.392794456092653,"CARTPT",1
"GO:0006563","L-serine metabolic process","1/377","12/15234",0.0833333333333333,3.36737400530504,3.5894584139265,1.30683113607666,0.259784293267414,0.569326887751885,0.392794456092653,"AGXT",1
"GO:0006750","glutathione biosynthetic process","1/377","12/15234",0.0833333333333333,3.36737400530504,3.5894584139265,1.30683113607666,0.259784293267414,0.569326887751885,0.392794456092653,"SLC1A2",1
"GO:0021697","cerebellar cortex formation","1/377","12/15234",0.0833333333333333,3.36737400530504,3.5894584139265,1.30683113607666,0.259784293267414,0.569326887751885,0.392794456092653,"KNDC1",1
"GO:0021895","cerebral cortex neuron differentiation","1/377","12/15234",0.0833333333333333,3.36737400530504,3.5894584139265,1.30683113607666,0.259784293267414,0.569326887751885,0.392794456092653,"ASCL1",1
"GO:0030852","regulation of granulocyte differentiation","1/377","12/15234",0.0833333333333333,3.36737400530504,3.5894584139265,1.30683113607666,0.259784293267414,0.569326887751885,0.392794456092653,"ADIPOQ",1
"GO:0031272","regulation of pseudopodium assembly","1/377","12/15234",0.0833333333333333,3.36737400530504,3.5894584139265,1.30683113607666,0.259784293267414,0.569326887751885,0.392794456092653,"CCL21",1
"GO:0031274","positive regulation of pseudopodium assembly","1/377","12/15234",0.0833333333333333,3.36737400530504,3.5894584139265,1.30683113607666,0.259784293267414,0.569326887751885,0.392794456092653,"CCL21",1
"GO:0031665","negative regulation of lipopolysaccharide-mediated signaling pathway","1/377","12/15234",0.0833333333333333,3.36737400530504,3.5894584139265,1.30683113607666,0.259784293267414,0.569326887751885,0.392794456092653,"LTF",1
"GO:0032754","positive regulation of interleukin-5 production","1/377","12/15234",0.0833333333333333,3.36737400530504,3.5894584139265,1.30683113607666,0.259784293267414,0.569326887751885,0.392794456092653,"IL1RL1",1
"GO:0033632","regulation of cell-cell adhesion mediated by integrin","1/377","12/15234",0.0833333333333333,3.36737400530504,3.5894584139265,1.30683113607666,0.259784293267414,0.569326887751885,0.392794456092653,"CXCL13",1
"GO:0034587","piRNA processing","1/377","12/15234",0.0833333333333333,3.36737400530504,3.5894584139265,1.30683113607666,0.259784293267414,0.569326887751885,0.392794456092653,"TDRD1",1
"GO:0036295","cellular response to increased oxygen levels","1/377","12/15234",0.0833333333333333,3.36737400530504,3.5894584139265,1.30683113607666,0.259784293267414,0.569326887751885,0.392794456092653,"LCN2",1
"GO:0042053","regulation of dopamine metabolic process","1/377","12/15234",0.0833333333333333,3.36737400530504,3.5894584139265,1.30683113607666,0.259784293267414,0.569326887751885,0.392794456092653,"CHRNB2",1
"GO:0042069","regulation of catecholamine metabolic process","1/377","12/15234",0.0833333333333333,3.36737400530504,3.5894584139265,1.30683113607666,0.259784293267414,0.569326887751885,0.392794456092653,"CHRNB2",1
"GO:0042117","monocyte activation","1/377","12/15234",0.0833333333333333,3.36737400530504,3.5894584139265,1.30683113607666,0.259784293267414,0.569326887751885,0.392794456092653,"MT1G",1
"GO:0042756","drinking behavior","1/377","12/15234",0.0833333333333333,3.36737400530504,3.5894584139265,1.30683113607666,0.259784293267414,0.569326887751885,0.392794456092653,"CARTPT",1
"GO:0043129","surfactant homeostasis","1/377","12/15234",0.0833333333333333,3.36737400530504,3.5894584139265,1.30683113607666,0.259784293267414,0.569326887751885,0.392794456092653,"BPIFA1",1
"GO:0043501","skeletal muscle adaptation","1/377","12/15234",0.0833333333333333,3.36737400530504,3.5894584139265,1.30683113607666,0.259784293267414,0.569326887751885,0.392794456092653,"TRIM63",1
"GO:0044828","host-mediated suppression of viral genome replication","1/377","12/15234",0.0833333333333333,3.36737400530504,3.5894584139265,1.30683113607666,0.259784293267414,0.569326887751885,0.392794456092653,"LTF",1
"GO:0045338","farnesyl diphosphate metabolic process","1/377","12/15234",0.0833333333333333,3.36737400530504,3.5894584139265,1.30683113607666,0.259784293267414,0.569326887751885,0.392794456092653,"HMGCS2",1
"GO:0045686","negative regulation of glial cell differentiation","1/377","12/15234",0.0833333333333333,3.36737400530504,3.5894584139265,1.30683113607666,0.259784293267414,0.569326887751885,0.392794456092653,"F2",1
"GO:0045989","positive regulation of striated muscle contraction","1/377","12/15234",0.0833333333333333,3.36737400530504,3.5894584139265,1.30683113607666,0.259784293267414,0.569326887751885,0.392794456092653,"CHGA",1
"GO:0046007","negative regulation of activated T cell proliferation","1/377","12/15234",0.0833333333333333,3.36737400530504,3.5894584139265,1.30683113607666,0.259784293267414,0.569326887751885,0.392794456092653,"ARG1",1
"GO:0046325","negative regulation of D-glucose import across plasma membrane","1/377","12/15234",0.0833333333333333,3.36737400530504,3.5894584139265,1.30683113607666,0.259784293267414,0.569326887751885,0.392794456092653,"CARTPT",1
"GO:0046716","muscle cell cellular homeostasis","1/377","12/15234",0.0833333333333333,3.36737400530504,3.5894584139265,1.30683113607666,0.259784293267414,0.569326887751885,0.392794456092653,"CHRNA1",1
"GO:0048023","positive regulation of melanin biosynthetic process","1/377","12/15234",0.0833333333333333,3.36737400530504,3.5894584139265,1.30683113607666,0.259784293267414,0.569326887751885,0.392794456092653,"CDH3",1
"GO:0051341","regulation of oxidoreductase activity","1/377","12/15234",0.0833333333333333,3.36737400530504,3.5894584139265,1.30683113607666,0.259784293267414,0.569326887751885,0.392794456092653,"ESR1",1
"GO:0070142","synaptic vesicle budding","1/377","12/15234",0.0833333333333333,3.36737400530504,3.5894584139265,1.30683113607666,0.259784293267414,0.569326887751885,0.392794456092653,"AP3B2",1
"GO:0070344","regulation of fat cell proliferation","1/377","12/15234",0.0833333333333333,3.36737400530504,3.5894584139265,1.30683113607666,0.259784293267414,0.569326887751885,0.392794456092653,"VSTM2A",1
"GO:0070365","hepatocyte differentiation","1/377","12/15234",0.0833333333333333,3.36737400530504,3.5894584139265,1.30683113607666,0.259784293267414,0.569326887751885,0.392794456092653,"PCK1",1
"GO:0070837","dehydroascorbic acid transport","1/377","12/15234",0.0833333333333333,3.36737400530504,3.5894584139265,1.30683113607666,0.259784293267414,0.569326887751885,0.392794456092653,"SLC2A2",1
"GO:0071493","cellular response to UV-B","1/377","12/15234",0.0833333333333333,3.36737400530504,3.5894584139265,1.30683113607666,0.259784293267414,0.569326887751885,0.392794456092653,"MME",1
"GO:0071578","zinc ion import across plasma membrane","1/377","12/15234",0.0833333333333333,3.36737400530504,3.5894584139265,1.30683113607666,0.259784293267414,0.569326887751885,0.392794456092653,"SLC30A8",1
"GO:0072578","neurotransmitter-gated ion channel clustering","1/377","12/15234",0.0833333333333333,3.36737400530504,3.5894584139265,1.30683113607666,0.259784293267414,0.569326887751885,0.392794456092653,"CHRDL1",1
"GO:0072672","neutrophil extravasation","1/377","12/15234",0.0833333333333333,3.36737400530504,3.5894584139265,1.30683113607666,0.259784293267414,0.569326887751885,0.392794456092653,"CD177",1
"GO:0086100","endothelin receptor signaling pathway","1/377","12/15234",0.0833333333333333,3.36737400530504,3.5894584139265,1.30683113607666,0.259784293267414,0.569326887751885,0.392794456092653,"EDN2",1
"GO:0090399","replicative senescence","1/377","12/15234",0.0833333333333333,3.36737400530504,3.5894584139265,1.30683113607666,0.259784293267414,0.569326887751885,0.392794456092653,"MME",1
"GO:0097186","amelogenesis","1/377","12/15234",0.0833333333333333,3.36737400530504,3.5894584139265,1.30683113607666,0.259784293267414,0.569326887751885,0.392794456092653,"ITGB6",1
"GO:0097531","mast cell migration","1/377","12/15234",0.0833333333333333,3.36737400530504,3.5894584139265,1.30683113607666,0.259784293267414,0.569326887751885,0.392794456092653,"CHGA",1
"GO:0141212","phospholipase C/protein kinase C signal transduction","1/377","12/15234",0.0833333333333333,3.36737400530504,3.5894584139265,1.30683113607666,0.259784293267414,0.569326887751885,0.392794456092653,"CCL21",1
"GO:1900378","positive regulation of secondary metabolite biosynthetic process","1/377","12/15234",0.0833333333333333,3.36737400530504,3.5894584139265,1.30683113607666,0.259784293267414,0.569326887751885,0.392794456092653,"CDH3",1
"GO:1901317","regulation of flagellated sperm motility","1/377","12/15234",0.0833333333333333,3.36737400530504,3.5894584139265,1.30683113607666,0.259784293267414,0.569326887751885,0.392794456092653,"DEFB1",1
"GO:1903826","L-arginine transmembrane transport","1/377","12/15234",0.0833333333333333,3.36737400530504,3.5894584139265,1.30683113607666,0.259784293267414,0.569326887751885,0.392794456092653,"SLC38A4",1
"GO:1905165","regulation of lysosomal protein catabolic process","1/377","12/15234",0.0833333333333333,3.36737400530504,3.5894584139265,1.30683113607666,0.259784293267414,0.569326887751885,0.392794456092653,"LRP2",1
"GO:0002686","negative regulation of leukocyte migration","2/377","40/15234",0.05,2.02042440318302,2.07985964912281,1.02937260295851,0.260438683862457,0.569326887751885,0.392794456092653,"CCL21/APOD",2
"GO:0007528","neuromuscular junction development","2/377","40/15234",0.05,2.02042440318302,2.07985964912281,1.02937260295851,0.260438683862457,0.569326887751885,0.392794456092653,"CHRNA1/MUSK",2
"GO:0035282","segmentation","2/377","40/15234",0.05,2.02042440318302,2.07985964912281,1.02937260295851,0.260438683862457,0.569326887751885,0.392794456092653,"TDRD1/WT1",2
"GO:0060675","ureteric bud morphogenesis","2/377","40/15234",0.05,2.02042440318302,2.07985964912281,1.02937260295851,0.260438683862457,0.569326887751885,0.392794456092653,"TCF21/WT1",2
"GO:0042752","regulation of circadian rhythm","4/377","105/15234",0.0380952380952381,1.53937097385373,1.56674541448783,0.883435697026136,0.262224579829935,0.572439155277917,0.394941696028799,"CHRNB2/CARTPT/NKX2-1/HNF4A",4
"GO:0050868","negative regulation of T cell activation","4/377","105/15234",0.0380952380952381,1.53937097385373,1.56674541448783,0.883435697026136,0.262224579829935,0.572439155277917,0.394941696028799,"ARG1/VTCN1/FGL1/PLA2G2A",4
"GO:0006816","calcium ion transport","11/377","354/15234",0.0310734463276836,1.255630985029,1.27175835205276,0.775195946962528,0.262481348705876,0.572604239654433,0.395055592332097,"CHRNB2/SLN/GPM6A/ATP1A2/F2/CCL21/LPAR3/CHRNA1/TRDN/STRIT1/TRPV6",11
"GO:0014812","muscle cell migration","3/377","72/15234",0.0416666666666667,1.68368700265252,1.71913508486399,0.926281862616656,0.263604325044463,0.574261386261576,0.396198903871077,"ADIPOQ/VTN/IGF1",3
"GO:0055123","digestive system development","3/377","72/15234",0.0416666666666667,1.68368700265252,1.71913508486399,0.926281862616656,0.263604325044463,0.574261386261576,0.396198903871077,"SOX11/TCF21/HMGCS2",3
"GO:0051960","regulation of nervous system development","10/377","318/15234",0.0314465408805031,1.27070717181322,1.28711207049082,0.777114421829664,0.264083907460198,0.574909939036973,0.396646358470781,"SLITRK6/LRRC15/LRP2/ASCL1/SOX11/F2/MME/SYT4/IGF1/NEGR1",10
"GO:0043009","chordate embryonic development","7/377","210/15234",0.0333333333333333,1.34694960212202,1.36570363466915,0.806456762758721,0.264716695919667,0.575890898693783,0.397323149824105,"LRP2/SOX11/TFAP2C/RBP4/HOXC11/COL2A1/IGF1",7
"GO:0045664","regulation of neuron differentiation","4/377","106/15234",0.0377358490566038,1.52484860617587,1.55128002943805,0.863761927256364,0.26769645295731,0.579616286529943,0.399893398516586,"ASCL1/SOX11/BRINP2/SFRP2",4
"GO:0008089","anterograde axonal transport","2/377","41/15234",0.0487804878048781,1.97114575920295,2.02639316239316,0.991864649157235,0.269669691568076,0.579616286529943,0.399893398516586,"AP3B2/KIF1A",2
"GO:0030838","positive regulation of actin filament polymerization","2/377","41/15234",0.0487804878048781,1.97114575920295,2.02639316239316,0.991864649157235,0.269669691568076,0.579616286529943,0.399893398516586,"CSF3/CCL21",2
"GO:0045912","negative regulation of carbohydrate metabolic process","2/377","41/15234",0.0487804878048781,1.97114575920295,2.02639316239316,0.991864649157235,0.269669691568076,0.579616286529943,0.399893398516586,"ADIPOQ/TRIM63",2
"GO:0072132","mesenchyme morphogenesis","2/377","41/15234",0.0487804878048781,1.97114575920295,2.02639316239316,0.991864649157235,0.269669691568076,0.579616286529943,0.399893398516586,"ACTC1/ACTA1",2
"GO:0090181","regulation of cholesterol metabolic process","2/377","41/15234",0.0487804878048781,1.97114575920295,2.02639316239316,0.991864649157235,0.269669691568076,0.579616286529943,0.399893398516586,"NR1H4/APOA1",2
"GO:1903115","regulation of actin filament-based movement","2/377","41/15234",0.0487804878048781,1.97114575920295,2.02639316239316,0.991864649157235,0.269669691568076,0.579616286529943,0.399893398516586,"ATP1A2/STRIT1",2
"GO:1903307","positive regulation of regulated secretory pathway","2/377","41/15234",0.0487804878048781,1.97114575920295,2.02639316239316,0.991864649157235,0.269669691568076,0.579616286529943,0.399893398516586,"CD177/SYT4",2
"GO:1904646","cellular response to amyloid-beta","2/377","41/15234",0.0487804878048781,1.97114575920295,2.02639316239316,0.991864649157235,0.269669691568076,0.579616286529943,0.399893398516586,"LCN2/IGF1",2
"GO:1990573","potassium ion import across plasma membrane","2/377","41/15234",0.0487804878048781,1.97114575920295,2.02639316239316,0.991864649157235,0.269669691568076,0.579616286529943,0.399893398516586,"ATP1A2/KCNJ3",2
"GO:2000765","regulation of cytoplasmic translation","2/377","41/15234",0.0487804878048781,1.97114575920295,2.02639316239316,0.991864649157235,0.269669691568076,0.579616286529943,0.399893398516586,"PKP1/NMNAT2",2
"GO:0006109","regulation of carbohydrate metabolic process","5/377","141/15234",0.0354609929078014,1.43292510864044,1.45487428842505,0.822682727752385,0.270847488994085,0.579616286529943,0.399893398516586,"ADIPOQ/ALDOB/TRIM63/TFF3/IGF1",5
"GO:0072523","purine-containing compound catabolic process","5/377","141/15234",0.0354609929078014,1.43292510864044,1.45487428842505,0.822682727752385,0.270847488994085,0.579616286529943,0.399893398516586,"ALDOB/TRIM63/OGDHL/IGF1/VNN1",5
"GO:0007229","integrin-mediated signaling pathway","4/377","107/15234",0.0373831775700935,1.51059768462282,1.5361149431271,0.844291002279334,0.273188855476788,0.579616286529943,0.399893398516586,"APOA1/CD177/VTN/ITGB6",4
"GO:1903828","negative regulation of protein localization","6/377","177/15234",0.0338983050847458,1.36977925639527,1.38894405825885,0.788238761161081,0.274795492910677,0.579616286529943,0.399893398516586,"LRRC15/CHGA/CLDN18/ACTN2/APOD/SYT4",6
"GO:0141091","transforming growth factor beta receptor superfamily signaling pathway","9/377","285/15234",0.0315789473684211,1.2760575177998,1.29203095463138,0.749400143963036,0.275040026866906,0.579616286529943,0.399893398516586,"LRP2/SOX11/NKX2-1/TFAP2B/GREM2/HJV/CDH3/CHRDL1/TMEM100",9
"GO:0071478","cellular response to radiation","5/377","142/15234",0.0352112676056338,1.42283408674861,1.44415665960286,0.806377867131955,0.275592939157364,0.579616286529943,0.399893398516586,"LCN2/PRAP1/MME/MMP3/SFRP2",5
"GO:1901888","regulation of cell junction assembly","8/377","249/15234",0.0321285140562249,1.29826467674411,1.31484667543771,0.755911508918941,0.276100749213353,0.579616286529943,0.399893398516586,"SLITRK6/CHRNB2/LRRC15/HRG/MUSK/TBX5/APOD/NEGR1",8
"GO:0000101","sulfur amino acid transport","1/377","13/15234",0.0769230769230769,3.10834523566619,3.29011524822695,1.21140578845216,0.278117056467925,0.579616286529943,0.399893398516586,"SLC1A2",1
"GO:0001767","establishment of lymphocyte polarity","1/377","13/15234",0.0769230769230769,3.10834523566619,3.29011524822695,1.21140578845216,0.278117056467925,0.579616286529943,0.399893398516586,"CCL21",1
"GO:0002826","negative regulation of T-helper 1 type immune response","1/377","13/15234",0.0769230769230769,3.10834523566619,3.29011524822695,1.21140578845216,0.278117056467925,0.579616286529943,0.399893398516586,"IL1RL1",1
"GO:0006067","ethanol metabolic process","1/377","13/15234",0.0769230769230769,3.10834523566619,3.29011524822695,1.21140578845216,0.278117056467925,0.579616286529943,0.399893398516586,"SULT2A1",1
"GO:0006068","ethanol catabolic process","1/377","13/15234",0.0769230769230769,3.10834523566619,3.29011524822695,1.21140578845216,0.278117056467925,0.579616286529943,0.399893398516586,"SULT2A1",1
"GO:0010002","cardioblast differentiation","1/377","13/15234",0.0769230769230769,3.10834523566619,3.29011524822695,1.21140578845216,0.278117056467925,0.579616286529943,0.399893398516586,"TBX5",1
"GO:0010832","negative regulation of myotube differentiation","1/377","13/15234",0.0769230769230769,3.10834523566619,3.29011524822695,1.21140578845216,0.278117056467925,0.579616286529943,0.399893398516586,"CEACAM5",1
"GO:0010958","regulation of amino acid import across plasma membrane","1/377","13/15234",0.0769230769230769,3.10834523566619,3.29011524822695,1.21140578845216,0.278117056467925,0.579616286529943,0.399893398516586,"ATP1A2",1
"GO:0014821","phasic smooth muscle contraction","1/377","13/15234",0.0769230769230769,3.10834523566619,3.29011524822695,1.21140578845216,0.278117056467925,0.579616286529943,0.399893398516586,"EDN2",1
"GO:0021680","cerebellar Purkinje cell layer development","1/377","13/15234",0.0769230769230769,3.10834523566619,3.29011524822695,1.21140578845216,0.278117056467925,0.579616286529943,0.399893398516586,"SEZ6L",1
"GO:0021983","pituitary gland development","1/377","13/15234",0.0769230769230769,3.10834523566619,3.29011524822695,1.21140578845216,0.278117056467925,0.579616286529943,0.399893398516586,"PITX2",1
"GO:0030949","positive regulation of vascular endothelial growth factor receptor signaling pathway","1/377","13/15234",0.0769230769230769,3.10834523566619,3.29011524822695,1.21140578845216,0.278117056467925,0.579616286529943,0.399893398516586,"VTN",1
"GO:0032096","negative regulation of response to food","1/377","13/15234",0.0769230769230769,3.10834523566619,3.29011524822695,1.21140578845216,0.278117056467925,0.579616286529943,0.399893398516586,"CARTPT",1
"GO:0032099","negative regulation of appetite","1/377","13/15234",0.0769230769230769,3.10834523566619,3.29011524822695,1.21140578845216,0.278117056467925,0.579616286529943,0.399893398516586,"CARTPT",1
"GO:0032108","negative regulation of response to nutrient levels","1/377","13/15234",0.0769230769230769,3.10834523566619,3.29011524822695,1.21140578845216,0.278117056467925,0.579616286529943,0.399893398516586,"CARTPT",1
"GO:0032303","regulation of icosanoid secretion","1/377","13/15234",0.0769230769230769,3.10834523566619,3.29011524822695,1.21140578845216,0.278117056467925,0.579616286529943,0.399893398516586,"CYP4A11",1
"GO:0032490","detection of molecule of bacterial origin","1/377","13/15234",0.0769230769230769,3.10834523566619,3.29011524822695,1.21140578845216,0.278117056467925,0.579616286529943,0.399893398516586,"LBP",1
"GO:0032780","negative regulation of ATP-dependent activity","1/377","13/15234",0.0769230769230769,3.10834523566619,3.29011524822695,1.21140578845216,0.278117056467925,0.579616286529943,0.399893398516586,"SLN",1
"GO:0042363","fat-soluble vitamin catabolic process","1/377","13/15234",0.0769230769230769,3.10834523566619,3.29011524822695,1.21140578845216,0.278117056467925,0.579616286529943,0.399893398516586,"FGF23",1
"GO:0043392","negative regulation of DNA binding","1/377","13/15234",0.0769230769230769,3.10834523566619,3.29011524822695,1.21140578845216,0.278117056467925,0.579616286529943,0.399893398516586,"SOX11",1
"GO:0044027","negative regulation of gene expression via chromosomal CpG island methylation","1/377","13/15234",0.0769230769230769,3.10834523566619,3.29011524822695,1.21140578845216,0.278117056467925,0.579616286529943,0.399893398516586,"WT1",1
"GO:0045956","positive regulation of calcium ion-dependent exocytosis","1/377","13/15234",0.0769230769230769,3.10834523566619,3.29011524822695,1.21140578845216,0.278117056467925,0.579616286529943,0.399893398516586,"SYT4",1
"GO:0046348","amino sugar catabolic process","1/377","13/15234",0.0769230769230769,3.10834523566619,3.29011524822695,1.21140578845216,0.278117056467925,0.579616286529943,0.399893398516586,"CHI3L2",1
"GO:0048026","positive regulation of mRNA splicing, via spliceosome","1/377","13/15234",0.0769230769230769,3.10834523566619,3.29011524822695,1.21140578845216,0.278117056467925,0.579616286529943,0.399893398516586,"CELF3",1
"GO:0048266","behavioral response to pain","1/377","13/15234",0.0769230769230769,3.10834523566619,3.29011524822695,1.21140578845216,0.278117056467925,0.579616286529943,0.399893398516586,"GRIA1",1
"GO:0048643","positive regulation of skeletal muscle tissue development","1/377","13/15234",0.0769230769230769,3.10834523566619,3.29011524822695,1.21140578845216,0.278117056467925,0.579616286529943,0.399893398516586,"MYF6",1
"GO:0050910","detection of mechanical stimulus involved in sensory perception of sound","1/377","13/15234",0.0769230769230769,3.10834523566619,3.29011524822695,1.21140578845216,0.278117056467925,0.579616286529943,0.399893398516586,"PTPRQ",1
"GO:0061548","ganglion development","1/377","13/15234",0.0769230769230769,3.10834523566619,3.29011524822695,1.21140578845216,0.278117056467925,0.579616286529943,0.399893398516586,"ASCL1",1
"GO:0070486","leukocyte aggregation","1/377","13/15234",0.0769230769230769,3.10834523566619,3.29011524822695,1.21140578845216,0.278117056467925,0.579616286529943,0.399893398516586,"S100A8",1
"GO:0070493","thrombin-activated receptor signaling pathway","1/377","13/15234",0.0769230769230769,3.10834523566619,3.29011524822695,1.21140578845216,0.278117056467925,0.579616286529943,0.399893398516586,"F2",1
"GO:0070593","dendrite self-avoidance","1/377","13/15234",0.0769230769230769,3.10834523566619,3.29011524822695,1.21140578845216,0.278117056467925,0.579616286529943,0.399893398516586,"MYPN",1
"GO:0070988","demethylation","1/377","13/15234",0.0769230769230769,3.10834523566619,3.29011524822695,1.21140578845216,0.278117056467925,0.579616286529943,0.399893398516586,"CYP2C9",1
"GO:0071073","positive regulation of phospholipid biosynthetic process","1/377","13/15234",0.0769230769230769,3.10834523566619,3.29011524822695,1.21140578845216,0.278117056467925,0.579616286529943,0.399893398516586,"NR1H4",1
"GO:0071380","cellular response to prostaglandin E stimulus","1/377","13/15234",0.0769230769230769,3.10834523566619,3.29011524822695,1.21140578845216,0.278117056467925,0.579616286529943,0.399893398516586,"CCL21",1
"GO:0072350","tricarboxylic acid metabolic process","1/377","13/15234",0.0769230769230769,3.10834523566619,3.29011524822695,1.21140578845216,0.278117056467925,0.579616286529943,0.399893398516586,"PCK1",1
"GO:0099509","regulation of presynaptic cytosolic calcium ion concentration","1/377","13/15234",0.0769230769230769,3.10834523566619,3.29011524822695,1.21140578845216,0.278117056467925,0.579616286529943,0.399893398516586,"CNR1",1
"GO:0099545","trans-synaptic signaling by trans-synaptic complex","1/377","13/15234",0.0769230769230769,3.10834523566619,3.29011524822695,1.21140578845216,0.278117056467925,0.579616286529943,0.399893398516586,"CBLN2",1
"GO:0150079","negative regulation of neuroinflammatory response","1/377","13/15234",0.0769230769230769,3.10834523566619,3.29011524822695,1.21140578845216,0.278117056467925,0.579616286529943,0.399893398516586,"IGF1",1
"GO:1900748","positive regulation of vascular endothelial growth factor signaling pathway","1/377","13/15234",0.0769230769230769,3.10834523566619,3.29011524822695,1.21140578845216,0.278117056467925,0.579616286529943,0.399893398516586,"VTN",1
"GO:1902548","negative regulation of cellular response to vascular endothelial growth factor stimulus","1/377","13/15234",0.0769230769230769,3.10834523566619,3.29011524822695,1.21140578845216,0.278117056467925,0.579616286529943,0.399893398516586,"HRG",1
"GO:1903789","regulation of amino acid transmembrane transport","1/377","13/15234",0.0769230769230769,3.10834523566619,3.29011524822695,1.21140578845216,0.278117056467925,0.579616286529943,0.399893398516586,"ATP1A2",1
"GO:1904179","positive regulation of adipose tissue development","1/377","13/15234",0.0769230769230769,3.10834523566619,3.29011524822695,1.21140578845216,0.278117056467925,0.579616286529943,0.399893398516586,"NR1H4",1
"GO:1904688","regulation of cytoplasmic translational initiation","1/377","13/15234",0.0769230769230769,3.10834523566619,3.29011524822695,1.21140578845216,0.278117056467925,0.579616286529943,0.399893398516586,"PKP1",1
"GO:2001046","positive regulation of integrin-mediated signaling pathway","1/377","13/15234",0.0769230769230769,3.10834523566619,3.29011524822695,1.21140578845216,0.278117056467925,0.579616286529943,0.399893398516586,"VTN",1
"GO:2001214","positive regulation of vasculogenesis","1/377","13/15234",0.0769230769230769,3.10834523566619,3.29011524822695,1.21140578845216,0.278117056467925,0.579616286529943,0.399893398516586,"TMEM100",1
"GO:0006911","phagocytosis, engulfment","2/377","42/15234",0.0476190476190476,1.92421371731717,1.9756,0.955404789057853,0.278897934771288,0.579616286529943,0.399893398516586,"XKR7/MARCO",2
"GO:0042398","modified amino acid biosynthetic process","2/377","42/15234",0.0476190476190476,1.92421371731717,1.9756,0.955404789057853,0.278897934771288,0.579616286529943,0.399893398516586,"SLC1A2/CKM",2
"GO:0051489","regulation of filopodium assembly","2/377","42/15234",0.0476190476190476,1.92421371731717,1.9756,0.955404789057853,0.278897934771288,0.579616286529943,0.399893398516586,"GPM6A/CCL21",2
"GO:0061005","cell differentiation involved in kidney development","2/377","42/15234",0.0476190476190476,1.92421371731717,1.9756,0.955404789057853,0.278897934771288,0.579616286529943,0.399893398516586,"TCF21/WT1",2
"GO:0072171","mesonephric tubule morphogenesis","2/377","42/15234",0.0476190476190476,1.92421371731717,1.9756,0.955404789057853,0.278897934771288,0.579616286529943,0.399893398516586,"TCF21/WT1",2
"GO:0032418","lysosome localization","3/377","75/15234",0.04,1.61633952254642,1.64717023172906,0.852340661553989,0.283811201173482,0.589052663761902,0.406403817648464,"IGHE/CPLX2/CHGA",3
"GO:0140056","organelle localization by membrane tethering","3/377","75/15234",0.04,1.61633952254642,1.64717023172906,0.852340661553989,0.283811201173482,0.589052663761902,0.406403817648464,"UNC13A/RIMS2/CPLX2",3
"GO:0048469","cell maturation","4/377","109/15234",0.036697247706422,1.48288029591415,1.50665134686582,0.805940306241624,0.284229531648951,0.589533825159012,0.406735784280177,"TDRD1/CCL21/EPB42/DEFB1",4
"GO:0006693","prostaglandin metabolic process","2/377","43/15234",0.0465116279069767,1.87946456110049,1.92728455284553,0.919935173258701,0.288117910851067,0.590313161565114,0.407273470144544,"EDN2/AVPR1A",2
"GO:0030326","embryonic limb morphogenesis","2/377","43/15234",0.0465116279069767,1.87946456110049,1.92728455284553,0.919935173258701,0.288117910851067,0.590313161565114,0.407273470144544,"TBX5/TBX4",2
"GO:0034205","amyloid-beta formation","2/377","43/15234",0.0465116279069767,1.87946456110049,1.92728455284553,0.919935173258701,0.288117910851067,0.590313161565114,0.407273470144544,"APOA1/IGF1",2
"GO:0035113","embryonic appendage morphogenesis","2/377","43/15234",0.0465116279069767,1.87946456110049,1.92728455284553,0.919935173258701,0.288117910851067,0.590313161565114,0.407273470144544,"TBX5/TBX4",2
"GO:0050850","positive regulation of calcium-mediated signaling","2/377","43/15234",0.0465116279069767,1.87946456110049,1.92728455284553,0.919935173258701,0.288117910851067,0.590313161565114,0.407273470144544,"EDN2/IGF1",2
"GO:0051926","negative regulation of calcium ion transport","2/377","43/15234",0.0465116279069767,1.87946456110049,1.92728455284553,0.919935173258701,0.288117910851067,0.590313161565114,0.407273470144544,"SLN/ATP1A2",2
"GO:0120033","negative regulation of plasma membrane bounded cell projection assembly","2/377","43/15234",0.0465116279069767,1.87946456110049,1.92728455284553,0.919935173258701,0.288117910851067,0.590313161565114,0.407273470144544,"HRG/CCL21",2
"GO:0141161","regulation of cAMP/PKA signal transduction","2/377","43/15234",0.0465116279069767,1.87946456110049,1.92728455284553,0.919935173258701,0.288117910851067,0.590313161565114,0.407273470144544,"ADIPOQ/ADCYAP1",2
"GO:0035821","modulation of process of another organism","4/377","110/15234",0.0363636363636364,1.46939956595129,1.49233648641813,0.787052180361177,0.289774979481617,0.590313161565114,0.407273470144544,"LRRC15/ARG1/LTF/APCS",4
"GO:0030198","extracellular matrix organization","8/377","253/15234",0.0316205533596838,1.27773875300112,1.29302582821747,0.709617266579004,0.290406497270023,0.590313161565114,0.407273470144544,"PLG/COL2A1/MMP12/MMP3/TPSAB1/MARCO/WT1/ADAMTS8",8
"GO:0007193","adenylate cyclase-inhibiting G protein-coupled receptor signaling pathway","3/377","76/15234",0.0394736842105263,1.59507189724976,1.62449637389202,0.828424854335228,0.290577827230897,0.590313161565114,0.407273470144544,"GRIK3/NPY1R/MARCO",3
"GO:0010906","regulation of glucose metabolic process","3/377","76/15234",0.0394736842105263,1.59507189724976,1.62449637389202,0.828424854335228,0.290577827230897,0.590313161565114,0.407273470144544,"ADIPOQ/TFF3/IGF1",3
"GO:0015807","L-amino acid transport","3/377","76/15234",0.0394736842105263,1.59507189724976,1.62449637389202,0.828424854335228,0.290577827230897,0.590313161565114,0.407273470144544,"SLC38A4/ATP1A2/SLC1A2",3
"GO:1901568","fatty acid derivative metabolic process","3/377","76/15234",0.0394736842105263,1.59507189724976,1.62449637389202,0.828424854335228,0.290577827230897,0.590313161565114,0.407273470144544,"CYP4A11/ACSM2A/HMGCS2",3
"GO:1990849","vacuolar localization","3/377","76/15234",0.0394736842105263,1.59507189724976,1.62449637389202,0.828424854335228,0.290577827230897,0.590313161565114,0.407273470144544,"IGHE/CPLX2/CHGA",3
"GO:0043062","extracellular structure organization","8/377","254/15234",0.031496062992126,1.27270828546962,1.28768149470113,0.698163466076887,0.294011936276598,0.590313161565114,0.407273470144544,"PLG/COL2A1/MMP12/MMP3/TPSAB1/MARCO/WT1/ADAMTS8",8
"GO:0045229","external encapsulating structure organization","8/377","254/15234",0.031496062992126,1.27270828546962,1.28768149470113,0.698163466076887,0.294011936276598,0.590313161565114,0.407273470144544,"PLG/COL2A1/MMP12/MMP3/TPSAB1/MARCO/WT1/ADAMTS8",8
"GO:0009166","nucleotide catabolic process","5/377","146/15234",0.0342465753424658,1.38385233094728,1.4028063753527,0.742373749736107,0.294737506677318,0.590313161565114,0.407273470144544,"DPYS/ALDOB/TRIM63/OGDHL/IGF1",5
"GO:0030833","regulation of actin filament polymerization","4/377","111/15234",0.036036036036036,1.4561617320238,1.47828919345544,0.768350178930164,0.295335306391475,0.590313161565114,0.407273470144544,"CSF3/CCL21/ARHGAP40/SPTA1",4
"GO:0071333","cellular response to glucose stimulus","4/377","111/15234",0.036036036036036,1.4561617320238,1.47828919345544,0.768350178930164,0.295335306391475,0.590313161565114,0.407273470144544,"SLC2A2/CARTPT/NR1H4/PCK1",4
"GO:0002089","lens morphogenesis in camera-type eye","1/377","14/15234",0.0714285714285714,2.88632057597575,3.03682487725041,1.12478632636578,0.295996950674061,0.590313161565114,0.407273470144544,"SOX11",1
"GO:0002283","neutrophil activation involved in immune response","1/377","14/15234",0.0714285714285714,2.88632057597575,3.03682487725041,1.12478632636578,0.295996950674061,0.590313161565114,0.407273470144544,"CD177",1
"GO:0002468","dendritic cell antigen processing and presentation","1/377","14/15234",0.0714285714285714,2.88632057597575,3.03682487725041,1.12478632636578,0.295996950674061,0.590313161565114,0.407273470144544,"CCL21",1
"GO:0002524","hypersensitivity","1/377","14/15234",0.0714285714285714,2.88632057597575,3.03682487725041,1.12478632636578,0.295996950674061,0.590313161565114,0.407273470144544,"IGHE",1
"GO:0003128","heart field specification","1/377","14/15234",0.0714285714285714,2.88632057597575,3.03682487725041,1.12478632636578,0.295996950674061,0.590313161565114,0.407273470144544,"LRP2",1
"GO:0006000","fructose metabolic process","1/377","14/15234",0.0714285714285714,2.88632057597575,3.03682487725041,1.12478632636578,0.295996950674061,0.590313161565114,0.407273470144544,"ALDOB",1
"GO:0006541","glutamine metabolic process","1/377","14/15234",0.0714285714285714,2.88632057597575,3.03682487725041,1.12478632636578,0.295996950674061,0.590313161565114,0.407273470144544,"NR1H4",1
"GO:0006555","methionine metabolic process","1/377","14/15234",0.0714285714285714,2.88632057597575,3.03682487725041,1.12478632636578,0.295996950674061,0.590313161565114,0.407273470144544,"MAT1A",1
"GO:0006704","glucocorticoid biosynthetic process","1/377","14/15234",0.0714285714285714,2.88632057597575,3.03682487725041,1.12478632636578,0.295996950674061,0.590313161565114,0.407273470144544,"SERPINA6",1
"GO:0007190","activation of adenylate cyclase activity","1/377","14/15234",0.0714285714285714,2.88632057597575,3.03682487725041,1.12478632636578,0.295996950674061,0.590313161565114,0.407273470144544,"ADCYAP1",1
"GO:0009176","pyrimidine deoxyribonucleoside monophosphate metabolic process","1/377","14/15234",0.0714285714285714,2.88632057597575,3.03682487725041,1.12478632636578,0.295996950674061,0.590313161565114,0.407273470144544,"DPYS",1
"GO:0016553","base conversion or substitution editing","1/377","14/15234",0.0714285714285714,2.88632057597575,3.03682487725041,1.12478632636578,0.295996950674061,0.590313161565114,0.407273470144544,"A1CF",1
"GO:0019184","nonribosomal peptide biosynthetic process","1/377","14/15234",0.0714285714285714,2.88632057597575,3.03682487725041,1.12478632636578,0.295996950674061,0.590313161565114,0.407273470144544,"SLC1A2",1
"GO:0021602","cranial nerve morphogenesis","1/377","14/15234",0.0714285714285714,2.88632057597575,3.03682487725041,1.12478632636578,0.295996950674061,0.590313161565114,0.407273470144544,"CHRNB2",1
"GO:0030202","heparin proteoglycan metabolic process","1/377","14/15234",0.0714285714285714,2.88632057597575,3.03682487725041,1.12478632636578,0.295996950674061,0.590313161565114,0.407273470144544,"NDST4",1
"GO:0030325","adrenal gland development","1/377","14/15234",0.0714285714285714,2.88632057597575,3.03682487725041,1.12478632636578,0.295996950674061,0.590313161565114,0.407273470144544,"WT1",1
"GO:0031269","pseudopodium assembly","1/377","14/15234",0.0714285714285714,2.88632057597575,3.03682487725041,1.12478632636578,0.295996950674061,0.590313161565114,0.407273470144544,"CCL21",1
"GO:0033238","regulation of amine metabolic process","1/377","14/15234",0.0714285714285714,2.88632057597575,3.03682487725041,1.12478632636578,0.295996950674061,0.590313161565114,0.407273470144544,"CHRNB2",1
"GO:0035743","CD4-positive, alpha-beta T cell cytokine production","1/377","14/15234",0.0714285714285714,2.88632057597575,3.03682487725041,1.12478632636578,0.295996950674061,0.590313161565114,0.407273470144544,"ARG1",1
"GO:0042308","negative regulation of protein import into nucleus","1/377","14/15234",0.0714285714285714,2.88632057597575,3.03682487725041,1.12478632636578,0.295996950674061,0.590313161565114,0.407273470144544,"APOD",1
"GO:0042447","hormone catabolic process","1/377","14/15234",0.0714285714285714,2.88632057597575,3.03682487725041,1.12478632636578,0.295996950674061,0.590313161565114,0.407273470144544,"MME",1
"GO:0042753","positive regulation of circadian rhythm","1/377","14/15234",0.0714285714285714,2.88632057597575,3.03682487725041,1.12478632636578,0.295996950674061,0.590313161565114,0.407273470144544,"NKX2-1",1
"GO:0044342","type B pancreatic cell proliferation","1/377","14/15234",0.0714285714285714,2.88632057597575,3.03682487725041,1.12478632636578,0.295996950674061,0.590313161565114,0.407273470144544,"CARTPT",1
"GO:0045725","positive regulation of glycogen biosynthetic process","1/377","14/15234",0.0714285714285714,2.88632057597575,3.03682487725041,1.12478632636578,0.295996950674061,0.590313161565114,0.407273470144544,"IGF1",1
"GO:0045844","positive regulation of striated muscle tissue development","1/377","14/15234",0.0714285714285714,2.88632057597575,3.03682487725041,1.12478632636578,0.295996950674061,0.590313161565114,0.407273470144544,"MYF6",1
"GO:0046185","aldehyde catabolic process","1/377","14/15234",0.0714285714285714,2.88632057597575,3.03682487725041,1.12478632636578,0.295996950674061,0.590313161565114,0.407273470144544,"AGXT",1
"GO:0048385","regulation of retinoic acid receptor signaling pathway","1/377","14/15234",0.0714285714285714,2.88632057597575,3.03682487725041,1.12478632636578,0.295996950674061,0.590313161565114,0.407273470144544,"PRAME",1
"GO:0048636","positive regulation of muscle organ development","1/377","14/15234",0.0714285714285714,2.88632057597575,3.03682487725041,1.12478632636578,0.295996950674061,0.590313161565114,0.407273470144544,"MYF6",1
"GO:0048791","calcium ion-regulated exocytosis of neurotransmitter","1/377","14/15234",0.0714285714285714,2.88632057597575,3.03682487725041,1.12478632636578,0.295996950674061,0.590313161565114,0.407273470144544,"RIMS2",1
"GO:0055089","fatty acid homeostasis","1/377","14/15234",0.0714285714285714,2.88632057597575,3.03682487725041,1.12478632636578,0.295996950674061,0.590313161565114,0.407273470144544,"NR1H4",1
"GO:0061050","regulation of cell growth involved in cardiac muscle cell development","1/377","14/15234",0.0714285714285714,2.88632057597575,3.03682487725041,1.12478632636578,0.295996950674061,0.590313161565114,0.407273470144544,"IGF1",1
"GO:0072109","glomerular mesangium development","1/377","14/15234",0.0714285714285714,2.88632057597575,3.03682487725041,1.12478632636578,0.295996950674061,0.590313161565114,0.407273470144544,"WT1",1
"GO:0086069","bundle of His cell to Purkinje myocyte communication","1/377","14/15234",0.0714285714285714,2.88632057597575,3.03682487725041,1.12478632636578,0.295996950674061,0.590313161565114,0.407273470144544,"TBX5",1
"GO:1901863","positive regulation of muscle tissue development","1/377","14/15234",0.0714285714285714,2.88632057597575,3.03682487725041,1.12478632636578,0.295996950674061,0.590313161565114,0.407273470144544,"MYF6",1
"GO:1904036","negative regulation of epithelial cell apoptotic process","1/377","14/15234",0.0714285714285714,2.88632057597575,3.03682487725041,1.12478632636578,0.295996950674061,0.590313161565114,0.407273470144544,"CARTPT",1
"GO:1904044","response to aldosterone","1/377","14/15234",0.0714285714285714,2.88632057597575,3.03682487725041,1.12478632636578,0.295996950674061,0.590313161565114,0.407273470144544,"SCNN1G",1
"GO:1904350","regulation of protein catabolic process in the vacuole","1/377","14/15234",0.0714285714285714,2.88632057597575,3.03682487725041,1.12478632636578,0.295996950674061,0.590313161565114,0.407273470144544,"LRP2",1
"GO:1905809","negative regulation of synapse organization","1/377","14/15234",0.0714285714285714,2.88632057597575,3.03682487725041,1.12478632636578,0.295996950674061,0.590313161565114,0.407273470144544,"NEGR1",1
"GO:2000193","positive regulation of fatty acid transport","1/377","14/15234",0.0714285714285714,2.88632057597575,3.03682487725041,1.12478632636578,0.295996950674061,0.590313161565114,0.407273470144544,"CYP4A11",1
"GO:2000402","negative regulation of lymphocyte migration","1/377","14/15234",0.0714285714285714,2.88632057597575,3.03682487725041,1.12478632636578,0.295996950674061,0.590313161565114,0.407273470144544,"APOD",1
"GO:2000644","regulation of receptor catabolic process","1/377","14/15234",0.0714285714285714,2.88632057597575,3.03682487725041,1.12478632636578,0.295996950674061,0.590313161565114,0.407273470144544,"HAMP",1
"GO:0030201","heparan sulfate proteoglycan metabolic process","2/377","44/15234",0.0454545454545455,1.83674945743911,1.88126984126984,0.88540246187275,0.297324389813727,0.590786860457515,0.407600288186683,"NDST4/HS6ST3",2
"GO:0047496","vesicle transport along microtubule","2/377","44/15234",0.0454545454545455,1.83674945743911,1.88126984126984,0.88540246187275,0.297324389813727,0.590786860457515,0.407600288186683,"AP3B2/KIF1A",2
"GO:0048008","platelet-derived growth factor receptor signaling pathway","2/377","44/15234",0.0454545454545455,1.83674945743911,1.88126984126984,0.88540246187275,0.297324389813727,0.590786860457515,0.407600288186683,"ADIPOQ/APOD",2
"GO:0051785","positive regulation of nuclear division","2/377","44/15234",0.0454545454545455,1.83674945743911,1.88126984126984,0.88540246187275,0.297324389813727,0.590786860457515,0.407600288186683,"PRAP1/IGF1",2
"GO:0006140","regulation of nucleotide metabolic process","3/377","77/15234",0.038961038961039,1.57435667780495,1.60243532302356,0.80485611227412,0.297355866810474,0.590786860457515,0.407600288186683,"ALDOB/TRIM63/IGF1",3
"GO:1900542","regulation of purine nucleotide metabolic process","3/377","77/15234",0.038961038961039,1.57435667780495,1.60243532302356,0.80485611227412,0.297355866810474,0.590786860457515,0.407600288186683,"ALDOB/TRIM63/IGF1",3
"GO:0046496","nicotinamide nucleotide metabolic process","5/377","147/15234",0.0340136054421769,1.37443836951226,1.39283280327124,0.726666939785889,0.299559799328907,0.594791787486604,0.410363398743948,"ALDOB/TRIM63/OGDHL/NMNAT2/IGF1",5
"GO:0008286","insulin receptor signaling pathway","4/377","112/15234",0.0357142857142857,1.44316028798787,1.46450203554761,0.749830436321891,0.300909135090687,0.597095904596147,0.411953073228479,"IGFBP1/NR1H4/AHSG/IGF1",4
"GO:0031349","positive regulation of defense response","14/377","480/15234",0.0291666666666667,1.17858090185676,1.19104032915972,0.633284087215046,0.302284593397953,0.599448933331825,0.413576493204392,"NR1H4/CREB3L3/PGC/LTF/GRPR/PLA2G2A/MASP1/MMP12/S100A12/IL1RL1/S100A8/LBP/BPIFB1/COLEC11",14
"GO:0051924","regulation of calcium ion transport","6/377","184/15234",0.0326086956521739,1.31766808903241,1.33368666525334,0.690576962832546,0.304756977816,0.60075602292122,0.414478290669743,"SLN/ATP1A2/F2/LPAR3/TRDN/STRIT1",6
"GO:0009154","purine ribonucleotide catabolic process","4/377","113/15234",0.0353982300884956,1.43038895800568,1.45096785301424,0.731489202876746,0.306495103612329,0.60075602292122,0.414478290669743,"ALDOB/TRIM63/OGDHL/IGF1",4
"GO:0009185","ribonucleoside diphosphate metabolic process","4/377","113/15234",0.0353982300884956,1.43038895800568,1.45096785301424,0.731489202876746,0.306495103612329,0.60075602292122,0.414478290669743,"ALDOB/TRIM63/OGDHL/IGF1",4
"GO:0003229","ventricular cardiac muscle tissue development","2/377","45/15234",0.0444444444444444,1.79593280282935,1.83739534883721,0.85175737765503,0.306512404230494,0.60075602292122,0.414478290669743,"LRP2/TBX5",2
"GO:0003254","regulation of membrane depolarization","2/377","45/15234",0.0444444444444444,1.79593280282935,1.83739534883721,0.85175737765503,0.306512404230494,0.60075602292122,0.414478290669743,"TBX5/ALB",2
"GO:0003407","neural retina development","2/377","45/15234",0.0444444444444444,1.79593280282935,1.83739534883721,0.85175737765503,0.306512404230494,0.60075602292122,0.414478290669743,"GPM6A/TFAP2B",2
"GO:0006692","prostanoid metabolic process","2/377","45/15234",0.0444444444444444,1.79593280282935,1.83739534883721,0.85175737765503,0.306512404230494,0.60075602292122,0.414478290669743,"EDN2/AVPR1A",2
"GO:0048662","negative regulation of smooth muscle cell proliferation","2/377","45/15234",0.0444444444444444,1.79593280282935,1.83739534883721,0.85175737765503,0.306512404230494,0.60075602292122,0.414478290669743,"ADIPOQ/APOD",2
"GO:0055008","cardiac muscle tissue morphogenesis","2/377","45/15234",0.0444444444444444,1.79593280282935,1.83739534883721,0.85175737765503,0.306512404230494,0.60075602292122,0.414478290669743,"ACTC1/LRP2",2
"GO:0070169","positive regulation of biomineral tissue development","2/377","45/15234",0.0444444444444444,1.79593280282935,1.83739534883721,0.85175737765503,0.306512404230494,0.60075602292122,0.414478290669743,"LTF/NELL1",2
"GO:0002695","negative regulation of leukocyte activation","5/377","149/15234",0.0335570469798658,1.3559895323376,1.37330122461171,0.695593538979575,0.309241474079354,0.60075602292122,0.414478290669743,"ARG1/VTCN1/SOX11/FGL1/PLA2G2A",5
"GO:0050679","positive regulation of epithelial cell proliferation","5/377","149/15234",0.0335570469798658,1.3559895323376,1.37330122461171,0.695593538979575,0.309241474079354,0.60075602292122,0.414478290669743,"CARTPT/SOX11/CDH3/MMP12/IGF1",5
"GO:0034599","cellular response to oxidative stress","7/377","222/15234",0.0315315315315315,1.27414151552083,1.28842237586424,0.655435338533849,0.311370590276244,0.60075602292122,0.414478290669743,"APOA4/AMBP/LCN2/FABP1/GPX2/MMP3/ALB",7
"GO:0071331","cellular response to hexose stimulus","4/377","114/15234",0.0350877192982456,1.41784168644423,1.43767974652693,0.713322840403265,0.31209186585422,0.60075602292122,0.414478290669743,"SLC2A2/CARTPT/NR1H4/PCK1",4
"GO:0000097","sulfur amino acid biosynthetic process","1/377","15/15234",0.0666666666666667,2.69389920424403,2.8197188449848,1.04553354054758,0.313435133958941,0.60075602292122,0.414478290669743,"CDO1",1
"GO:0001562","response to protozoan","1/377","15/15234",0.0666666666666667,2.69389920424403,2.8197188449848,1.04553354054758,0.313435133958941,0.60075602292122,0.414478290669743,"ARG1",1
"GO:0001773","myeloid dendritic cell activation","1/377","15/15234",0.0666666666666667,2.69389920424403,2.8197188449848,1.04553354054758,0.313435133958941,0.60075602292122,0.414478290669743,"UBD",1
"GO:0002836","positive regulation of response to tumor cell","1/377","15/15234",0.0666666666666667,2.69389920424403,2.8197188449848,1.04553354054758,0.313435133958941,0.60075602292122,0.414478290669743,"HRG",1
"GO:0002839","positive regulation of immune response to tumor cell","1/377","15/15234",0.0666666666666667,2.69389920424403,2.8197188449848,1.04553354054758,0.313435133958941,0.60075602292122,0.414478290669743,"HRG",1
"GO:0003016","respiratory system process","1/377","15/15234",0.0666666666666667,2.69389920424403,2.8197188449848,1.04553354054758,0.313435133958941,0.60075602292122,0.414478290669743,"ATP1A2",1
"GO:0006568","L-tryptophan metabolic process","1/377","15/15234",0.0666666666666667,2.69389920424403,2.8197188449848,1.04553354054758,0.313435133958941,0.60075602292122,0.414478290669743,"NMNAT2",1
"GO:0009111","vitamin catabolic process","1/377","15/15234",0.0666666666666667,2.69389920424403,2.8197188449848,1.04553354054758,0.313435133958941,0.60075602292122,0.414478290669743,"FGF23",1
"GO:0010224","response to UV-B","1/377","15/15234",0.0666666666666667,2.69389920424403,2.8197188449848,1.04553354054758,0.313435133958941,0.60075602292122,0.414478290669743,"MME",1
"GO:0010842","retina layer formation","1/377","15/15234",0.0666666666666667,2.69389920424403,2.8197188449848,1.04553354054758,0.313435133958941,0.60075602292122,0.414478290669743,"TFAP2B",1
"GO:0021952","central nervous system projection neuron axonogenesis","1/377","15/15234",0.0666666666666667,2.69389920424403,2.8197188449848,1.04553354054758,0.313435133958941,0.60075602292122,0.414478290669743,"CHRNB2",1
"GO:0030812","negative regulation of nucleotide catabolic process","1/377","15/15234",0.0666666666666667,2.69389920424403,2.8197188449848,1.04553354054758,0.313435133958941,0.60075602292122,0.414478290669743,"TRIM63",1
"GO:0031268","pseudopodium organization","1/377","15/15234",0.0666666666666667,2.69389920424403,2.8197188449848,1.04553354054758,0.313435133958941,0.60075602292122,0.414478290669743,"CCL21",1
"GO:0032634","interleukin-5 production","1/377","15/15234",0.0666666666666667,2.69389920424403,2.8197188449848,1.04553354054758,0.313435133958941,0.60075602292122,0.414478290669743,"IL1RL1",1
"GO:0032674","regulation of interleukin-5 production","1/377","15/15234",0.0666666666666667,2.69389920424403,2.8197188449848,1.04553354054758,0.313435133958941,0.60075602292122,0.414478290669743,"IL1RL1",1
"GO:0033122","negative regulation of purine nucleotide catabolic process","1/377","15/15234",0.0666666666666667,2.69389920424403,2.8197188449848,1.04553354054758,0.313435133958941,0.60075602292122,0.414478290669743,"TRIM63",1
"GO:0033194","response to hydroperoxide","1/377","15/15234",0.0666666666666667,2.69389920424403,2.8197188449848,1.04553354054758,0.313435133958941,0.60075602292122,0.414478290669743,"APOA4",1
"GO:0033629","negative regulation of cell adhesion mediated by integrin","1/377","15/15234",0.0666666666666667,2.69389920424403,2.8197188449848,1.04553354054758,0.313435133958941,0.60075602292122,0.414478290669743,"HRG",1
"GO:0034144","negative regulation of toll-like receptor 4 signaling pathway","1/377","15/15234",0.0666666666666667,2.69389920424403,2.8197188449848,1.04553354054758,0.313435133958941,0.60075602292122,0.414478290669743,"BPIFB1",1
"GO:0035435","phosphate ion transmembrane transport","1/377","15/15234",0.0666666666666667,2.69389920424403,2.8197188449848,1.04553354054758,0.313435133958941,0.60075602292122,0.414478290669743,"SLC34A2",1
"GO:0035988","chondrocyte proliferation","1/377","15/15234",0.0666666666666667,2.69389920424403,2.8197188449848,1.04553354054758,0.313435133958941,0.60075602292122,0.414478290669743,"LTF",1
"GO:0042832","defense response to protozoan","1/377","15/15234",0.0666666666666667,2.69389920424403,2.8197188449848,1.04553354054758,0.313435133958941,0.60075602292122,0.414478290669743,"ARG1",1
"GO:0043249","erythrocyte maturation","1/377","15/15234",0.0666666666666667,2.69389920424403,2.8197188449848,1.04553354054758,0.313435133958941,0.60075602292122,0.414478290669743,"EPB42",1
"GO:0045721","negative regulation of gluconeogenesis","1/377","15/15234",0.0666666666666667,2.69389920424403,2.8197188449848,1.04553354054758,0.313435133958941,0.60075602292122,0.414478290669743,"ADIPOQ",1
"GO:0045779","negative regulation of bone resorption","1/377","15/15234",0.0666666666666667,2.69389920424403,2.8197188449848,1.04553354054758,0.313435133958941,0.60075602292122,0.414478290669743,"CARTPT",1
"GO:0045820","negative regulation of glycolytic process","1/377","15/15234",0.0666666666666667,2.69389920424403,2.8197188449848,1.04553354054758,0.313435133958941,0.60075602292122,0.414478290669743,"TRIM63",1
"GO:0046068","cGMP metabolic process","1/377","15/15234",0.0666666666666667,2.69389920424403,2.8197188449848,1.04553354054758,0.313435133958941,0.60075602292122,0.414478290669743,"RUNDC3A",1
"GO:0050965","detection of temperature stimulus involved in sensory perception of pain","1/377","15/15234",0.0666666666666667,2.69389920424403,2.8197188449848,1.04553354054758,0.313435133958941,0.60075602292122,0.414478290669743,"CARTPT",1
"GO:0051930","regulation of sensory perception of pain","1/377","15/15234",0.0666666666666667,2.69389920424403,2.8197188449848,1.04553354054758,0.313435133958941,0.60075602292122,0.414478290669743,"TMEM100",1
"GO:0051931","regulation of sensory perception","1/377","15/15234",0.0666666666666667,2.69389920424403,2.8197188449848,1.04553354054758,0.313435133958941,0.60075602292122,0.414478290669743,"TMEM100",1
"GO:0060080","inhibitory postsynaptic potential","1/377","15/15234",0.0666666666666667,2.69389920424403,2.8197188449848,1.04553354054758,0.313435133958941,0.60075602292122,0.414478290669743,"RIMS2",1
"GO:0060143","positive regulation of syncytium formation by plasma membrane fusion","1/377","15/15234",0.0666666666666667,2.69389920424403,2.8197188449848,1.04553354054758,0.313435133958941,0.60075602292122,0.414478290669743,"SCGB3A1",1
"GO:0071371","cellular response to gonadotropin stimulus","1/377","15/15234",0.0666666666666667,2.69389920424403,2.8197188449848,1.04553354054758,0.313435133958941,0.60075602292122,0.414478290669743,"WT1",1
"GO:0071880","adenylate cyclase-activating adrenergic receptor signaling pathway","1/377","15/15234",0.0666666666666667,2.69389920424403,2.8197188449848,1.04553354054758,0.313435133958941,0.60075602292122,0.414478290669743,"CHGA",1
"GO:0072574","hepatocyte proliferation","1/377","15/15234",0.0666666666666667,2.69389920424403,2.8197188449848,1.04553354054758,0.313435133958941,0.60075602292122,0.414478290669743,"FGL1",1
"GO:0097400","interleukin-17-mediated signaling pathway","1/377","15/15234",0.0666666666666667,2.69389920424403,2.8197188449848,1.04553354054758,0.313435133958941,0.60075602292122,0.414478290669743,"IL17REL",1
"GO:1900424","regulation of defense response to bacterium","1/377","15/15234",0.0666666666666667,2.69389920424403,2.8197188449848,1.04553354054758,0.313435133958941,0.60075602292122,0.414478290669743,"PGC",1
"GO:1902916","positive regulation of protein polyubiquitination","1/377","15/15234",0.0666666666666667,2.69389920424403,2.8197188449848,1.04553354054758,0.313435133958941,0.60075602292122,0.414478290669743,"HAMP",1
"GO:1904948","midbrain dopaminergic neuron differentiation","1/377","15/15234",0.0666666666666667,2.69389920424403,2.8197188449848,1.04553354054758,0.313435133958941,0.60075602292122,0.414478290669743,"SFRP2",1
"GO:1905209","positive regulation of cardiocyte differentiation","1/377","15/15234",0.0666666666666667,2.69389920424403,2.8197188449848,1.04553354054758,0.313435133958941,0.60075602292122,0.414478290669743,"TBX5",1
"GO:2000622","regulation of nuclear-transcribed mRNA catabolic process, nonsense-mediated decay","1/377","15/15234",0.0666666666666667,2.69389920424403,2.8197188449848,1.04553354054758,0.313435133958941,0.60075602292122,0.414478290669743,"A1CF",1
"GO:0050821","protein stabilization","7/377","223/15234",0.031390134529148,1.26842787643777,1.28236986986987,0.643240038358811,0.315332693380524,0.60075602292122,0.414478290669743,"APOA1/APOA2/AHSP/DSC3/CPN2/A1CF/IGF1",7
"GO:0002011","morphogenesis of an epithelial sheet","2/377","46/15234",0.0434782608695652,1.75689078537654,1.79551515151515,0.818954312350383,0.315677239504001,0.60075602292122,0.414478290669743,"SOX11/MMP12",2
"GO:0002886","regulation of myeloid leukocyte mediated immunity","2/377","46/15234",0.0434782608695652,1.75689078537654,1.79551515151515,0.818954312350383,0.315677239504001,0.60075602292122,0.414478290669743,"ARG1/CD177",2
"GO:0003281","ventricular septum development","2/377","46/15234",0.0434782608695652,1.75689078537654,1.79551515151515,0.818954312350383,0.315677239504001,0.60075602292122,0.414478290669743,"SOX11/TBX5",2
"GO:0006110","regulation of glycolytic process","2/377","46/15234",0.0434782608695652,1.75689078537654,1.79551515151515,0.818954312350383,0.315677239504001,0.60075602292122,0.414478290669743,"TRIM63/IGF1",2
"GO:0006636","unsaturated fatty acid biosynthetic process","2/377","46/15234",0.0434782608695652,1.75689078537654,1.79551515151515,0.818954312350383,0.315677239504001,0.60075602292122,0.414478290669743,"EDN2/AVPR1A",2
"GO:0014855","striated muscle cell proliferation","2/377","46/15234",0.0434782608695652,1.75689078537654,1.79551515151515,0.818954312350383,0.315677239504001,0.60075602292122,0.414478290669743,"RBP4/TBX5",2
"GO:0030811","regulation of nucleotide catabolic process","2/377","46/15234",0.0434782608695652,1.75689078537654,1.79551515151515,0.818954312350383,0.315677239504001,0.60075602292122,0.414478290669743,"TRIM63/IGF1",2
"GO:0033121","regulation of purine nucleotide catabolic process","2/377","46/15234",0.0434782608695652,1.75689078537654,1.79551515151515,0.818954312350383,0.315677239504001,0.60075602292122,0.414478290669743,"TRIM63/IGF1",2
"GO:0045933","positive regulation of muscle contraction","2/377","46/15234",0.0434782608695652,1.75689078537654,1.79551515151515,0.818954312350383,0.315677239504001,0.60075602292122,0.414478290669743,"EDN2/CHGA",2
"GO:0098815","modulation of excitatory postsynaptic potential","2/377","46/15234",0.0434782608695652,1.75689078537654,1.79551515151515,0.818954312350383,0.315677239504001,0.60075602292122,0.414478290669743,"RIMS2/GRIA1",2
"GO:2000243","positive regulation of reproductive process","2/377","46/15234",0.0434782608695652,1.75689078537654,1.79551515151515,0.818954312350383,0.315677239504001,0.60075602292122,0.414478290669743,"DEFB1/WT1",2
"GO:0051592","response to calcium ion","4/377","115/15234",0.0347826086956522,1.40551262830123,1.42463106538174,0.695327817892122,0.317698092090608,0.602857316342236,0.415928031449874,"FGB/FGA/TRPV6/FGG",4
"GO:0071326","cellular response to monosaccharide stimulus","4/377","115/15234",0.0347826086956522,1.40551262830123,1.42463106538174,0.695327817892122,0.317698092090608,0.602857316342236,0.415928031449874,"SLC2A2/CARTPT/NR1H4/PCK1",4
"GO:1903531","negative regulation of secretion by cell","4/377","115/15234",0.0347826086956522,1.40551262830123,1.42463106538174,0.695327817892122,0.317698092090608,0.602857316342236,0.415928031449874,"FGF23/CARTPT/CHGA/SYT4",4
"GO:0043124","negative regulation of canonical NF-kappaB signal transduction","3/377","80/15234",0.0375,1.51531830238727,1.5396902562678,0.736130401285223,0.317734985455921,0.602857316342236,0.415928031449874,"NR1H4/ADIPOQ/ESR1",3
"GO:0086001","cardiac muscle cell action potential","3/377","80/15234",0.0375,1.51531830238727,1.5396902562678,0.736130401285223,0.317734985455921,0.602857316342236,0.415928031449874,"ATP1A2/SCN7A/KCNJ3",3
"GO:1903169","regulation of calcium ion transmembrane transport","4/377","116/15234",0.0344827586206897,1.39339614012622,1.41181539639985,0.67750070743119,0.323312469452467,0.607865995596495,0.419383658587366,"SLN/ATP1A2/F2/TRDN",4
"GO:0097553","calcium ion transmembrane import into cytosol","5/377","152/15234",0.0328947368421053,1.32922658104146,1.34500036573769,0.649807997578491,0.323843435570929,0.607865995596495,0.419383658587366,"ATP1A2/F2/CCL21/TRDN/TRPV6",5
"GO:0044344","cellular response to fibroblast growth factor stimulus","3/377","81/15234",0.037037037037037,1.49661066902446,1.51984779925956,0.713850187379195,0.32453546092262,0.607865995596495,0.419383658587366,"FGF23/FGF21/CXCL13",3
"GO:0051928","positive regulation of calcium ion transport","3/377","81/15234",0.037037037037037,1.49661066902446,1.51984779925956,0.713850187379195,0.32453546092262,0.607865995596495,0.419383658587366,"F2/LPAR3/STRIT1",3
"GO:0002088","lens development in camera-type eye","2/377","47/15234",0.0425531914893617,1.71951013036853,1.7554962962963,0.786950978909869,0.324814424453664,0.607865995596495,0.419383658587366,"UNC45B/SOX11",2
"GO:0038084","vascular endothelial growth factor signaling pathway","2/377","47/15234",0.0425531914893617,1.71951013036853,1.7554962962963,0.786950978909869,0.324814424453664,0.607865995596495,0.419383658587366,"HRG/VTN",2
"GO:0042303","molting cycle","2/377","47/15234",0.0425531914893617,1.71951013036853,1.7554962962963,0.786950978909869,0.324814424453664,0.607865995596495,0.419383658587366,"KRT17/CDH3",2
"GO:0042572","retinol metabolic process","2/377","47/15234",0.0425531914893617,1.71951013036853,1.7554962962963,0.786950978909869,0.324814424453664,0.607865995596495,0.419383658587366,"SDR16C5/RBP4",2
"GO:0042633","hair cycle","2/377","47/15234",0.0425531914893617,1.71951013036853,1.7554962962963,0.786950978909869,0.324814424453664,0.607865995596495,0.419383658587366,"KRT17/CDH3",2
"GO:0060612","adipose tissue development","2/377","47/15234",0.0425531914893617,1.71951013036853,1.7554962962963,0.786950978909869,0.324814424453664,0.607865995596495,0.419383658587366,"NR1H4/HMGCS2",2
"GO:0061756","leukocyte adhesion to vascular endothelial cell","2/377","47/15234",0.0425531914893617,1.71951013036853,1.7554962962963,0.786950978909869,0.324814424453664,0.607865995596495,0.419383658587366,"CCL21/SELE",2
"GO:1990090","cellular response to nerve growth factor stimulus","2/377","47/15234",0.0425531914893617,1.71951013036853,1.7554962962963,0.786950978909869,0.324814424453664,0.607865995596495,0.419383658587366,"LCN2/GRIA1",2
"GO:0048568","embryonic organ development","7/377","226/15234",0.0309734513274336,1.25159033825497,1.26454399605085,0.606994285609867,0.327272241427928,0.607865995596495,0.419383658587366,"SOX11/RBP4/HOXC11/COL2A1/TCF21/PITX2/TBX4",7
"GO:0003228","atrial cardiac muscle tissue development","1/377","16/15234",0.0625,2.52553050397878,2.63156028368794,0.972523113918001,0.330442490191117,0.607865995596495,0.419383658587366,"TBX5",1
"GO:0006206","pyrimidine nucleobase metabolic process","1/377","16/15234",0.0625,2.52553050397878,2.63156028368794,0.972523113918001,0.330442490191117,0.607865995596495,0.419383658587366,"DPYS",1
"GO:0010248","establishment or maintenance of transmembrane electrochemical gradient","1/377","16/15234",0.0625,2.52553050397878,2.63156028368794,0.972523113918001,0.330442490191117,0.607865995596495,0.419383658587366,"ATP1A2",1
"GO:0021854","hypothalamus development","1/377","16/15234",0.0625,2.52553050397878,2.63156028368794,0.972523113918001,0.330442490191117,0.607865995596495,0.419383658587366,"NKX2-1",1
"GO:0033623","regulation of integrin activation","1/377","16/15234",0.0625,2.52553050397878,2.63156028368794,0.972523113918001,0.330442490191117,0.607865995596495,0.419383658587366,"CXCL13",1
"GO:0033865","nucleoside bisphosphate metabolic process","1/377","16/15234",0.0625,2.52553050397878,2.63156028368794,0.972523113918001,0.330442490191117,0.607865995596495,0.419383658587366,"SULT2A1",1
"GO:0033875","ribonucleoside bisphosphate metabolic process","1/377","16/15234",0.0625,2.52553050397878,2.63156028368794,0.972523113918001,0.330442490191117,0.607865995596495,0.419383658587366,"SULT2A1",1
"GO:0034032","purine nucleoside bisphosphate metabolic process","1/377","16/15234",0.0625,2.52553050397878,2.63156028368794,0.972523113918001,0.330442490191117,0.607865995596495,0.419383658587366,"SULT2A1",1
"GO:0034035","purine ribonucleoside bisphosphate metabolic process","1/377","16/15234",0.0625,2.52553050397878,2.63156028368794,0.972523113918001,0.330442490191117,0.607865995596495,0.419383658587366,"SULT2A1",1
"GO:0035332","positive regulation of hippo signaling","1/377","16/15234",0.0625,2.52553050397878,2.63156028368794,0.972523113918001,0.330442490191117,0.607865995596495,0.419383658587366,"SOX11",1
"GO:0035640","exploration behavior","1/377","16/15234",0.0625,2.52553050397878,2.63156028368794,0.972523113918001,0.330442490191117,0.607865995596495,0.419383658587366,"ATP1A2",1
"GO:0042574","retinal metabolic process","1/377","16/15234",0.0625,2.52553050397878,2.63156028368794,0.972523113918001,0.330442490191117,0.607865995596495,0.419383658587366,"SDR16C5",1
"GO:0045618","positive regulation of keratinocyte differentiation","1/377","16/15234",0.0625,2.52553050397878,2.63156028368794,0.972523113918001,0.330442490191117,0.607865995596495,0.419383658587366,"PKP1",1
"GO:0045655","regulation of monocyte differentiation","1/377","16/15234",0.0625,2.52553050397878,2.63156028368794,0.972523113918001,0.330442490191117,0.607865995596495,0.419383658587366,"APCS",1
"GO:0045932","negative regulation of muscle contraction","1/377","16/15234",0.0625,2.52553050397878,2.63156028368794,0.972523113918001,0.330442490191117,0.607865995596495,0.419383658587366,"TNNT1",1
"GO:0046049","UMP metabolic process","1/377","16/15234",0.0625,2.52553050397878,2.63156028368794,0.972523113918001,0.330442490191117,0.607865995596495,0.419383658587366,"DPYS",1
"GO:0046184","aldehyde biosynthetic process","1/377","16/15234",0.0625,2.52553050397878,2.63156028368794,0.972523113918001,0.330442490191117,0.607865995596495,0.419383658587366,"PCK1",1
"GO:0048596","embryonic camera-type eye morphogenesis","1/377","16/15234",0.0625,2.52553050397878,2.63156028368794,0.972523113918001,0.330442490191117,0.607865995596495,0.419383658587366,"SOX11",1
"GO:0048641","regulation of skeletal muscle tissue development","1/377","16/15234",0.0625,2.52553050397878,2.63156028368794,0.972523113918001,0.330442490191117,0.607865995596495,0.419383658587366,"MYF6",1
"GO:0050427","3'-phosphoadenosine 5'-phosphosulfate metabolic process","1/377","16/15234",0.0625,2.52553050397878,2.63156028368794,0.972523113918001,0.330442490191117,0.607865995596495,0.419383658587366,"SULT2A1",1
"GO:0050746","regulation of lipoprotein metabolic process","1/377","16/15234",0.0625,2.52553050397878,2.63156028368794,0.972523113918001,0.330442490191117,0.607865995596495,0.419383658587366,"APOD",1
"GO:0050961","detection of temperature stimulus involved in sensory perception","1/377","16/15234",0.0625,2.52553050397878,2.63156028368794,0.972523113918001,0.330442490191117,0.607865995596495,0.419383658587366,"CARTPT",1
"GO:0051900","regulation of mitochondrial depolarization","1/377","16/15234",0.0625,2.52553050397878,2.63156028368794,0.972523113918001,0.330442490191117,0.607865995596495,0.419383658587366,"ALB",1
"GO:0051923","sulfation","1/377","16/15234",0.0625,2.52553050397878,2.63156028368794,0.972523113918001,0.330442490191117,0.607865995596495,0.419383658587366,"SULT2A1",1
"GO:0060231","mesenchymal to epithelial transition","1/377","16/15234",0.0625,2.52553050397878,2.63156028368794,0.972523113918001,0.330442490191117,0.607865995596495,0.419383658587366,"WT1",1
"GO:0060766","negative regulation of androgen receptor signaling pathway","1/377","16/15234",0.0625,2.52553050397878,2.63156028368794,0.972523113918001,0.330442490191117,0.607865995596495,0.419383658587366,"TCF21",1
"GO:0061318","renal filtration cell differentiation","1/377","16/15234",0.0625,2.52553050397878,2.63156028368794,0.972523113918001,0.330442490191117,0.607865995596495,0.419383658587366,"WT1",1
"GO:0062009","secondary palate development","1/377","16/15234",0.0625,2.52553050397878,2.63156028368794,0.972523113918001,0.330442490191117,0.607865995596495,0.419383658587366,"SOX11",1
"GO:0070071","proton-transporting two-sector ATPase complex assembly","1/377","16/15234",0.0625,2.52553050397878,2.63156028368794,0.972523113918001,0.330442490191117,0.607865995596495,0.419383658587366,"ALDOB",1
"GO:0071359","cellular response to dsRNA","1/377","16/15234",0.0625,2.52553050397878,2.63156028368794,0.972523113918001,0.330442490191117,0.607865995596495,0.419383658587366,"GRIA1",1
"GO:0072112","podocyte differentiation","1/377","16/15234",0.0625,2.52553050397878,2.63156028368794,0.972523113918001,0.330442490191117,0.607865995596495,0.419383658587366,"WT1",1
"GO:0086014","atrial cardiac muscle cell action potential","1/377","16/15234",0.0625,2.52553050397878,2.63156028368794,0.972523113918001,0.330442490191117,0.607865995596495,0.419383658587366,"KCNJ3",1
"GO:0086026","atrial cardiac muscle cell to AV node cell signaling","1/377","16/15234",0.0625,2.52553050397878,2.63156028368794,0.972523113918001,0.330442490191117,0.607865995596495,0.419383658587366,"KCNJ3",1
"GO:0086066","atrial cardiac muscle cell to AV node cell communication","1/377","16/15234",0.0625,2.52553050397878,2.63156028368794,0.972523113918001,0.330442490191117,0.607865995596495,0.419383658587366,"KCNJ3",1
"GO:0090158","endoplasmic reticulum membrane organization","1/377","16/15234",0.0625,2.52553050397878,2.63156028368794,0.972523113918001,0.330442490191117,0.607865995596495,0.419383658587366,"TRDN",1
"GO:0090336","positive regulation of brown fat cell differentiation","1/377","16/15234",0.0625,2.52553050397878,2.63156028368794,0.972523113918001,0.330442490191117,0.607865995596495,0.419383658587366,"VSTM2A",1
"GO:0098856","intestinal lipid absorption","1/377","16/15234",0.0625,2.52553050397878,2.63156028368794,0.972523113918001,0.330442490191117,0.607865995596495,0.419383658587366,"PRAP1",1
"GO:0140627","ubiquitin-dependent protein catabolic process via the C-end degron rule pathway","1/377","16/15234",0.0625,2.52553050397878,2.63156028368794,0.972523113918001,0.330442490191117,0.607865995596495,0.419383658587366,"PRAME",1
"GO:1902065","response to L-glutamate","1/377","16/15234",0.0625,2.52553050397878,2.63156028368794,0.972523113918001,0.330442490191117,0.607865995596495,0.419383658587366,"GRIA1",1
"GO:0002685","regulation of leukocyte migration","6/377","190/15234",0.0315789473684211,1.2760575177998,1.28966951834056,0.609947634310329,0.330883578137438,0.607865995596495,0.419383658587366,"EDN2/CCL21/CXCL13/APOD/CCL20/SELE",6
"GO:0050851","antigen receptor-mediated signaling pathway","6/377","190/15234",0.0315789473684211,1.2760575177998,1.28966951834056,0.609947634310329,0.330883578137438,0.607865995596495,0.419383658587366,"VTCN1/IGHE/FGL1/IGHA2/IGHG4/IGHA1",6
"GO:0099003","vesicle-mediated transport in synapse","7/377","227/15234",0.0308370044052863,1.24607672443006,1.25871007371007,0.595023829901873,0.331268252321389,0.607865995596495,0.419383658587366,"UNC13A/AP3B2/SYT13/RIMS2/CPLX2/SYT5/SYT4",7
"GO:0048041","focal adhesion assembly","3/377","82/15234",0.0365853658536585,1.47835931940221,1.50050768293508,0.691869234461087,0.331336004559557,0.607865995596495,0.419383658587366,"HRG/ACTN2/APOD",3
"GO:0060041","retina development in camera-type eye","3/377","82/15234",0.0365853658536585,1.47835931940221,1.50050768293508,0.691869234461087,0.331336004559557,0.607865995596495,0.419383658587366,"GPM6A/TFAP2B/RBP4",3
"GO:0006874","intracellular calcium ion homeostasis","5/377","154/15234",0.0324675324675325,1.31196389817079,1.32676625532222,0.619814686439917,0.33362086706518,0.609071114775754,0.420215103830384,"CARTPT/EDN2/F2/TRDN/CNR1",5
"GO:0034332","adherens junction organization","2/377","48/15234",0.0416666666666667,1.68368700265252,1.71721739130435,0.755708103373403,0.333919722210181,0.609071114775754,0.420215103830384,"CDH3/CDH7",2
"GO:0046148","pigment biosynthetic process","2/377","48/15234",0.0416666666666667,1.68368700265252,1.71721739130435,0.755708103373403,0.333919722210181,0.609071114775754,0.420215103830384,"CDH3/ALB",2
"GO:0048844","artery morphogenesis","2/377","48/15234",0.0416666666666667,1.68368700265252,1.71721739130435,0.755708103373403,0.333919722210181,0.609071114775754,0.420215103830384,"LRP2/TFAP2B",2
"GO:0051480","regulation of cytosolic calcium ion concentration","2/377","48/15234",0.0416666666666667,1.68368700265252,1.71721739130435,0.755708103373403,0.333919722210181,0.609071114775754,0.420215103830384,"F2/CNR1",2
"GO:0070050","neuron cellular homeostasis","2/377","48/15234",0.0416666666666667,1.68368700265252,1.71721739130435,0.755708103373403,0.333919722210181,0.609071114775754,0.420215103830384,"CHRNA1/CNR1",2
"GO:0072078","nephron tubule morphogenesis","2/377","48/15234",0.0416666666666667,1.68368700265252,1.71721739130435,0.755708103373403,0.333919722210181,0.609071114775754,0.420215103830384,"TCF21/WT1",2
"GO:0086009","membrane repolarization","2/377","48/15234",0.0416666666666667,1.68368700265252,1.71721739130435,0.755708103373403,0.333919722210181,0.609071114775754,0.420215103830384,"ATP1A2/KCNJ3",2
"GO:0120009","intermembrane lipid transfer","2/377","48/15234",0.0416666666666667,1.68368700265252,1.71721739130435,0.755708103373403,0.333919722210181,0.609071114775754,0.420215103830384,"FABP1/CIDEC",2
"GO:0120163","negative regulation of cold-induced thermogenesis","2/377","48/15234",0.0416666666666667,1.68368700265252,1.71721739130435,0.755708103373403,0.333919722210181,0.609071114775754,0.420215103830384,"ADIPOQ/HOXC10",2
"GO:0009132","nucleoside diphosphate metabolic process","4/377","118/15234",0.0338983050847458,1.36977925639527,1.38685856732985,0.642337003307317,0.334560513028627,0.609887994050456,0.42077869156408,"ALDOB/TRIM63/OGDHL/IGF1",4
"GO:0051453","regulation of intracellular pH","3/377","83/15234",0.036144578313253,1.46054776133713,1.48165106951872,0.670179142001448,0.338134506058589,0.612143235838706,0.422334645604949,"AVPR1A/SLC4A1/SLC4A10",3
"GO:0090092","regulation of transmembrane receptor protein serine/threonine kinase signaling pathway","7/377","229/15234",0.0305676855895196,1.23519395827783,1.24719990260531,0.571246743144764,0.339281678784651,0.612143235838706,0.422334645604949,"LRP2/SOX11/NKX2-1/TFAP2B/GREM2/CDH3/CHRDL1",7
"GO:0002065","columnar/cuboidal epithelial cell differentiation","2/377","49/15234",0.0408163265306122,1.64932604341471,1.68056737588652,0.725189151165779,0.342989121409674,0.612143235838706,0.422334645604949,"SOX11/PKP1",2
"GO:0008585","female gonad development","2/377","49/15234",0.0408163265306122,1.64932604341471,1.68056737588652,0.725189151165779,0.342989121409674,0.612143235838706,0.422334645604949,"CGA/WT1",2
"GO:0032387","negative regulation of intracellular transport","2/377","49/15234",0.0408163265306122,1.64932604341471,1.68056737588652,0.725189151165779,0.342989121409674,0.612143235838706,0.422334645604949,"SLN/APOD",2
"GO:0043030","regulation of macrophage activation","2/377","49/15234",0.0408163265306122,1.64932604341471,1.68056737588652,0.725189151165779,0.342989121409674,0.612143235838706,0.422334645604949,"IL1RL1/LBP",2
"GO:0050805","negative regulation of synaptic transmission","2/377","49/15234",0.0408163265306122,1.64932604341471,1.68056737588652,0.725189151165779,0.342989121409674,0.612143235838706,0.422334645604949,"GRIK3/ADIPOQ",2
"GO:0051965","positive regulation of synapse assembly","2/377","49/15234",0.0408163265306122,1.64932604341471,1.68056737588652,0.725189151165779,0.342989121409674,0.612143235838706,0.422334645604949,"SLITRK6/LRRC15",2
"GO:0060411","cardiac septum morphogenesis","2/377","49/15234",0.0408163265306122,1.64932604341471,1.68056737588652,0.725189151165779,0.342989121409674,0.612143235838706,0.422334645604949,"LRP2/SOX11",2
"GO:1905517","macrophage migration","2/377","49/15234",0.0408163265306122,1.64932604341471,1.68056737588652,0.725189151165779,0.342989121409674,0.612143235838706,0.422334645604949,"SAA1/EDN2",2
"GO:2001244","positive regulation of intrinsic apoptotic signaling pathway","2/377","49/15234",0.0408163265306122,1.64932604341471,1.68056737588652,0.725189151165779,0.342989121409674,0.612143235838706,0.422334645604949,"S100A8/VNN1",2
"GO:0001959","regulation of cytokine-mediated signaling pathway","5/377","156/15234",0.032051282051282,1.29514384819425,1.30901516769921,0.590230978163807,0.343424537616946,0.612143235838706,0.422334645604949,"NR1H4/ARG1/APOA1/ADIPOQ/MMP12",5
"GO:0051963","regulation of synapse assembly","5/377","156/15234",0.032051282051282,1.29514384819425,1.30901516769921,0.590230978163807,0.343424537616946,0.612143235838706,0.422334645604949,"SLITRK6/CHRNB2/LRRC15/MUSK/NEGR1",5
"GO:0006470","protein dephosphorylation","3/377","84/15234",0.0357142857142857,1.44316028798787,1.46326005149535,0.648771848937667,0.344928908173634,0.612143235838706,0.422334645604949,"PTPRT/DUSP26/DUSP13B",3
"GO:0072009","nephron epithelium development","3/377","84/15234",0.0357142857142857,1.44316028798787,1.46326005149535,0.648771848937667,0.344928908173634,0.612143235838706,0.422334645604949,"TFAP2B/TCF21/WT1",3
"GO:0001501","skeletal system development","9/377","306/15234",0.0294117647058824,1.18848494304884,1.19894598155468,0.530559868883839,0.346636152752794,0.612143235838706,0.422334645604949,"AHSG/SOX11/LTF/RBP4/HOXC11/COL2A1/PITX2/TBX4/IGF1",9
"GO:0001963","synaptic transmission, dopaminergic","1/377","17/15234",0.0588235294117647,2.37696988609767,2.46692154255319,0.904861723054593,0.347029635755445,0.612143235838706,0.422334645604949,"CHRNB2",1
"GO:0002281","macrophage activation involved in immune response","1/377","17/15234",0.0588235294117647,2.37696988609767,2.46692154255319,0.904861723054593,0.347029635755445,0.612143235838706,0.422334645604949,"LBP",1
"GO:0003159","morphogenesis of an endothelium","1/377","17/15234",0.0588235294117647,2.37696988609767,2.46692154255319,0.904861723054593,0.347029635755445,0.612143235838706,0.422334645604949,"LCN2",1
"GO:0007588","excretion","1/377","17/15234",0.0588235294117647,2.37696988609767,2.46692154255319,0.904861723054593,0.347029635755445,0.612143235838706,0.422334645604949,"CHRNB2",1
"GO:0008090","retrograde axonal transport","1/377","17/15234",0.0588235294117647,2.37696988609767,2.46692154255319,0.904861723054593,0.347029635755445,0.612143235838706,0.422334645604949,"KIF1A",1
"GO:0009158","ribonucleoside monophosphate catabolic process","1/377","17/15234",0.0588235294117647,2.37696988609767,2.46692154255319,0.904861723054593,0.347029635755445,0.612143235838706,0.422334645604949,"DPYS",1
"GO:0009159","deoxyribonucleoside monophosphate catabolic process","1/377","17/15234",0.0588235294117647,2.37696988609767,2.46692154255319,0.904861723054593,0.347029635755445,0.612143235838706,0.422334645604949,"DPYS",1
"GO:0009173","pyrimidine ribonucleoside monophosphate metabolic process","1/377","17/15234",0.0588235294117647,2.37696988609767,2.46692154255319,0.904861723054593,0.347029635755445,0.612143235838706,0.422334645604949,"DPYS",1
"GO:0009435","NAD+ biosynthetic process","1/377","17/15234",0.0588235294117647,2.37696988609767,2.46692154255319,0.904861723054593,0.347029635755445,0.612143235838706,0.422334645604949,"NMNAT2",1
"GO:0009713","catechol-containing compound biosynthetic process","1/377","17/15234",0.0588235294117647,2.37696988609767,2.46692154255319,0.904861723054593,0.347029635755445,0.612143235838706,0.422334645604949,"PAH",1
"GO:0010092","specification of animal organ identity","1/377","17/15234",0.0588235294117647,2.37696988609767,2.46692154255319,0.904861723054593,0.347029635755445,0.612143235838706,0.422334645604949,"LRP2",1
"GO:0010310","regulation of hydrogen peroxide metabolic process","1/377","17/15234",0.0588235294117647,2.37696988609767,2.46692154255319,0.904861723054593,0.347029635755445,0.612143235838706,0.422334645604949,"HP",1
"GO:0010544","negative regulation of platelet activation","1/377","17/15234",0.0588235294117647,2.37696988609767,2.46692154255319,0.904861723054593,0.347029635755445,0.612143235838706,0.422334645604949,"F2",1
"GO:0010829","negative regulation of D-glucose transmembrane transport","1/377","17/15234",0.0588235294117647,2.37696988609767,2.46692154255319,0.904861723054593,0.347029635755445,0.612143235838706,0.422334645604949,"CARTPT",1
"GO:0010885","regulation of cholesterol storage","1/377","17/15234",0.0588235294117647,2.37696988609767,2.46692154255319,0.904861723054593,0.347029635755445,0.612143235838706,0.422334645604949,"APOB",1
"GO:0014829","vascular associated smooth muscle contraction","1/377","17/15234",0.0588235294117647,2.37696988609767,2.46692154255319,0.904861723054593,0.347029635755445,0.612143235838706,0.422334645604949,"EDN2",1
"GO:0016048","detection of temperature stimulus","1/377","17/15234",0.0588235294117647,2.37696988609767,2.46692154255319,0.904861723054593,0.347029635755445,0.612143235838706,0.422334645604949,"CARTPT",1
"GO:0032095","regulation of response to food","1/377","17/15234",0.0588235294117647,2.37696988609767,2.46692154255319,0.904861723054593,0.347029635755445,0.612143235838706,0.422334645604949,"CARTPT",1
"GO:0032328","alanine transport","1/377","17/15234",0.0588235294117647,2.37696988609767,2.46692154255319,0.904861723054593,0.347029635755445,0.612143235838706,0.422334645604949,"SLC38A4",1
"GO:0032486","Rap protein signal transduction","1/377","17/15234",0.0588235294117647,2.37696988609767,2.46692154255319,0.904861723054593,0.347029635755445,0.612143235838706,0.422334645604949,"CXCL13",1
"GO:0042104","positive regulation of activated T cell proliferation","1/377","17/15234",0.0588235294117647,2.37696988609767,2.46692154255319,0.904861723054593,0.347029635755445,0.612143235838706,0.422334645604949,"IGF1",1
"GO:0042423","catecholamine biosynthetic process","1/377","17/15234",0.0588235294117647,2.37696988609767,2.46692154255319,0.904861723054593,0.347029635755445,0.612143235838706,0.422334645604949,"PAH",1
"GO:0043455","regulation of secondary metabolic process","1/377","17/15234",0.0588235294117647,2.37696988609767,2.46692154255319,0.904861723054593,0.347029635755445,0.612143235838706,0.422334645604949,"CDH3",1
"GO:0045762","positive regulation of adenylate cyclase activity","1/377","17/15234",0.0588235294117647,2.37696988609767,2.46692154255319,0.904861723054593,0.347029635755445,0.612143235838706,0.422334645604949,"ADCYAP1",1
"GO:0046851","negative regulation of bone remodeling","1/377","17/15234",0.0588235294117647,2.37696988609767,2.46692154255319,0.904861723054593,0.347029635755445,0.612143235838706,0.422334645604949,"CARTPT",1
"GO:0048021","regulation of melanin biosynthetic process","1/377","17/15234",0.0588235294117647,2.37696988609767,2.46692154255319,0.904861723054593,0.347029635755445,0.612143235838706,0.422334645604949,"CDH3",1
"GO:0048245","eosinophil chemotaxis","1/377","17/15234",0.0588235294117647,2.37696988609767,2.46692154255319,0.904861723054593,0.347029635755445,0.612143235838706,0.422334645604949,"CCL21",1
"GO:0050685","positive regulation of mRNA processing","1/377","17/15234",0.0588235294117647,2.37696988609767,2.46692154255319,0.904861723054593,0.347029635755445,0.612143235838706,0.422334645604949,"CELF3",1
"GO:0051438","regulation of ubiquitin-protein transferase activity","1/377","17/15234",0.0588235294117647,2.37696988609767,2.46692154255319,0.904861723054593,0.347029635755445,0.612143235838706,0.422334645604949,"MAGEC2",1
"GO:0051580","regulation of neurotransmitter uptake","1/377","17/15234",0.0588235294117647,2.37696988609767,2.46692154255319,0.904861723054593,0.347029635755445,0.612143235838706,0.422334645604949,"ATP1A2",1
"GO:0060340","positive regulation of type I interferon-mediated signaling pathway","1/377","17/15234",0.0588235294117647,2.37696988609767,2.46692154255319,0.904861723054593,0.347029635755445,0.612143235838706,0.422334645604949,"MMP12",1
"GO:0061154","endothelial tube morphogenesis","1/377","17/15234",0.0588235294117647,2.37696988609767,2.46692154255319,0.904861723054593,0.347029635755445,0.612143235838706,0.422334645604949,"LCN2",1
"GO:0070875","positive regulation of glycogen metabolic process","1/377","17/15234",0.0588235294117647,2.37696988609767,2.46692154255319,0.904861723054593,0.347029635755445,0.612143235838706,0.422334645604949,"IGF1",1
"GO:0070886","positive regulation of calcineurin-NFAT signaling cascade","1/377","17/15234",0.0588235294117647,2.37696988609767,2.46692154255319,0.904861723054593,0.347029635755445,0.612143235838706,0.422334645604949,"IGF1",1
"GO:0071549","cellular response to dexamethasone stimulus","1/377","17/15234",0.0588235294117647,2.37696988609767,2.46692154255319,0.904861723054593,0.347029635755445,0.612143235838706,0.422334645604949,"PCK1",1
"GO:0072311","glomerular epithelial cell differentiation","1/377","17/15234",0.0588235294117647,2.37696988609767,2.46692154255319,0.904861723054593,0.347029635755445,0.612143235838706,0.422334645604949,"WT1",1
"GO:0098801","regulation of renal system process","1/377","17/15234",0.0588235294117647,2.37696988609767,2.46692154255319,0.904861723054593,0.347029635755445,0.612143235838706,0.422334645604949,"ADIPOQ",1
"GO:0098915","membrane repolarization during ventricular cardiac muscle cell action potential","1/377","17/15234",0.0588235294117647,2.37696988609767,2.46692154255319,0.904861723054593,0.347029635755445,0.612143235838706,0.422334645604949,"KCNJ3",1
"GO:0098974","postsynaptic actin cytoskeleton organization","1/377","17/15234",0.0588235294117647,2.37696988609767,2.46692154255319,0.904861723054593,0.347029635755445,0.612143235838706,0.422334645604949,"ACTN2",1
"GO:0106058","positive regulation of calcineurin-mediated signaling","1/377","17/15234",0.0588235294117647,2.37696988609767,2.46692154255319,0.904861723054593,0.347029635755445,0.612143235838706,0.422334645604949,"IGF1",1
"GO:1900376","regulation of secondary metabolite biosynthetic process","1/377","17/15234",0.0588235294117647,2.37696988609767,2.46692154255319,0.904861723054593,0.347029635755445,0.612143235838706,0.422334645604949,"CDH3",1
"GO:1990822","basic amino acid transmembrane transport","1/377","17/15234",0.0588235294117647,2.37696988609767,2.46692154255319,0.904861723054593,0.347029635755445,0.612143235838706,0.422334645604949,"SLC38A4",1
"GO:0031667","response to nutrient levels","12/377","421/15234",0.0285035629453682,1.1517858830497,1.16137589175068,0.503093553632886,0.349798852737955,0.616683866985319,0.425467353333885,"FGF23/CARTPT/G6PC1/NR1H4/ASCL1/LCN2/PCK1/SFRP2/GC/HMGCS2/GRIA1/ALB",12
"GO:0071675","regulation of mononuclear cell migration","4/377","121/15234",0.0330578512396694,1.33581778722845,1.35102312046012,0.590770599734887,0.351461906887094,0.617498065644352,0.426029091636267,"CCL21/CXCL13/APOD/CCL20",4
"GO:0002367","cytokine production involved in immune response","3/377","85/15234",0.0352941176470588,1.42618193165861,1.44531759488718,0.627639615991791,0.351717206648045,0.617498065644352,0.426029091636267,"ARG1/APOA1/APOA2",3
"GO:0002718","regulation of cytokine production involved in immune response","3/377","85/15234",0.0352941176470588,1.42618193165861,1.44531759488718,0.627639615991791,0.351717206648045,0.617498065644352,0.426029091636267,"ARG1/APOA1/APOA2",3
"GO:0022406","membrane docking","3/377","85/15234",0.0352941176470588,1.42618193165861,1.44531759488718,0.627639615991791,0.351717206648045,0.617498065644352,0.426029091636267,"UNC13A/RIMS2/CPLX2",3
"GO:1901879","regulation of protein depolymerization","3/377","85/15234",0.0352941176470588,1.42618193165861,1.44531759488718,0.627639615991791,0.351717206648045,0.617498065644352,0.426029091636267,"SLN/ACTN2/SPTA1",3
"GO:0009395","phospholipid catabolic process","2/377","50/15234",0.04,1.61633952254642,1.64544444444444,0.695360083341189,0.352018827678305,0.617498065644352,0.426029091636267,"APOA2/APOC2",2
"GO:0072028","nephron morphogenesis","2/377","50/15234",0.04,1.61633952254642,1.64544444444444,0.695360083341189,0.352018827678305,0.617498065644352,0.426029091636267,"TCF21/WT1",2
"GO:0072088","nephron epithelium morphogenesis","2/377","50/15234",0.04,1.61633952254642,1.64544444444444,0.695360083341189,0.352018827678305,0.617498065644352,0.426029091636267,"TCF21/WT1",2
"GO:0072089","stem cell proliferation","2/377","50/15234",0.04,1.61633952254642,1.64544444444444,0.695360083341189,0.352018827678305,0.617498065644352,0.426029091636267,"SOX11/SFRP2",2
"GO:0034612","response to tumor necrosis factor","6/377","195/15234",0.0307692307692308,1.24333809426648,1.25512343302101,0.544773235840735,0.352866191313606,0.618641170683477,0.426817751599039,"NR1H4/UBD/APOA1/ADIPOQ/LCN2/SELE",6
"GO:0007178","cell surface receptor protein serine/threonine kinase signaling pathway","9/377","308/15234",0.0292207792207792,1.18076750835372,1.19076268721826,0.510530680126574,0.353622114331416,0.619254095702619,0.427240625618692,"LRP2/SOX11/NKX2-1/TFAP2B/GREM2/HJV/CDH3/CHRDL1/TMEM100",9
"GO:1901136","carbohydrate derivative catabolic process","7/377","233/15234",0.0300429184549356,1.21398891178379,1.22479071992346,0.524332719699544,0.355381028732547,0.619254095702619,0.427240625618692,"DPYS/ALDOB/TRIM63/OGDHL/MMP12/CHI3L2/IGF1",7
"GO:0071322","cellular response to carbohydrate stimulus","4/377","122/15234",0.0327868852459016,1.32486846110362,1.33948289180715,0.573884279930397,0.357098617702641,0.619254095702619,0.427240625618692,"SLC2A2/CARTPT/NR1H4/PCK1",4
"GO:0072524","pyridine-containing compound metabolic process","5/377","159/15234",0.0314465408805031,1.27070717181322,1.2832530372853,0.546597319833037,0.358164591758135,0.619254095702619,0.427240625618692,"ALDOB/TRIM63/OGDHL/NMNAT2/IGF1",5
"GO:0002690","positive regulation of leukocyte chemotaxis","3/377","86/15234",0.0348837209302326,1.40959842082537,1.42780748663102,0.606775009108488,0.358497450082579,0.619254095702619,0.427240625618692,"EDN2/CCL21/CXCL13",3
"GO:0030641","regulation of cellular pH","3/377","86/15234",0.0348837209302326,1.40959842082537,1.42780748663102,0.606775009108488,0.358497450082579,0.619254095702619,0.427240625618692,"AVPR1A/SLC4A1/SLC4A10",3
"GO:0071677","positive regulation of mononuclear cell migration","3/377","86/15234",0.0348837209302326,1.40959842082537,1.42780748663102,0.606775009108488,0.358497450082579,0.619254095702619,0.427240625618692,"CCL21/CXCL13/CCL20",3
"GO:0015804","neutral amino acid transport","2/377","51/15234",0.0392156862745098,1.58464659073178,1.61175510204082,0.666189138967823,0.361005255398418,0.619254095702619,0.427240625618692,"SLC38A4/SLC1A2",2
"GO:0030858","positive regulation of epithelial cell differentiation","2/377","51/15234",0.0392156862745098,1.58464659073178,1.61175510204082,0.666189138967823,0.361005255398418,0.619254095702619,0.427240625618692,"PKP1/TMEM100",2
"GO:0045670","regulation of osteoclast differentiation","2/377","51/15234",0.0392156862745098,1.58464659073178,1.61175510204082,0.666189138967823,0.361005255398418,0.619254095702619,0.427240625618692,"CARTPT/LTF",2
"GO:0046545","development of primary female sexual characteristics","2/377","51/15234",0.0392156862745098,1.58464659073178,1.61175510204082,0.666189138967823,0.361005255398418,0.619254095702619,0.427240625618692,"CGA/WT1",2
"GO:0061333","renal tubule morphogenesis","2/377","51/15234",0.0392156862745098,1.58464659073178,1.61175510204082,0.666189138967823,0.361005255398418,0.619254095702619,0.427240625618692,"TCF21/WT1",2
"GO:0006195","purine nucleotide catabolic process","4/377","123/15234",0.032520325203252,1.31409717280197,1.32813661657693,0.557144457786403,0.362734795667207,0.619254095702619,0.427240625618692,"ALDOB/TRIM63/OGDHL/IGF1",4
"GO:0002440","production of molecular mediator of immune response","5/377","160/15234",0.03125,1.26276525198939,1.27488727020465,0.532244894267878,0.363083873909575,0.619254095702619,0.427240625618692,"ARG1/PGC/APOA1/RBP4/APOA2",5
"GO:0060560","developmental growth involved in morphogenesis","5/377","160/15234",0.03125,1.26276525198939,1.27488727020465,0.532244894267878,0.363083873909575,0.619254095702619,0.427240625618692,"UNC13A/DCLK1/EDN2/RIMS2/SYT4",5
"GO:0006071","glycerol metabolic process","1/377","18/15234",0.0555555555555556,2.24491600353669,2.32165206508135,0.841829008739849,0.363206926109667,0.619254095702619,0.427240625618692,"PCK1",1
"GO:0006098","pentose-phosphate shunt","1/377","18/15234",0.0555555555555556,2.24491600353669,2.32165206508135,0.841829008739849,0.363206926109667,0.619254095702619,0.427240625618692,"ALDOB",1
"GO:0006144","purine nucleobase metabolic process","1/377","18/15234",0.0555555555555556,2.24491600353669,2.32165206508135,0.841829008739849,0.363206926109667,0.619254095702619,0.427240625618692,"TTR",1
"GO:0007617","mating behavior","1/377","18/15234",0.0555555555555556,2.24491600353669,2.32165206508135,0.841829008739849,0.363206926109667,0.619254095702619,0.427240625618692,"AVPR1A",1
"GO:0014819","regulation of skeletal muscle contraction","1/377","18/15234",0.0555555555555556,2.24491600353669,2.32165206508135,0.841829008739849,0.363206926109667,0.619254095702619,0.427240625618692,"STRIT1",1
"GO:0015810","aspartate transmembrane transport","1/377","18/15234",0.0555555555555556,2.24491600353669,2.32165206508135,0.841829008739849,0.363206926109667,0.619254095702619,0.427240625618692,"SLC1A2",1
"GO:0015936","coenzyme A metabolic process","1/377","18/15234",0.0555555555555556,2.24491600353669,2.32165206508135,0.841829008739849,0.363206926109667,0.619254095702619,0.427240625618692,"VNN1",1
"GO:0021696","cerebellar cortex morphogenesis","1/377","18/15234",0.0555555555555556,2.24491600353669,2.32165206508135,0.841829008739849,0.363206926109667,0.619254095702619,0.427240625618692,"KNDC1",1
"GO:0021988","olfactory lobe development","1/377","18/15234",0.0555555555555556,2.24491600353669,2.32165206508135,0.841829008739849,0.363206926109667,0.619254095702619,0.427240625618692,"ATP1A2",1
"GO:0030850","prostate gland development","1/377","18/15234",0.0555555555555556,2.24491600353669,2.32165206508135,0.841829008739849,0.363206926109667,0.619254095702619,0.427240625618692,"HOXB13",1
"GO:0031076","embryonic camera-type eye development","1/377","18/15234",0.0555555555555556,2.24491600353669,2.32165206508135,0.841829008739849,0.363206926109667,0.619254095702619,0.427240625618692,"SOX11",1
"GO:0033081","regulation of T cell differentiation in thymus","1/377","18/15234",0.0555555555555556,2.24491600353669,2.32165206508135,0.841829008739849,0.363206926109667,0.619254095702619,0.427240625618692,"VNN1",1
"GO:0033275","actin-myosin filament sliding","1/377","18/15234",0.0555555555555556,2.24491600353669,2.32165206508135,0.841829008739849,0.363206926109667,0.619254095702619,0.427240625618692,"ACTC1",1
"GO:0036376","sodium ion export across plasma membrane","1/377","18/15234",0.0555555555555556,2.24491600353669,2.32165206508135,0.841829008739849,0.363206926109667,0.619254095702619,0.427240625618692,"ATP1A2",1
"GO:0042953","lipoprotein transport","1/377","18/15234",0.0555555555555556,2.24491600353669,2.32165206508135,0.841829008739849,0.363206926109667,0.619254095702619,0.427240625618692,"APOB",1
"GO:0043407","negative regulation of MAP kinase activity","1/377","18/15234",0.0555555555555556,2.24491600353669,2.32165206508135,0.841829008739849,0.363206926109667,0.619254095702619,0.427240625618692,"ADIPOQ",1
"GO:0043651","linoleic acid metabolic process","1/377","18/15234",0.0555555555555556,2.24491600353669,2.32165206508135,0.841829008739849,0.363206926109667,0.619254095702619,0.427240625618692,"CYP4A11",1
"GO:0045717","negative regulation of fatty acid biosynthetic process","1/377","18/15234",0.0555555555555556,2.24491600353669,2.32165206508135,0.841829008739849,0.363206926109667,0.619254095702619,0.427240625618692,"APOC3",1
"GO:0045822","negative regulation of heart contraction","1/377","18/15234",0.0555555555555556,2.24491600353669,2.32165206508135,0.841829008739849,0.363206926109667,0.619254095702619,0.427240625618692,"ATP1A2",1
"GO:0045842","positive regulation of mitotic metaphase/anaphase transition","1/377","18/15234",0.0555555555555556,2.24491600353669,2.32165206508135,0.841829008739849,0.363206926109667,0.619254095702619,0.427240625618692,"PRAP1",1
"GO:0048710","regulation of astrocyte differentiation","1/377","18/15234",0.0555555555555556,2.24491600353669,2.32165206508135,0.841829008739849,0.363206926109667,0.619254095702619,0.427240625618692,"F2",1
"GO:0050765","negative regulation of phagocytosis","1/377","18/15234",0.0555555555555556,2.24491600353669,2.32165206508135,0.841829008739849,0.363206926109667,0.619254095702619,0.427240625618692,"ADIPOQ",1
"GO:0051349","positive regulation of lyase activity","1/377","18/15234",0.0555555555555556,2.24491600353669,2.32165206508135,0.841829008739849,0.363206926109667,0.619254095702619,0.427240625618692,"ADCYAP1",1
"GO:0051895","negative regulation of focal adhesion assembly","1/377","18/15234",0.0555555555555556,2.24491600353669,2.32165206508135,0.841829008739849,0.363206926109667,0.619254095702619,0.427240625618692,"APOD",1
"GO:0060428","lung epithelium development","1/377","18/15234",0.0555555555555556,2.24491600353669,2.32165206508135,0.841829008739849,0.363206926109667,0.619254095702619,0.427240625618692,"ASCL1",1
"GO:0071071","regulation of phospholipid biosynthetic process","1/377","18/15234",0.0555555555555556,2.24491600353669,2.32165206508135,0.841829008739849,0.363206926109667,0.619254095702619,0.427240625618692,"NR1H4",1
"GO:0071425","hematopoietic stem cell proliferation","1/377","18/15234",0.0555555555555556,2.24491600353669,2.32165206508135,0.841829008739849,0.363206926109667,0.619254095702619,0.427240625618692,"SFRP2",1
"GO:0072207","metanephric epithelium development","1/377","18/15234",0.0555555555555556,2.24491600353669,2.32165206508135,0.841829008739849,0.363206926109667,0.619254095702619,0.427240625618692,"WT1",1
"GO:0072273","metanephric nephron morphogenesis","1/377","18/15234",0.0555555555555556,2.24491600353669,2.32165206508135,0.841829008739849,0.363206926109667,0.619254095702619,0.427240625618692,"WT1",1
"GO:0090201","negative regulation of release of cytochrome c from mitochondria","1/377","18/15234",0.0555555555555556,2.24491600353669,2.32165206508135,0.841829008739849,0.363206926109667,0.619254095702619,0.427240625618692,"IGF1",1
"GO:0141005","transposable element silencing by heterochromatin formation","1/377","18/15234",0.0555555555555556,2.24491600353669,2.32165206508135,0.841829008739849,0.363206926109667,0.619254095702619,0.427240625618692,"TDRD1",1
"GO:1902430","negative regulation of amyloid-beta formation","1/377","18/15234",0.0555555555555556,2.24491600353669,2.32165206508135,0.841829008739849,0.363206926109667,0.619254095702619,0.427240625618692,"IGF1",1
"GO:1903019","negative regulation of glycoprotein metabolic process","1/377","18/15234",0.0555555555555556,2.24491600353669,2.32165206508135,0.841829008739849,0.363206926109667,0.619254095702619,0.427240625618692,"APCS",1
"GO:1903306","negative regulation of regulated secretory pathway","1/377","18/15234",0.0555555555555556,2.24491600353669,2.32165206508135,0.841829008739849,0.363206926109667,0.619254095702619,0.427240625618692,"SYT4",1
"GO:1903318","negative regulation of protein maturation","1/377","18/15234",0.0555555555555556,2.24491600353669,2.32165206508135,0.841829008739849,0.363206926109667,0.619254095702619,0.427240625618692,"FGA",1
"GO:1903428","positive regulation of reactive oxygen species biosynthetic process","1/377","18/15234",0.0555555555555556,2.24491600353669,2.32165206508135,0.841829008739849,0.363206926109667,0.619254095702619,0.427240625618692,"LCN2",1
"GO:0006906","vesicle fusion","4/377","124/15234",0.032258064516129,1.30349961495679,1.31697944593387,0.54054840388071,0.368369276549532,0.626703596971513,0.432380243757282,"SYT13/CPLX2/SYT5/SYT4",4
"GO:0030518","nuclear receptor-mediated steroid hormone signaling pathway","4/377","124/15234",0.032258064516129,1.30349961495679,1.31697944593387,0.54054840388071,0.368369276549532,0.626703596971513,0.432380243757282,"SCGB2A2/SCGB2A1/TCF21/ESR1",4
"GO:0042129","regulation of T cell proliferation","4/377","124/15234",0.032258064516129,1.30349961495679,1.31697944593387,0.54054840388071,0.368369276549532,0.626703596971513,0.432380243757282,"ARG1/VTCN1/PLA2G2A/IGF1",4
"GO:0043401","steroid hormone receptor signaling pathway","4/377","124/15234",0.032258064516129,1.30349961495679,1.31697944593387,0.54054840388071,0.368369276549532,0.626703596971513,0.432380243757282,"SCGB2A2/SCGB2A1/TCF21/ESR1",4
"GO:0007492","endoderm development","2/377","52/15234",0.0384615384615385,1.5541726178331,1.57941333333333,0.637646640393157,0.369945019747561,0.627022095132462,0.432599984497773,"HOXC11/VTN",2
"GO:0010543","regulation of platelet activation","2/377","52/15234",0.0384615384615385,1.5541726178331,1.57941333333333,0.637646640393157,0.369945019747561,0.627022095132462,0.432599984497773,"HRG/F2",2
"GO:0030834","regulation of actin filament depolymerization","2/377","52/15234",0.0384615384615385,1.5541726178331,1.57941333333333,0.637646640393157,0.369945019747561,0.627022095132462,0.432599984497773,"ACTN2/SPTA1",2
"GO:0031663","lipopolysaccharide-mediated signaling pathway","2/377","52/15234",0.0384615384615385,1.5541726178331,1.57941333333333,0.637646640393157,0.369945019747561,0.627022095132462,0.432599984497773,"LTF/LBP",2
"GO:0045600","positive regulation of fat cell differentiation","2/377","52/15234",0.0384615384615385,1.5541726178331,1.57941333333333,0.637646640393157,0.369945019747561,0.627022095132462,0.432599984497773,"VSTM2A/SFRP2",2
"GO:0050709","negative regulation of protein secretion","2/377","52/15234",0.0384615384615385,1.5541726178331,1.57941333333333,0.637646640393157,0.369945019747561,0.627022095132462,0.432599984497773,"CHGA/SYT4",2
"GO:0099024","plasma membrane invagination","2/377","52/15234",0.0384615384615385,1.5541726178331,1.57941333333333,0.637646640393157,0.369945019747561,0.627022095132462,0.432599984497773,"XKR7/MARCO",2
"GO:1903037","regulation of leukocyte cell-cell adhesion","9/377","313/15234",0.0287539936102236,1.16190540758129,1.1707755291762,0.461033403104263,0.371164588490456,0.627866816013184,0.433182780929896,"ARG1/VTCN1/CCL21/FGL1/PLA2G2A/PCK1/IGF1/VNN1/SELE",9
"GO:1901655","cellular response to ketone","3/377","88/15234",0.0340909090909091,1.37756209307933,1.3940232777603,0.565820371231723,0.372026229343667,0.627866816013184,0.433182780929896,"CCL21/SCNN1G/PCK1",3
"GO:0033002","muscle cell proliferation","5/377","163/15234",0.0306748466257669,1.23952417373192,1.25042534367769,0.489744934180771,0.377848303545004,0.627866816013184,0.433182780929896,"ADIPOQ/RBP4/TBX5/APOD/IGF1",5
"GO:0007612","learning","3/377","89/15234",0.0337078651685393,1.3620838673144,1.37772043278199,0.545716863249275,0.378771124712032,0.627866816013184,0.433182780929896,"CHRNB2/CARTPT/GRIA1",3
"GO:0031398","positive regulation of protein ubiquitination","3/377","89/15234",0.0337078651685393,1.3620838673144,1.37772043278199,0.545716863249275,0.378771124712032,0.627866816013184,0.433182780929896,"HAMP/KLHL40/MAGEC2",3
"GO:0045445","myoblast differentiation","3/377","89/15234",0.0337078651685393,1.3620838673144,1.37772043278199,0.545716863249275,0.378771124712032,0.627866816013184,0.433182780929896,"KLHL41/IGF1/MYF6",3
"GO:0042446","hormone biosynthetic process","2/377","53/15234",0.0377358490566038,1.52484860617587,1.54833986928105,0.609704818591559,0.378834929001971,0.627866816013184,0.433182780929896,"HSD17B2/CHST8",2
"GO:0048644","muscle organ morphogenesis","2/377","53/15234",0.0377358490566038,1.52484860617587,1.54833986928105,0.609704818591559,0.378834929001971,0.627866816013184,0.433182780929896,"ACTC1/LRP2",2
"GO:0060415","muscle tissue morphogenesis","2/377","53/15234",0.0377358490566038,1.52484860617587,1.54833986928105,0.609704818591559,0.378834929001971,0.627866816013184,0.433182780929896,"ACTC1/LRP2",2
"GO:0180064","protein O-linked glycosylation via xylose","2/377","53/15234",0.0377358490566038,1.52484860617587,1.54833986928105,0.609704818591559,0.378834929001971,0.627866816013184,0.433182780929896,"NDST4/HS6ST3",2
"GO:0001569","branching involved in blood vessel morphogenesis","1/377","19/15234",0.0526315789473684,2.12676252966634,2.19252364066194,0.782836475072506,0.378984462180688,0.627866816013184,0.433182780929896,"SFRP2",1
"GO:0009223","pyrimidine deoxyribonucleotide catabolic process","1/377","19/15234",0.0526315789473684,2.12676252966634,2.19252364066194,0.782836475072506,0.378984462180688,0.627866816013184,0.433182780929896,"DPYS",1
"GO:0010878","cholesterol storage","1/377","19/15234",0.0526315789473684,2.12676252966634,2.19252364066194,0.782836475072506,0.378984462180688,0.627866816013184,0.433182780929896,"APOB",1
"GO:0016338","calcium-independent cell-cell adhesion","1/377","19/15234",0.0526315789473684,2.12676252966634,2.19252364066194,0.782836475072506,0.378984462180688,0.627866816013184,0.433182780929896,"CLDN18",1
"GO:0030813","positive regulation of nucleotide catabolic process","1/377","19/15234",0.0526315789473684,2.12676252966634,2.19252364066194,0.782836475072506,0.378984462180688,0.627866816013184,0.433182780929896,"IGF1",1
"GO:0032261","purine nucleotide salvage","1/377","19/15234",0.0526315789473684,2.12676252966634,2.19252364066194,0.782836475072506,0.378984462180688,0.627866816013184,0.433182780929896,"NMNAT2",1
"GO:0032413","negative regulation of ion transmembrane transporter activity","1/377","19/15234",0.0526315789473684,2.12676252966634,2.19252364066194,0.782836475072506,0.378984462180688,0.627866816013184,0.433182780929896,"SLN",1
"GO:0032781","positive regulation of ATP-dependent activity","1/377","19/15234",0.0526315789473684,2.12676252966634,2.19252364066194,0.782836475072506,0.378984462180688,0.627866816013184,0.433182780929896,"TNNT3",1
"GO:0033123","positive regulation of purine nucleotide catabolic process","1/377","19/15234",0.0526315789473684,2.12676252966634,2.19252364066194,0.782836475072506,0.378984462180688,0.627866816013184,0.433182780929896,"IGF1",1
"GO:0040019","positive regulation of embryonic development","1/377","19/15234",0.0526315789473684,2.12676252966634,2.19252364066194,0.782836475072506,0.378984462180688,0.627866816013184,0.433182780929896,"NLRP2",1
"GO:0044872","lipoprotein localization","1/377","19/15234",0.0526315789473684,2.12676252966634,2.19252364066194,0.782836475072506,0.378984462180688,0.627866816013184,0.433182780929896,"APOB",1
"GO:0045821","positive regulation of glycolytic process","1/377","19/15234",0.0526315789473684,2.12676252966634,2.19252364066194,0.782836475072506,0.378984462180688,0.627866816013184,0.433182780929896,"IGF1",1
"GO:0048490","anterograde synaptic vesicle transport","1/377","19/15234",0.0526315789473684,2.12676252966634,2.19252364066194,0.782836475072506,0.378984462180688,0.627866816013184,0.433182780929896,"AP3B2",1
"GO:0048745","smooth muscle tissue development","1/377","19/15234",0.0526315789473684,2.12676252966634,2.19252364066194,0.782836475072506,0.378984462180688,0.627866816013184,0.433182780929896,"TFAP2B",1
"GO:0050482","arachidonate secretion","1/377","19/15234",0.0526315789473684,2.12676252966634,2.19252364066194,0.782836475072506,0.378984462180688,0.627866816013184,0.433182780929896,"PLA2G2A",1
"GO:0051882","mitochondrial depolarization","1/377","19/15234",0.0526315789473684,2.12676252966634,2.19252364066194,0.782836475072506,0.378984462180688,0.627866816013184,0.433182780929896,"ALB",1
"GO:0070229","negative regulation of lymphocyte apoptotic process","1/377","19/15234",0.0526315789473684,2.12676252966634,2.19252364066194,0.782836475072506,0.378984462180688,0.627866816013184,0.433182780929896,"PIP",1
"GO:0071305","cellular response to vitamin D","1/377","19/15234",0.0526315789473684,2.12676252966634,2.19252364066194,0.782836475072506,0.378984462180688,0.627866816013184,0.433182780929896,"FGF23",1
"GO:0071379","cellular response to prostaglandin stimulus","1/377","19/15234",0.0526315789473684,2.12676252966634,2.19252364066194,0.782836475072506,0.378984462180688,0.627866816013184,0.433182780929896,"CCL21",1
"GO:0072111","cell proliferation involved in kidney development","1/377","19/15234",0.0526315789473684,2.12676252966634,2.19252364066194,0.782836475072506,0.378984462180688,0.627866816013184,0.433182780929896,"WT1",1
"GO:0086012","membrane depolarization during cardiac muscle cell action potential","1/377","19/15234",0.0526315789473684,2.12676252966634,2.19252364066194,0.782836475072506,0.378984462180688,0.627866816013184,0.433182780929896,"ATP1A2",1
"GO:0099514","synaptic vesicle cytoskeletal transport","1/377","19/15234",0.0526315789473684,2.12676252966634,2.19252364066194,0.782836475072506,0.378984462180688,0.627866816013184,0.433182780929896,"AP3B2",1
"GO:0099517","synaptic vesicle transport along microtubule","1/377","19/15234",0.0526315789473684,2.12676252966634,2.19252364066194,0.782836475072506,0.378984462180688,0.627866816013184,0.433182780929896,"AP3B2",1
"GO:0150118","negative regulation of cell-substrate junction organization","1/377","19/15234",0.0526315789473684,2.12676252966634,2.19252364066194,0.782836475072506,0.378984462180688,0.627866816013184,0.433182780929896,"APOD",1
"GO:1900273","positive regulation of long-term synaptic potentiation","1/377","19/15234",0.0526315789473684,2.12676252966634,2.19252364066194,0.782836475072506,0.378984462180688,0.627866816013184,0.433182780929896,"MME",1
"GO:1901569","fatty acid derivative catabolic process","1/377","19/15234",0.0526315789473684,2.12676252966634,2.19252364066194,0.782836475072506,0.378984462180688,0.627866816013184,0.433182780929896,"CYP4A11",1
"GO:1902074","response to salt","1/377","19/15234",0.0526315789473684,2.12676252966634,2.19252364066194,0.782836475072506,0.378984462180688,0.627866816013184,0.433182780929896,"FGF23",1
"GO:1902101","positive regulation of metaphase/anaphase transition of cell cycle","1/377","19/15234",0.0526315789473684,2.12676252966634,2.19252364066194,0.782836475072506,0.378984462180688,0.627866816013184,0.433182780929896,"PRAP1",1
"GO:1902742","apoptotic process involved in development","1/377","19/15234",0.0526315789473684,2.12676252966634,2.19252364066194,0.782836475072506,0.378984462180688,0.627866816013184,0.433182780929896,"XKR7",1
"GO:1902992","negative regulation of amyloid precursor protein catabolic process","1/377","19/15234",0.0526315789473684,2.12676252966634,2.19252364066194,0.782836475072506,0.378984462180688,0.627866816013184,0.433182780929896,"IGF1",1
"GO:1903963","arachidonate transport","1/377","19/15234",0.0526315789473684,2.12676252966634,2.19252364066194,0.782836475072506,0.378984462180688,0.627866816013184,0.433182780929896,"PLA2G2A",1
"GO:2000648","positive regulation of stem cell proliferation","1/377","19/15234",0.0526315789473684,2.12676252966634,2.19252364066194,0.782836475072506,0.378984462180688,0.627866816013184,0.433182780929896,"SOX11",1
"GO:2000738","positive regulation of stem cell differentiation","1/377","19/15234",0.0526315789473684,2.12676252966634,2.19252364066194,0.782836475072506,0.378984462180688,0.627866816013184,0.433182780929896,"TBX5",1
"GO:0008154","actin polymerization or depolymerization","5/377","164/15234",0.0304878048780488,1.23196609950184,1.24247649962805,0.475759700665993,0.382769367436562,0.633473282967002,0.437050838429204,"CSF3/CCL21/ACTN2/ARHGAP40/SPTA1",5
"GO:0030258","lipid modification","5/377","164/15234",0.0304878048780488,1.23196609950184,1.24247649962805,0.475759700665993,0.382769367436562,0.633473282967002,0.437050838429204,"ADIPOQ/HAO1/CYP2E1/PLPPR3/APOD",5
"GO:0006885","regulation of pH","3/377","90/15234",0.0333333333333333,1.34694960212202,1.36179236584916,0.525854000832108,0.385500683501409,0.637000611837883,0.439484440732388,"AVPR1A/SLC4A1/SLC4A10",3
"GO:0007044","cell-substrate junction assembly","3/377","90/15234",0.0333333333333333,1.34694960212202,1.36179236584916,0.525854000832108,0.385500683501409,0.637000611837883,0.439484440732388,"HRG/ACTN2/APOD",3
"GO:0048477","oogenesis","2/377","54/15234",0.037037037037037,1.49661066902446,1.51846153846154,0.582337656184079,0.387671977096379,0.637000611837883,0.439484440732388,"TDRD1/IGF1",2
"GO:0003333","amino acid transmembrane transport","3/377","91/15234",0.032967032967033,1.33214795814265,1.34622630043753,0.506225661365932,0.392213214790968,0.637000611837883,0.439484440732388,"SLC38A4/ATP1A2/SLC1A2",3
"GO:0051224","negative regulation of protein transport","3/377","91/15234",0.032967032967033,1.33214795814265,1.34622630043753,0.506225661365932,0.392213214790968,0.637000611837883,0.439484440732388,"CHGA/APOD/SYT4",3
"GO:0048872","homeostasis of number of cells","6/377","204/15234",0.0294117647058824,1.18848494304884,1.19733725394103,0.431727875308529,0.392663068366682,0.637000611837883,0.439484440732388,"EPB42/AHSP/HBA1/PLA2G2A/HBG2/HBD",6
"GO:0002828","regulation of type 2 immune response","1/377","20/15234",0.05,2.02042440318302,2.07698768197088,0.727397765220806,0.394372096604472,0.637000611837883,0.439484440732388,"ARG1",1
"GO:0003298","physiological muscle hypertrophy","1/377","20/15234",0.05,2.02042440318302,2.07698768197088,0.727397765220806,0.394372096604472,0.637000611837883,0.439484440732388,"IGF1",1
"GO:0003301","physiological cardiac muscle hypertrophy","1/377","20/15234",0.05,2.02042440318302,2.07698768197088,0.727397765220806,0.394372096604472,0.637000611837883,0.439484440732388,"IGF1",1
"GO:0006525","arginine metabolic process","1/377","20/15234",0.05,2.02042440318302,2.07698768197088,0.727397765220806,0.394372096604472,0.637000611837883,0.439484440732388,"ARG1",1
"GO:0006582","melanin metabolic process","1/377","20/15234",0.05,2.02042440318302,2.07698768197088,0.727397765220806,0.394372096604472,0.637000611837883,0.439484440732388,"CDH3",1
"GO:0007263","nitric oxide mediated signal transduction","1/377","20/15234",0.05,2.02042440318302,2.07698768197088,0.727397765220806,0.394372096604472,0.637000611837883,0.439484440732388,"KCNC2",1
"GO:0008211","glucocorticoid metabolic process","1/377","20/15234",0.05,2.02042440318302,2.07698768197088,0.727397765220806,0.394372096604472,0.637000611837883,0.439484440732388,"SERPINA6",1
"GO:0008542","visual learning","1/377","20/15234",0.05,2.02042440318302,2.07698768197088,0.727397765220806,0.394372096604472,0.637000611837883,0.439484440732388,"CHRNB2",1
"GO:0009125","nucleoside monophosphate catabolic process","1/377","20/15234",0.05,2.02042440318302,2.07698768197088,0.727397765220806,0.394372096604472,0.637000611837883,0.439484440732388,"DPYS",1
"GO:0010888","negative regulation of lipid storage","1/377","20/15234",0.05,2.02042440318302,2.07698768197088,0.727397765220806,0.394372096604472,0.637000611837883,0.439484440732388,"CRP",1
"GO:0015802","basic amino acid transport","1/377","20/15234",0.05,2.02042440318302,2.07698768197088,0.727397765220806,0.394372096604472,0.637000611837883,0.439484440732388,"SLC38A4",1
"GO:0018198","peptidyl-cysteine modification","1/377","20/15234",0.05,2.02042440318302,2.07698768197088,0.727397765220806,0.394372096604472,0.637000611837883,0.439484440732388,"S100A8",1
"GO:0019359","nicotinamide nucleotide biosynthetic process","1/377","20/15234",0.05,2.02042440318302,2.07698768197088,0.727397765220806,0.394372096604472,0.637000611837883,0.439484440732388,"NMNAT2",1
"GO:0019363","pyridine nucleotide biosynthetic process","1/377","20/15234",0.05,2.02042440318302,2.07698768197088,0.727397765220806,0.394372096604472,0.637000611837883,0.439484440732388,"NMNAT2",1
"GO:0019430","removal of superoxide radicals","1/377","20/15234",0.05,2.02042440318302,2.07698768197088,0.727397765220806,0.394372096604472,0.637000611837883,0.439484440732388,"APOA4",1
"GO:0021587","cerebellum morphogenesis","1/377","20/15234",0.05,2.02042440318302,2.07698768197088,0.727397765220806,0.394372096604472,0.637000611837883,0.439484440732388,"KNDC1",1
"GO:0030007","intracellular potassium ion homeostasis","1/377","20/15234",0.05,2.02042440318302,2.07698768197088,0.727397765220806,0.394372096604472,0.637000611837883,0.439484440732388,"ATP1A2",1
"GO:0031281","positive regulation of cyclase activity","1/377","20/15234",0.05,2.02042440318302,2.07698768197088,0.727397765220806,0.394372096604472,0.637000611837883,0.439484440732388,"ADCYAP1",1
"GO:0032410","negative regulation of transporter activity","1/377","20/15234",0.05,2.02042440318302,2.07698768197088,0.727397765220806,0.394372096604472,0.637000611837883,0.439484440732388,"SLN",1
"GO:0032958","inositol phosphate biosynthetic process","1/377","20/15234",0.05,2.02042440318302,2.07698768197088,0.727397765220806,0.394372096604472,0.637000611837883,0.439484440732388,"IP6K3",1
"GO:0034104","negative regulation of tissue remodeling","1/377","20/15234",0.05,2.02042440318302,2.07698768197088,0.727397765220806,0.394372096604472,0.637000611837883,0.439484440732388,"CARTPT",1
"GO:0042438","melanin biosynthetic process","1/377","20/15234",0.05,2.02042440318302,2.07698768197088,0.727397765220806,0.394372096604472,0.637000611837883,0.439484440732388,"CDH3",1
"GO:0043171","peptide catabolic process","1/377","20/15234",0.05,2.02042440318302,2.07698768197088,0.727397765220806,0.394372096604472,0.637000611837883,0.439484440732388,"MME",1
"GO:0043388","positive regulation of DNA binding","1/377","20/15234",0.05,2.02042440318302,2.07698768197088,0.727397765220806,0.394372096604472,0.637000611837883,0.439484440732388,"IGF1",1
"GO:0046579","positive regulation of Ras protein signal transduction","1/377","20/15234",0.05,2.02042440318302,2.07698768197088,0.727397765220806,0.394372096604472,0.637000611837883,0.439484440732388,"IGF1",1
"GO:0046628","positive regulation of insulin receptor signaling pathway","1/377","20/15234",0.05,2.02042440318302,2.07698768197088,0.727397765220806,0.394372096604472,0.637000611837883,0.439484440732388,"NR1H4",1
"GO:0050911","detection of chemical stimulus involved in sensory perception of smell","1/377","20/15234",0.05,2.02042440318302,2.07698768197088,0.727397765220806,0.394372096604472,0.637000611837883,0.439484440732388,"OR2I1",1
"GO:0050951","sensory perception of temperature stimulus","1/377","20/15234",0.05,2.02042440318302,2.07698768197088,0.727397765220806,0.394372096604472,0.637000611837883,0.439484440732388,"CARTPT",1
"GO:0055023","positive regulation of cardiac muscle tissue growth","1/377","20/15234",0.05,2.02042440318302,2.07698768197088,0.727397765220806,0.394372096604472,0.637000611837883,0.439484440732388,"IGF1",1
"GO:0060295","regulation of cilium movement involved in cell motility","1/377","20/15234",0.05,2.02042440318302,2.07698768197088,0.727397765220806,0.394372096604472,0.637000611837883,0.439484440732388,"DEFB1",1
"GO:0060339","negative regulation of type I interferon-mediated signaling pathway","1/377","20/15234",0.05,2.02042440318302,2.07698768197088,0.727397765220806,0.394372096604472,0.637000611837883,0.439484440732388,"MMP12",1
"GO:0061049","cell growth involved in cardiac muscle cell development","1/377","20/15234",0.05,2.02042440318302,2.07698768197088,0.727397765220806,0.394372096604472,0.637000611837883,0.439484440732388,"IGF1",1
"GO:0072010","glomerular epithelium development","1/377","20/15234",0.05,2.02042440318302,2.07698768197088,0.727397765220806,0.394372096604472,0.637000611837883,0.439484440732388,"WT1",1
"GO:0072677","eosinophil migration","1/377","20/15234",0.05,2.02042440318302,2.07698768197088,0.727397765220806,0.394372096604472,0.637000611837883,0.439484440732388,"CCL21",1
"GO:0090205","positive regulation of cholesterol metabolic process","1/377","20/15234",0.05,2.02042440318302,2.07698768197088,0.727397765220806,0.394372096604472,0.637000611837883,0.439484440732388,"APOA1",1
"GO:0099188","postsynaptic cytoskeleton organization","1/377","20/15234",0.05,2.02042440318302,2.07698768197088,0.727397765220806,0.394372096604472,0.637000611837883,0.439484440732388,"ACTN2",1
"GO:1902019","regulation of cilium-dependent cell motility","1/377","20/15234",0.05,2.02042440318302,2.07698768197088,0.727397765220806,0.394372096604472,0.637000611837883,0.439484440732388,"DEFB1",1
"GO:1903523","negative regulation of blood circulation","1/377","20/15234",0.05,2.02042440318302,2.07698768197088,0.727397765220806,0.394372096604472,0.637000611837883,0.439484440732388,"ATP1A2",1
"GO:1903902","positive regulation of viral life cycle","1/377","20/15234",0.05,2.02042440318302,2.07698768197088,0.727397765220806,0.394372096604472,0.637000611837883,0.439484440732388,"CLEC4G",1
"GO:2000047","regulation of cell-cell adhesion mediated by cadherin","1/377","20/15234",0.05,2.02042440318302,2.07698768197088,0.727397765220806,0.394372096604472,0.637000611837883,0.439484440732388,"PLG",1
"GO:2001212","regulation of vasculogenesis","1/377","20/15234",0.05,2.02042440318302,2.07698768197088,0.727397765220806,0.394372096604472,0.637000611837883,0.439484440732388,"TMEM100",1
"GO:0007631","feeding behavior","2/377","55/15234",0.0363636363636364,1.46939956595129,1.4897106918239,0.555520746048697,0.396453336432193,0.639094043420437,0.440928757411482,"CARTPT/NPY1R",2
"GO:0042987","amyloid precursor protein catabolic process","2/377","55/15234",0.0363636363636364,1.46939956595129,1.4897106918239,0.555520746048697,0.396453336432193,0.639094043420437,0.440928757411482,"APOA1/IGF1",2
"GO:0044703","multi-organism reproductive process","4/377","129/15234",0.0310077519379845,1.25297637406699,1.26387131367292,0.459634149779446,0.396476880464244,0.639094043420437,0.440928757411482,"AMBP/SCGB1A1/AVPR1A/ADCYAP1",4
"GO:0090174","organelle membrane fusion","4/377","129/15234",0.0310077519379845,1.25297637406699,1.26387131367292,0.459634149779446,0.396476880464244,0.639094043420437,0.440928757411482,"SYT13/CPLX2/SYT5/SYT4",4
"GO:0048284","organelle fusion","5/377","167/15234",0.029940119760479,1.20983497196588,1.21921877074207,0.434330719228028,0.397520643032682,0.640123664098985,0.441639121357244,"SYT13/CPLX2/SYT5/SYT4/CIDEC",5
"GO:0060759","regulation of response to cytokine stimulus","5/377","167/15234",0.029940119760479,1.20983497196588,1.21921877074207,0.434330719228028,0.397520643032682,0.640123664098985,0.441639121357244,"NR1H4/ARG1/APOA1/ADIPOQ/MMP12",5
"GO:0008277","regulation of G protein-coupled receptor signaling pathway","4/377","130/15234",0.0307692307692308,1.24333809426648,1.25375547895655,0.44384734323552,0.402077857581771,0.646700854197927,0.446176907755729,"F2/CHGA/ADCYAP1/GNG4",4
"GO:0051048","negative regulation of secretion","4/377","130/15234",0.0307692307692308,1.24333809426648,1.25375547895655,0.44384734323552,0.402077857581771,0.646700854197927,0.446176907755729,"FGF23/CARTPT/CHGA/SYT4",4
"GO:0043405","regulation of MAP kinase activity","2/377","56/15234",0.0357142857142857,1.44316028798787,1.46202469135802,0.52923116371769,0.405176350926397,0.646700854197927,0.446176907755729,"ADIPOQ/S100A12",2
"GO:0046173","polyol biosynthetic process","2/377","56/15234",0.0357142857142857,1.44316028798787,1.46202469135802,0.52923116371769,0.405176350926397,0.646700854197927,0.446176907755729,"IP6K3/PCK1",2
"GO:0048678","response to axon injury","2/377","56/15234",0.0357142857142857,1.44316028798787,1.46202469135802,0.52923116371769,0.405176350926397,0.646700854197927,0.446176907755729,"APOA4/APOD",2
"GO:0048814","regulation of dendrite morphogenesis","2/377","56/15234",0.0357142857142857,1.44316028798787,1.46202469135802,0.52923116371769,0.405176350926397,0.646700854197927,0.446176907755729,"CHRNB2/KNDC1",2
"GO:0141156","cAMP/PKA signal transduction","2/377","56/15234",0.0357142857142857,1.44316028798787,1.46202469135802,0.52923116371769,0.405176350926397,0.646700854197927,0.446176907755729,"ADIPOQ/ADCYAP1",2
"GO:0045637","regulation of myeloid cell differentiation","5/377","169/15234",0.029585798816568,1.19551739833315,1.2041863362182,0.407138365137197,0.407337495323422,0.646700854197927,0.446176907755729,"CARTPT/ADIPOQ/CSF3/LTF/APCS",5
"GO:0001678","intracellular glucose homeostasis","4/377","131/15234",0.0305343511450382,1.23384696377589,1.2437989487239,0.428187127038586,0.407669555254483,0.646700854197927,0.446176907755729,"SLC2A2/CARTPT/NR1H4/PCK1",4
"GO:0044706","multi-multicellular organism process","4/377","131/15234",0.0305343511450382,1.23384696377589,1.2437989487239,0.428187127038586,0.407669555254483,0.646700854197927,0.446176907755729,"AMBP/SCGB1A1/AVPR1A/ADCYAP1",4
"GO:0007416","synapse assembly","7/377","246/15234",0.0284552845528455,1.14983502620172,1.15714124166007,0.377404343359812,0.408051648564721,0.646700854197927,0.446176907755729,"SLITRK6/CHRNB2/LRRC15/GPM6A/MUSK/GRIA1/NEGR1",7
"GO:0062197","cellular response to chemical stress","8/377","285/15234",0.0280701754385965,1.13427334915538,1.14114642951484,0.364505440711868,0.40930678496897,0.646700854197927,0.446176907755729,"APOA4/AMBP/LCN2/FABP1/GPX2/SCN7A/MMP3/ALB",8
"GO:0002577","regulation of antigen processing and presentation","1/377","21/15234",0.0476190476190476,1.92421371731717,1.97300531914894,0.675106764030056,0.409379439813367,0.646700854197927,0.446176907755729,"CCL21",1
"GO:0003148","outflow tract septum morphogenesis","1/377","21/15234",0.0476190476190476,1.92421371731717,1.97300531914894,0.675106764030056,0.409379439813367,0.646700854197927,0.446176907755729,"LRP2",1
"GO:0003351","epithelial cilium movement involved in extracellular fluid movement","1/377","21/15234",0.0476190476190476,1.92421371731717,1.97300531914894,0.675106764030056,0.409379439813367,0.646700854197927,0.446176907755729,"AQP4",1
"GO:0009190","cyclic nucleotide biosynthetic process","1/377","21/15234",0.0476190476190476,1.92421371731717,1.97300531914894,0.675106764030056,0.409379439813367,0.646700854197927,0.446176907755729,"CARTPT",1
"GO:0017145","stem cell division","1/377","21/15234",0.0476190476190476,1.92421371731717,1.97300531914894,0.675106764030056,0.409379439813367,0.646700854197927,0.446176907755729,"SFRP2",1
"GO:0019098","reproductive behavior","1/377","21/15234",0.0476190476190476,1.92421371731717,1.97300531914894,0.675106764030056,0.409379439813367,0.646700854197927,0.446176907755729,"AVPR1A",1
"GO:0021575","hindbrain morphogenesis","1/377","21/15234",0.0476190476190476,1.92421371731717,1.97300531914894,0.675106764030056,0.409379439813367,0.646700854197927,0.446176907755729,"KNDC1",1
"GO:0021955","central nervous system neuron axonogenesis","1/377","21/15234",0.0476190476190476,1.92421371731717,1.97300531914894,0.675106764030056,0.409379439813367,0.646700854197927,0.446176907755729,"CHRNB2",1
"GO:0031048","regulatory ncRNA-mediated heterochromatin formation","1/377","21/15234",0.0476190476190476,1.92421371731717,1.97300531914894,0.675106764030056,0.409379439813367,0.646700854197927,0.446176907755729,"TDRD1",1
"GO:0031643","positive regulation of myelination","1/377","21/15234",0.0476190476190476,1.92421371731717,1.97300531914894,0.675106764030056,0.409379439813367,0.646700854197927,0.446176907755729,"IGF1",1
"GO:0032098","regulation of appetite","1/377","21/15234",0.0476190476190476,1.92421371731717,1.97300531914894,0.675106764030056,0.409379439813367,0.646700854197927,0.446176907755729,"CARTPT",1
"GO:0034698","response to gonadotropin","1/377","21/15234",0.0476190476190476,1.92421371731717,1.97300531914894,0.675106764030056,0.409379439813367,0.646700854197927,0.446176907755729,"WT1",1
"GO:0035902","response to immobilization stress","1/377","21/15234",0.0476190476190476,1.92421371731717,1.97300531914894,0.675106764030056,0.409379439813367,0.646700854197927,0.446176907755729,"TFF1",1
"GO:0043302","positive regulation of leukocyte degranulation","1/377","21/15234",0.0476190476190476,1.92421371731717,1.97300531914894,0.675106764030056,0.409379439813367,0.646700854197927,0.446176907755729,"CD177",1
"GO:0044550","secondary metabolite biosynthetic process","1/377","21/15234",0.0476190476190476,1.92421371731717,1.97300531914894,0.675106764030056,0.409379439813367,0.646700854197927,0.446176907755729,"CDH3",1
"GO:0045606","positive regulation of epidermal cell differentiation","1/377","21/15234",0.0476190476190476,1.92421371731717,1.97300531914894,0.675106764030056,0.409379439813367,0.646700854197927,0.446176907755729,"PKP1",1
"GO:0048265","response to pain","1/377","21/15234",0.0476190476190476,1.92421371731717,1.97300531914894,0.675106764030056,0.409379439813367,0.646700854197927,0.446176907755729,"GRIA1",1
"GO:0070232","regulation of T cell apoptotic process","1/377","21/15234",0.0476190476190476,1.92421371731717,1.97300531914894,0.675106764030056,0.409379439813367,0.646700854197927,0.446176907755729,"PIP",1
"GO:0071450","cellular response to oxygen radical","1/377","21/15234",0.0476190476190476,1.92421371731717,1.97300531914894,0.675106764030056,0.409379439813367,0.646700854197927,0.446176907755729,"APOA4",1
"GO:0071451","cellular response to superoxide","1/377","21/15234",0.0476190476190476,1.92421371731717,1.97300531914894,0.675106764030056,0.409379439813367,0.646700854197927,0.446176907755729,"APOA4",1
"GO:0097396","response to interleukin-17","1/377","21/15234",0.0476190476190476,1.92421371731717,1.97300531914894,0.675106764030056,0.409379439813367,0.646700854197927,0.446176907755729,"IL17REL",1
"GO:0097398","cellular response to interleukin-17","1/377","21/15234",0.0476190476190476,1.92421371731717,1.97300531914894,0.675106764030056,0.409379439813367,0.646700854197927,0.446176907755729,"IL17REL",1
"GO:1900078","positive regulation of cellular response to insulin stimulus","1/377","21/15234",0.0476190476190476,1.92421371731717,1.97300531914894,0.675106764030056,0.409379439813367,0.646700854197927,0.446176907755729,"NR1H4",1
"GO:1903579","negative regulation of ATP metabolic process","1/377","21/15234",0.0476190476190476,1.92421371731717,1.97300531914894,0.675106764030056,0.409379439813367,0.646700854197927,0.446176907755729,"TRIM63",1
"GO:1905146","lysosomal protein catabolic process","1/377","21/15234",0.0476190476190476,1.92421371731717,1.97300531914894,0.675106764030056,0.409379439813367,0.646700854197927,0.446176907755729,"LRP2",1
"GO:2001014","regulation of skeletal muscle cell differentiation","1/377","21/15234",0.0476190476190476,1.92421371731717,1.97300531914894,0.675106764030056,0.409379439813367,0.646700854197927,0.446176907755729,"KLHL41",1
"GO:0002687","positive regulation of leukocyte migration","4/377","132/15234",0.0303030303030303,1.22449963829274,1.23399798927614,0.412651295334857,0.413250973050303,0.651141658087282,0.449240741883116,"EDN2/CCL21/CXCL13/CCL20",4
"GO:0006644","phospholipid metabolic process","10/377","364/15234",0.0274725274725275,1.11012329845221,1.11631952462322,0.338744500421378,0.413619978827175,0.651141658087282,0.449240741883116,"NR1H4/APOA4/APOA1/IP6K3/APOA2/PTPRQ/PLPPR3/PLA2G2A/APOC2/HMGCS2",10
"GO:0010611","regulation of cardiac muscle hypertrophy","2/377","57/15234",0.0350877192982456,1.41784168644423,1.43534545454545,0.503447351995741,0.413838529293689,0.651141658087282,0.449240741883116,"TRIM63/IGF1",2
"GO:0021761","limbic system development","2/377","57/15234",0.0350877192982456,1.41784168644423,1.43534545454545,0.503447351995741,0.413838529293689,0.651141658087282,0.449240741883116,"ATP1A2/NKX2-1",2
"GO:0030042","actin filament depolymerization","2/377","57/15234",0.0350877192982456,1.41784168644423,1.43534545454545,0.503447351995741,0.413838529293689,0.651141658087282,0.449240741883116,"ACTN2/SPTA1",2
"GO:0034394","protein localization to cell surface","2/377","57/15234",0.0350877192982456,1.41784168644423,1.43534545454545,0.503447351995741,0.413838529293689,0.651141658087282,0.449240741883116,"CD177/ACTN2",2
"GO:0086002","cardiac muscle cell action potential involved in contraction","2/377","57/15234",0.0350877192982456,1.41784168644423,1.43534545454545,0.503447351995741,0.413838529293689,0.651141658087282,0.449240741883116,"SCN7A/KCNJ3",2
"GO:1904705","regulation of vascular associated smooth muscle cell proliferation","2/377","57/15234",0.0350877192982456,1.41784168644423,1.43534545454545,0.503447351995741,0.413838529293689,0.651141658087282,0.449240741883116,"ADIPOQ/IGF1",2
"GO:0045444","fat cell differentiation","5/377","171/15234",0.0292397660818713,1.18153473870352,1.18951612903226,0.380276857222774,0.41713376807741,0.655999920842135,0.452592592493725,"ADIPOQ/TFAP2B/PTPRQ/VSTM2A/SFRP2",5
"GO:0001819","positive regulation of cytokine production","12/377","445/15234",0.0269662921348315,1.08966709385152,1.09518175203265,0.305802850847294,0.422212150541928,0.65637323817121,0.452850154503141,"NR1H4/SAA1/IL17REL/ADIPOQ/APOA2/ORM2/MMP12/ADCYAP1/ORM1/IL1RL1/LBP/NLRP2",12
"GO:0001890","placenta development","2/377","58/15234",0.0344827586206897,1.39339614012622,1.40961904761905,0.478149016434652,0.422437538554625,0.65637323817121,0.452850154503141,"PLAC1/MME",2
"GO:0008543","fibroblast growth factor receptor signaling pathway","2/377","58/15234",0.0344827586206897,1.39339614012622,1.40961904761905,0.478149016434652,0.422437538554625,0.65637323817121,0.452850154503141,"FGF23/FGF21",2
"GO:0016331","morphogenesis of embryonic epithelium","2/377","58/15234",0.0344827586206897,1.39339614012622,1.40961904761905,0.478149016434652,0.422437538554625,0.65637323817121,0.452850154503141,"LRP2/SOX11",2
"GO:0021549","cerebellum development","2/377","58/15234",0.0344827586206897,1.39339614012622,1.40961904761905,0.478149016434652,0.422437538554625,0.65637323817121,0.452850154503141,"KNDC1/SEZ6L",2
"GO:0030203","glycosaminoglycan metabolic process","2/377","58/15234",0.0344827586206897,1.39339614012622,1.40961904761905,0.478149016434652,0.422437538554625,0.65637323817121,0.452850154503141,"ITIH1/ITIH3",2
"GO:0032835","glomerulus development","2/377","58/15234",0.0344827586206897,1.39339614012622,1.40961904761905,0.478149016434652,0.422437538554625,0.65637323817121,0.452850154503141,"TCF21/WT1",2
"GO:0070301","cellular response to hydrogen peroxide","2/377","58/15234",0.0344827586206897,1.39339614012622,1.40961904761905,0.478149016434652,0.422437538554625,0.65637323817121,0.452850154503141,"LCN2/FABP1",2
"GO:1990874","vascular associated smooth muscle cell proliferation","2/377","58/15234",0.0344827586206897,1.39339614012622,1.40961904761905,0.478149016434652,0.422437538554625,0.65637323817121,0.452850154503141,"ADIPOQ/IGF1",2
"GO:0048762","mesenchymal cell differentiation","6/377","211/15234",0.028436018957346,1.14905653261594,1.15590033528368,0.347305565508548,0.423594289065412,0.65637323817121,0.452850154503141,"NKX2-1/TCF21/PITX2/TBX5/SFRP2/IGF1",6
"GO:0002407","dendritic cell chemotaxis","1/377","22/15234",0.0454545454545455,1.83674945743911,1.87892603850051,0.625621198548845,0.424015865974568,0.65637323817121,0.452850154503141,"CCL21",1
"GO:0006244","pyrimidine nucleotide catabolic process","1/377","22/15234",0.0454545454545455,1.83674945743911,1.87892603850051,0.625621198548845,0.424015865974568,0.65637323817121,0.452850154503141,"DPYS",1
"GO:0006706","steroid catabolic process","1/377","22/15234",0.0454545454545455,1.83674945743911,1.87892603850051,0.625621198548845,0.424015865974568,0.65637323817121,0.452850154503141,"FGF23",1
"GO:0006730","one-carbon metabolic process","1/377","22/15234",0.0454545454545455,1.83674945743911,1.87892603850051,0.625621198548845,0.424015865974568,0.65637323817121,0.452850154503141,"MAT1A",1
"GO:0006907","pinocytosis","1/377","22/15234",0.0454545454545455,1.83674945743911,1.87892603850051,0.625621198548845,0.424015865974568,0.65637323817121,0.452850154503141,"AHSG",1
"GO:0008344","adult locomotory behavior","1/377","22/15234",0.0454545454545455,1.83674945743911,1.87892603850051,0.625621198548845,0.424015865974568,0.65637323817121,0.452850154503141,"SEZ6L",1
"GO:0014912","negative regulation of smooth muscle cell migration","1/377","22/15234",0.0454545454545455,1.83674945743911,1.87892603850051,0.625621198548845,0.424015865974568,0.65637323817121,0.452850154503141,"ADIPOQ",1
"GO:0016540","protein autoprocessing","1/377","22/15234",0.0454545454545455,1.83674945743911,1.87892603850051,0.625621198548845,0.424015865974568,0.65637323817121,0.452850154503141,"HJV",1
"GO:0018345","protein palmitoylation","1/377","22/15234",0.0454545454545455,1.83674945743911,1.87892603850051,0.625621198548845,0.424015865974568,0.65637323817121,0.452850154503141,"ZDHHC22",1
"GO:0032703","negative regulation of interleukin-2 production","1/377","22/15234",0.0454545454545455,1.83674945743911,1.87892603850051,0.625621198548845,0.424015865974568,0.65637323817121,0.452850154503141,"NR1H4",1
"GO:0032740","positive regulation of interleukin-17 production","1/377","22/15234",0.0454545454545455,1.83674945743911,1.87892603850051,0.625621198548845,0.424015865974568,0.65637323817121,0.452850154503141,"NR1H4",1
"GO:0032967","positive regulation of collagen biosynthetic process","1/377","22/15234",0.0454545454545455,1.83674945743911,1.87892603850051,0.625621198548845,0.424015865974568,0.65637323817121,0.452850154503141,"F2",1
"GO:0034695","response to prostaglandin E","1/377","22/15234",0.0454545454545455,1.83674945743911,1.87892603850051,0.625621198548845,0.424015865974568,0.65637323817121,0.452850154503141,"CCL21",1
"GO:0035313","wound healing, spreading of epidermal cells","1/377","22/15234",0.0454545454545455,1.83674945743911,1.87892603850051,0.625621198548845,0.424015865974568,0.65637323817121,0.452850154503141,"MMP12",1
"GO:0045649","regulation of macrophage differentiation","1/377","22/15234",0.0454545454545455,1.83674945743911,1.87892603850051,0.625621198548845,0.424015865974568,0.65637323817121,0.452850154503141,"ADIPOQ",1
"GO:0046058","cAMP metabolic process","1/377","22/15234",0.0454545454545455,1.83674945743911,1.87892603850051,0.625621198548845,0.424015865974568,0.65637323817121,0.452850154503141,"CARTPT",1
"GO:0060563","neuroepithelial cell differentiation","1/377","22/15234",0.0454545454545455,1.83674945743911,1.87892603850051,0.625621198548845,0.424015865974568,0.65637323817121,0.452850154503141,"SOX11",1
"GO:0060914","heart formation","1/377","22/15234",0.0454545454545455,1.83674945743911,1.87892603850051,0.625621198548845,0.424015865974568,0.65637323817121,0.452850154503141,"LRP2",1
"GO:1901381","positive regulation of potassium ion transmembrane transport","1/377","22/15234",0.0454545454545455,1.83674945743911,1.87892603850051,0.625621198548845,0.424015865974568,0.65637323817121,0.452850154503141,"KCNC2",1
"GO:1901970","positive regulation of mitotic sister chromatid separation","1/377","22/15234",0.0454545454545455,1.83674945743911,1.87892603850051,0.625621198548845,0.424015865974568,0.65637323817121,0.452850154503141,"PRAP1",1
"GO:1904706","negative regulation of vascular associated smooth muscle cell proliferation","1/377","22/15234",0.0454545454545455,1.83674945743911,1.87892603850051,0.625621198548845,0.424015865974568,0.65637323817121,0.452850154503141,"ADIPOQ",1
"GO:2001135","regulation of endocytic recycling","1/377","22/15234",0.0454545454545455,1.83674945743911,1.87892603850051,0.625621198548845,0.424015865974568,0.65637323817121,0.452850154503141,"ACTN2",1
"GO:0090596","sensory organ morphogenesis","4/377","135/15234",0.0296296296296296,1.19728853521957,1.20549290874486,0.366768876163025,0.429923857659347,0.665193007372098,0.458935158602992,"SOX11/TFAP2B/RBP4/PITX2",4
"GO:0010324","membrane invagination","2/377","59/15234",0.0338983050847458,1.36977925639527,1.38479532163743,0.453317030473566,0.430971197762753,0.665835755683315,0.459378608541403,"XKR7/MARCO",2
"GO:0014743","regulation of muscle hypertrophy","2/377","59/15234",0.0338983050847458,1.36977925639527,1.38479532163743,0.453317030473566,0.430971197762753,0.665835755683315,0.459378608541403,"TRIM63/IGF1",2
"GO:0046854","phosphatidylinositol phosphate biosynthetic process","2/377","59/15234",0.0338983050847458,1.36977925639527,1.38479532163743,0.453317030473566,0.430971197762753,0.665835755683315,0.459378608541403,"IP6K3/PTPRQ",2
"GO:0010594","regulation of endothelial cell migration","5/377","174/15234",0.028735632183908,1.16116345010519,1.16816186295094,0.340585793434046,0.431777467094054,0.666429967521633,0.459788571817084,"PLG/HRG/LCN2/APOH/CXCL13",5
"GO:0097191","extrinsic apoptotic signaling pathway","5/377","174/15234",0.028735632183908,1.16116345010519,1.16816186295094,0.340585793434046,0.431777467094054,0.666429967521633,0.459788571817084,"FGB/SFRP2/IGF1/FGA/FGG",5
"GO:0050678","regulation of epithelial cell proliferation","7/377","252/15234",0.0277777777777778,1.12245800176835,1.12833976833977,0.312248511652431,0.432348790960296,0.666986104551242,0.460172266223158,"CARTPT/SOX11/APOH/CDH3/MMP12/SFRP2/IGF1",7
"GO:0009895","negative regulation of catabolic process","9/377","332/15234",0.0271084337349398,1.09541082100284,1.1004677614753,0.279989812505851,0.438253395015849,0.668139417419275,0.460967968851032,"APOA2/PKP1/KLHL40/TRIM63/HP/A1CF/NELL1/CIDEC/APOC3",9
"GO:0000303","response to superoxide","1/377","23/15234",0.0434782608695652,1.75689078537654,1.79339941972921,0.578650173055143,0.438290518783376,0.668139417419275,0.460967968851032,"APOA4",1
"GO:0001919","regulation of receptor recycling","1/377","23/15234",0.0434782608695652,1.75689078537654,1.79339941972921,0.578650173055143,0.438290518783376,0.668139417419275,0.460967968851032,"GRIA1",1
"GO:0002675","positive regulation of acute inflammatory response","1/377","23/15234",0.0434782608695652,1.75689078537654,1.79339941972921,0.578650173055143,0.438290518783376,0.668139417419275,0.460967968851032,"CREB3L3",1
"GO:0003338","metanephros morphogenesis","1/377","23/15234",0.0434782608695652,1.75689078537654,1.79339941972921,0.578650173055143,0.438290518783376,0.668139417419275,0.460967968851032,"WT1",1
"GO:0006740","NADPH regeneration","1/377","23/15234",0.0434782608695652,1.75689078537654,1.79339941972921,0.578650173055143,0.438290518783376,0.668139417419275,0.460967968851032,"ALDOB",1
"GO:0008209","androgen metabolic process","1/377","23/15234",0.0434782608695652,1.75689078537654,1.79339941972921,0.578650173055143,0.438290518783376,0.668139417419275,0.460967968851032,"HSD17B2",1
"GO:0009129","pyrimidine nucleoside monophosphate metabolic process","1/377","23/15234",0.0434782608695652,1.75689078537654,1.79339941972921,0.578650173055143,0.438290518783376,0.668139417419275,0.460967968851032,"DPYS",1
"GO:0010714","positive regulation of collagen metabolic process","1/377","23/15234",0.0434782608695652,1.75689078537654,1.79339941972921,0.578650173055143,0.438290518783376,0.668139417419275,0.460967968851032,"F2",1
"GO:0036092","phosphatidylinositol-3-phosphate biosynthetic process","1/377","23/15234",0.0434782608695652,1.75689078537654,1.79339941972921,0.578650173055143,0.438290518783376,0.668139417419275,0.460967968851032,"PTPRQ",1
"GO:0042430","indole-containing compound metabolic process","1/377","23/15234",0.0434782608695652,1.75689078537654,1.79339941972921,0.578650173055143,0.438290518783376,0.668139417419275,0.460967968851032,"NMNAT2",1
"GO:0043101","purine-containing compound salvage","1/377","23/15234",0.0434782608695652,1.75689078537654,1.79339941972921,0.578650173055143,0.438290518783376,0.668139417419275,0.460967968851032,"NMNAT2",1
"GO:0043331","response to dsRNA","1/377","23/15234",0.0434782608695652,1.75689078537654,1.79339941972921,0.578650173055143,0.438290518783376,0.668139417419275,0.460967968851032,"GRIA1",1
"GO:0045987","positive regulation of smooth muscle contraction","1/377","23/15234",0.0434782608695652,1.75689078537654,1.79339941972921,0.578650173055143,0.438290518783376,0.668139417419275,0.460967968851032,"EDN2",1
"GO:0050732","negative regulation of peptidyl-tyrosine phosphorylation","1/377","23/15234",0.0434782608695652,1.75689078537654,1.79339941972921,0.578650173055143,0.438290518783376,0.668139417419275,0.460967968851032,"SFRP2",1
"GO:0051131","chaperone-mediated protein complex assembly","1/377","23/15234",0.0434782608695652,1.75689078537654,1.79339941972921,0.578650173055143,0.438290518783376,0.668139417419275,0.460967968851032,"APCS",1
"GO:0060333","type II interferon-mediated signaling pathway","1/377","23/15234",0.0434782608695652,1.75689078537654,1.79339941972921,0.578650173055143,0.438290518783376,0.668139417419275,0.460967968851032,"ARG1",1
"GO:0072525","pyridine-containing compound biosynthetic process","1/377","23/15234",0.0434782608695652,1.75689078537654,1.79339941972921,0.578650173055143,0.438290518783376,0.668139417419275,0.460967968851032,"NMNAT2",1
"GO:0090023","positive regulation of neutrophil chemotaxis","1/377","23/15234",0.0434782608695652,1.75689078537654,1.79339941972921,0.578650173055143,0.438290518783376,0.668139417419275,0.460967968851032,"CCL21",1
"GO:0098581","detection of external biotic stimulus","1/377","23/15234",0.0434782608695652,1.75689078537654,1.79339941972921,0.578650173055143,0.438290518783376,0.668139417419275,0.460967968851032,"LBP",1
"GO:0110096","cellular response to aldehyde","1/377","23/15234",0.0434782608695652,1.75689078537654,1.79339941972921,0.578650173055143,0.438290518783376,0.668139417419275,0.460967968851032,"SCNN1G",1
"GO:1904996","positive regulation of leukocyte adhesion to vascular endothelial cell","1/377","23/15234",0.0434782608695652,1.75689078537654,1.79339941972921,0.578650173055143,0.438290518783376,0.668139417419275,0.460967968851032,"SELE",1
"GO:1904950","negative regulation of establishment of protein localization","3/377","98/15234",0.0306122448979592,1.23699453256103,1.24643962848297,0.374924343582522,0.438592718604477,0.668139417419275,0.460967968851032,"CHGA/APOD/SYT4",3
"GO:0002757","immune response-activating signaling pathway","13/377","490/15234",0.026530612244898,1.07206192821956,1.07666966157532,0.258281971092873,0.43882046879333,0.668139417419275,0.460967968851032,"NR1H4/VTCN1/LTF/IGHE/FGL1/MASP1/IGHA2/S100A8/IGHG4/IGHA1/LBP/BPIFB1/COLEC11",13
"GO:0022037","metencephalon development","2/377","60/15234",0.0333333333333333,1.34694960212202,1.3608275862069,0.42893334920223,0.439437471943901,0.668139417419275,0.460967968851032,"KNDC1/SEZ6L",2
"GO:0046626","regulation of insulin receptor signaling pathway","2/377","60/15234",0.0333333333333333,1.34694960212202,1.3608275862069,0.42893334920223,0.439437471943901,0.668139417419275,0.460967968851032,"NR1H4/AHSG",2
"GO:0046847","filopodium assembly","2/377","60/15234",0.0333333333333333,1.34694960212202,1.3608275862069,0.42893334920223,0.439437471943901,0.668139417419275,0.460967968851032,"GPM6A/CCL21",2
"GO:0051149","positive regulation of muscle cell differentiation","2/377","60/15234",0.0333333333333333,1.34694960212202,1.3608275862069,0.42893334920223,0.439437471943901,0.668139417419275,0.460967968851032,"IGF1/MYF6",2
"GO:0051289","protein homotetramerization","2/377","60/15234",0.0333333333333333,1.34694960212202,1.3608275862069,0.42893334920223,0.439437471943901,0.668139417419275,0.460967968851032,"AQP4/MAT1A",2
"GO:2000106","regulation of leukocyte apoptotic process","2/377","60/15234",0.0333333333333333,1.34694960212202,1.3608275862069,0.42893334920223,0.439437471943901,0.668139417419275,0.460967968851032,"CCL21/PIP",2
"GO:0071248","cellular response to metal ion","4/377","137/15234",0.0291970802919708,1.17980987047184,1.1872039347699,0.336764511306383,0.440970318726558,0.670147681487813,0.462353526093211,"MT1G/SLC13A5/MT1H/KCNK3",4
"GO:2001234","negative regulation of apoptotic signaling pathway","5/377","176/15234",0.0284090909090909,1.14796841089945,1.15434194806011,0.314513673895897,0.441498330428517,0.670627689805162,0.462684697183123,"FGB/SFRP2/IGF1/FGA/FGG",5
"GO:0010717","regulation of epithelial to mesenchymal transition","3/377","99/15234",0.0303030303030303,1.22449963829274,1.23337232620321,0.356976695281702,0.445114175378769,0.673947729561412,0.464975284960229,"NKX2-1/TBX5/SFRP2",3
"GO:0030041","actin filament polymerization","4/377","138/15234",0.0289855072463768,1.17126052358436,1.17826417510304,0.321931669295955,0.446470224757437,0.673947729561412,0.464975284960229,"CSF3/CCL21/ARHGAP40/SPTA1",4
"GO:0042098","T cell proliferation","4/377","138/15234",0.0289855072463768,1.17126052358436,1.17826417510304,0.321931669295955,0.446470224757437,0.673947729561412,0.464975284960229,"ARG1/VTCN1/PLA2G2A/IGF1",4
"GO:0043068","positive regulation of programmed cell death","12/377","453/15234",0.0264900662251656,1.07042352486518,1.07471810642065,0.242388932335507,0.446489933535806,0.673947729561412,0.464975284960229,"ARG1/UBD/ADIPOQ/HRG/TFAP2B/LCN2/KNG1/SFRP2/CASP14/S100A8/WT1/VNN1",12
"GO:0002028","regulation of sodium ion transport","2/377","61/15234",0.0327868852459016,1.32486846110362,1.33767231638418,0.4049809308327,0.447834466241024,0.673947729561412,0.464975284960229,"BPIFA1/NKAIN1",2
"GO:0006576","biogenic amine metabolic process","2/377","61/15234",0.0327868852459016,1.32486846110362,1.33767231638418,0.4049809308327,0.447834466241024,0.673947729561412,0.464975284960229,"CHRNB2/PAH",2
"GO:0034103","regulation of tissue remodeling","2/377","61/15234",0.0327868852459016,1.32486846110362,1.33767231638418,0.4049809308327,0.447834466241024,0.673947729561412,0.464975284960229,"CARTPT/HRG",2
"GO:0048640","negative regulation of developmental growth","2/377","61/15234",0.0327868852459016,1.32486846110362,1.33767231638418,0.4049809308327,0.447834466241024,0.673947729561412,0.464975284960229,"RBP4/TBX5",2
"GO:0050810","regulation of steroid biosynthetic process","2/377","61/15234",0.0327868852459016,1.32486846110362,1.33767231638418,0.4049809308327,0.447834466241024,0.673947729561412,0.464975284960229,"NR1H4/CGA",2
"GO:0060993","kidney morphogenesis","2/377","61/15234",0.0327868852459016,1.32486846110362,1.33767231638418,0.4049809308327,0.447834466241024,0.673947729561412,0.464975284960229,"TCF21/WT1",2
"GO:0071300","cellular response to retinoic acid","2/377","61/15234",0.0327868852459016,1.32486846110362,1.33767231638418,0.4049809308327,0.447834466241024,0.673947729561412,0.464975284960229,"BRINP2/TAT",2
"GO:1900076","regulation of cellular response to insulin stimulus","2/377","61/15234",0.0327868852459016,1.32486846110362,1.33767231638418,0.4049809308327,0.447834466241024,0.673947729561412,0.464975284960229,"NR1H4/AHSG",2
"GO:0003002","regionalization","6/377","217/15234",0.0276497695852535,1.11728538424868,1.12257124972854,0.277191562166935,0.449938338417946,0.673947729561412,0.464975284960229,"LRP2/TDRD1/ASCL1/GREM2/PITX2/WT1",6
"GO:0032355","response to estradiol","3/377","100/15234",0.03,1.21225464190981,1.22057445283643,0.339217435459008,0.451605621178317,0.673947729561412,0.464975284960229,"CARTPT/GRIA1/ESR1",3
"GO:0150115","cell-substrate junction organization","3/377","100/15234",0.03,1.21225464190981,1.22057445283643,0.339217435459008,0.451605621178317,0.673947729561412,0.464975284960229,"HRG/ACTN2/APOD",3
"GO:1904064","positive regulation of cation transmembrane transport","3/377","100/15234",0.03,1.21225464190981,1.22057445283643,0.339217435459008,0.451605621178317,0.673947729561412,0.464975284960229,"F2/LCN2/KCNC2",3
"GO:0016311","dephosphorylation","4/377","139/15234",0.0287769784172662,1.16283418888232,1.16945685632013,0.307209237991588,0.451953436437736,0.673947729561412,0.464975284960229,"PTPRT/PLPPR3/DUSP26/DUSP13B",4
"GO:0000305","response to oxygen radical","1/377","24/15234",0.0416666666666667,1.68368700265252,1.71530989824237,0.533944567265061,0.452212317114759,0.673947729561412,0.464975284960229,"APOA4",1
"GO:0006858","extracellular transport","1/377","24/15234",0.0416666666666667,1.68368700265252,1.71530989824237,0.533944567265061,0.452212317114759,0.673947729561412,0.464975284960229,"AQP4",1
"GO:0007039","protein catabolic process in the vacuole","1/377","24/15234",0.0416666666666667,1.68368700265252,1.71530989824237,0.533944567265061,0.452212317114759,0.673947729561412,0.464975284960229,"LRP2",1
"GO:0007632","visual behavior","1/377","24/15234",0.0416666666666667,1.68368700265252,1.71530989824237,0.533944567265061,0.452212317114759,0.673947729561412,0.464975284960229,"CHRNB2",1
"GO:0010893","positive regulation of steroid biosynthetic process","1/377","24/15234",0.0416666666666667,1.68368700265252,1.71530989824237,0.533944567265061,0.452212317114759,0.673947729561412,0.464975284960229,"CGA",1
"GO:0010996","response to auditory stimulus","1/377","24/15234",0.0416666666666667,1.68368700265252,1.71530989824237,0.533944567265061,0.452212317114759,0.673947729561412,0.464975284960229,"ATP1A2",1
"GO:0014850","response to muscle activity","1/377","24/15234",0.0416666666666667,1.68368700265252,1.71530989824237,0.533944567265061,0.452212317114759,0.673947729561412,0.464975284960229,"RBP4",1
"GO:0016114","terpenoid biosynthetic process","1/377","24/15234",0.0416666666666667,1.68368700265252,1.71530989824237,0.533944567265061,0.452212317114759,0.673947729561412,0.464975284960229,"HMGCS2",1
"GO:0016202","regulation of striated muscle tissue development","1/377","24/15234",0.0416666666666667,1.68368700265252,1.71530989824237,0.533944567265061,0.452212317114759,0.673947729561412,0.464975284960229,"MYF6",1
"GO:0019886","antigen processing and presentation of exogenous peptide antigen via MHC class II","1/377","24/15234",0.0416666666666667,1.68368700265252,1.71530989824237,0.533944567265061,0.452212317114759,0.673947729561412,0.464975284960229,"CTSE",1
"GO:0032727","positive regulation of interferon-alpha production","1/377","24/15234",0.0416666666666667,1.68368700265252,1.71530989824237,0.533944567265061,0.452212317114759,0.673947729561412,0.464975284960229,"MMP12",1
"GO:0043267","negative regulation of potassium ion transport","1/377","24/15234",0.0416666666666667,1.68368700265252,1.71530989824237,0.533944567265061,0.452212317114759,0.673947729561412,0.464975284960229,"ACTN2",1
"GO:0046339","diacylglycerol metabolic process","1/377","24/15234",0.0416666666666667,1.68368700265252,1.71530989824237,0.533944567265061,0.452212317114759,0.673947729561412,0.464975284960229,"APOA2",1
"GO:0046823","negative regulation of nucleocytoplasmic transport","1/377","24/15234",0.0416666666666667,1.68368700265252,1.71530989824237,0.533944567265061,0.452212317114759,0.673947729561412,0.464975284960229,"APOD",1
"GO:0048048","embryonic eye morphogenesis","1/377","24/15234",0.0416666666666667,1.68368700265252,1.71530989824237,0.533944567265061,0.452212317114759,0.673947729561412,0.464975284960229,"SOX11",1
"GO:0048240","sperm capacitation","1/377","24/15234",0.0416666666666667,1.68368700265252,1.71530989824237,0.533944567265061,0.452212317114759,0.673947729561412,0.464975284960229,"DEFB1",1
"GO:0051291","protein heterooligomerization","1/377","24/15234",0.0416666666666667,1.68368700265252,1.71530989824237,0.533944567265061,0.452212317114759,0.673947729561412,0.464975284960229,"KCNC2",1
"GO:0061384","heart trabecula morphogenesis","1/377","24/15234",0.0416666666666667,1.68368700265252,1.71530989824237,0.533944567265061,0.452212317114759,0.673947729561412,0.464975284960229,"RBP4",1
"GO:0071624","positive regulation of granulocyte chemotaxis","1/377","24/15234",0.0416666666666667,1.68368700265252,1.71530989824237,0.533944567265061,0.452212317114759,0.673947729561412,0.464975284960229,"CCL21",1
"GO:0072529","pyrimidine-containing compound catabolic process","1/377","24/15234",0.0416666666666667,1.68368700265252,1.71530989824237,0.533944567265061,0.452212317114759,0.673947729561412,0.464975284960229,"DPYS",1
"GO:0090335","regulation of brown fat cell differentiation","1/377","24/15234",0.0416666666666667,1.68368700265252,1.71530989824237,0.533944567265061,0.452212317114759,0.673947729561412,0.464975284960229,"VSTM2A",1
"GO:1904177","regulation of adipose tissue development","1/377","24/15234",0.0416666666666667,1.68368700265252,1.71530989824237,0.533944567265061,0.452212317114759,0.673947729561412,0.464975284960229,"NR1H4",1
"GO:2000191","regulation of fatty acid transport","1/377","24/15234",0.0416666666666667,1.68368700265252,1.71530989824237,0.533944567265061,0.452212317114759,0.673947729561412,0.464975284960229,"CYP4A11",1
"GO:0050767","regulation of neurogenesis","7/377","257/15234",0.0272373540856031,1.10062029745379,1.10539459459459,0.259141863869237,0.452499324027182,0.674057664114007,0.465051131865972,"LRP2/ASCL1/SOX11/F2/MME/SYT4/NEGR1",7
"GO:0060840","artery development","2/377","62/15234",0.032258064516129,1.30349961495679,1.31528888888889,0.381443665075266,0.456160420258181,0.678552041616993,0.468151927919591,"LRP2/TFAP2B",2
"GO:0071230","cellular response to amino acid stimulus","2/377","62/15234",0.032258064516129,1.30349961495679,1.31528888888889,0.381443665075266,0.456160420258181,0.678552041616993,0.468151927919591,"HMGCS2/GRIA1",2
"GO:0071346","cellular response to type II interferon","2/377","62/15234",0.032258064516129,1.30349961495679,1.31528888888889,0.381443665075266,0.456160420258181,0.678552041616993,0.468151927919591,"ARG1/AQP4",2
"GO:0022898","regulation of transmembrane transporter activity","2/377","63/15234",0.0317460317460317,1.28280914487811,1.2936393442623,0.358306307709874,0.464413702597407,0.684183115825517,0.47203696264839,"SLN/STRIT1",2
"GO:0045661","regulation of myoblast differentiation","2/377","63/15234",0.0317460317460317,1.28280914487811,1.2936393442623,0.358306307709874,0.464413702597407,0.684183115825517,0.47203696264839,"KLHL41/MYF6",2
"GO:0098773","skin epidermis development","2/377","63/15234",0.0317460317460317,1.28280914487811,1.2936393442623,0.358306307709874,0.464413702597407,0.684183115825517,0.47203696264839,"KRT17/CDH3",2
"GO:0098930","axonal transport","2/377","63/15234",0.0317460317460317,1.28280914487811,1.2936393442623,0.358306307709874,0.464413702597407,0.684183115825517,0.47203696264839,"AP3B2/KIF1A",2
"GO:0090263","positive regulation of canonical Wnt signaling pathway","3/377","102/15234",0.0294117647058824,1.18848494304884,1.19575433479177,0.304247078558182,0.464493706226216,0.684183115825517,0.47203696264839,"SCEL/CDH3/SFRP2",3
"GO:0007623","circadian rhythm","5/377","181/15234",0.0276243093922652,1.11625657634421,1.12116630009775,0.250635809234659,0.465617849630502,0.684183115825517,0.47203696264839,"CHRNB2/CARTPT/NKX2-1/HNF4A/IGF1",5
"GO:0002710","negative regulation of T cell mediated immunity","1/377","25/15234",0.04,1.61633952254642,1.64372783687943,0.491289549892603,0.465789960536701,0.684183115825517,0.47203696264839,"ARG1",1
"GO:0007595","lactation","1/377","25/15234",0.04,1.61633952254642,1.64372783687943,0.491289549892603,0.465789960536701,0.684183115825517,0.47203696264839,"CDO1",1
"GO:0016556","mRNA modification","1/377","25/15234",0.04,1.61633952254642,1.64372783687943,0.491289549892603,0.465789960536701,0.684183115825517,0.47203696264839,"A1CF",1
"GO:0017121","plasma membrane phospholipid scrambling","1/377","25/15234",0.04,1.61633952254642,1.64372783687943,0.491289549892603,0.465789960536701,0.684183115825517,0.47203696264839,"XKR7",1
"GO:0030513","positive regulation of BMP signaling pathway","1/377","25/15234",0.04,1.61633952254642,1.64372783687943,0.491289549892603,0.465789960536701,0.684183115825517,0.47203696264839,"SOX11",1
"GO:0033622","integrin activation","1/377","25/15234",0.04,1.61633952254642,1.64372783687943,0.491289549892603,0.465789960536701,0.684183115825517,0.47203696264839,"CXCL13",1
"GO:0034453","microtubule anchoring","1/377","25/15234",0.04,1.61633952254642,1.64372783687943,0.491289549892603,0.465789960536701,0.684183115825517,0.47203696264839,"CCDC187",1
"GO:0035315","hair cell differentiation","1/377","25/15234",0.04,1.61633952254642,1.64372783687943,0.491289549892603,0.465789960536701,0.684183115825517,0.47203696264839,"PITX2",1
"GO:0035909","aorta morphogenesis","1/377","25/15234",0.04,1.61633952254642,1.64372783687943,0.491289549892603,0.465789960536701,0.684183115825517,0.47203696264839,"TFAP2B",1
"GO:0042403","thyroid hormone metabolic process","1/377","25/15234",0.04,1.61633952254642,1.64372783687943,0.491289549892603,0.465789960536701,0.684183115825517,0.47203696264839,"SULT2A1",1
"GO:0045684","positive regulation of epidermis development","1/377","25/15234",0.04,1.61633952254642,1.64372783687943,0.491289549892603,0.465789960536701,0.684183115825517,0.47203696264839,"PKP1",1
"GO:0045761","regulation of adenylate cyclase activity","1/377","25/15234",0.04,1.61633952254642,1.64372783687943,0.491289549892603,0.465789960536701,0.684183115825517,0.47203696264839,"ADCYAP1",1
"GO:0046337","phosphatidylethanolamine metabolic process","1/377","25/15234",0.04,1.61633952254642,1.64372783687943,0.491289549892603,0.465789960536701,0.684183115825517,0.47203696264839,"PLA2G2A",1
"GO:0046685","response to arsenic-containing substance","1/377","25/15234",0.04,1.61633952254642,1.64372783687943,0.491289549892603,0.465789960536701,0.684183115825517,0.47203696264839,"GRIA1",1
"GO:0051894","positive regulation of focal adhesion assembly","1/377","25/15234",0.04,1.61633952254642,1.64372783687943,0.491289549892603,0.465789960536701,0.684183115825517,0.47203696264839,"HRG",1
"GO:0070841","inclusion body assembly","1/377","25/15234",0.04,1.61633952254642,1.64372783687943,0.491289549892603,0.465789960536701,0.684183115825517,0.47203696264839,"UBD",1
"GO:0071312","cellular response to alkaloid","1/377","25/15234",0.04,1.61633952254642,1.64372783687943,0.491289549892603,0.465789960536701,0.684183115825517,0.47203696264839,"SLC1A2",1
"GO:0071676","negative regulation of mononuclear cell migration","1/377","25/15234",0.04,1.61633952254642,1.64372783687943,0.491289549892603,0.465789960536701,0.684183115825517,0.47203696264839,"APOD",1
"GO:0071875","adrenergic receptor signaling pathway","1/377","25/15234",0.04,1.61633952254642,1.64372783687943,0.491289549892603,0.465789960536701,0.684183115825517,0.47203696264839,"CHGA",1
"GO:0090102","cochlea development","1/377","25/15234",0.04,1.61633952254642,1.64372783687943,0.491289549892603,0.465789960536701,0.684183115825517,0.47203696264839,"KCNK3",1
"GO:1901679","nucleotide transmembrane transport","1/377","25/15234",0.04,1.61633952254642,1.64372783687943,0.491289549892603,0.465789960536701,0.684183115825517,0.47203696264839,"SLC25A47",1
"GO:0007584","response to nutrient","4/377","142/15234",0.028169014084507,1.13826726939889,1.14380075377861,0.263686560015494,0.468294686627788,0.687542733130719,0.474354856077395,"FGF23/ASCL1/SFRP2/HMGCS2",4
"GO:0034440","lipid oxidation","3/377","103/15234",0.029126213592233,1.17694625428137,1.18371657754011,0.287027828133945,0.47088807107364,0.690708674089919,0.476539126808049,"ADIPOQ/HAO1/APOD",3
"GO:0072073","kidney epithelium development","3/377","103/15234",0.029126213592233,1.17694625428137,1.18371657754011,0.287027828133945,0.47088807107364,0.690708674089919,0.476539126808049,"TFAP2B/TCF21/WT1",3
"GO:0001657","ureteric bud development","2/377","64/15234",0.03125,1.26276525198939,1.27268817204301,0.335554420727127,0.472592805582458,0.69160456409544,0.477157226242676,"TCF21/WT1",2
"GO:0051893","regulation of focal adhesion assembly","2/377","64/15234",0.03125,1.26276525198939,1.27268817204301,0.335554420727127,0.472592805582458,0.69160456409544,0.477157226242676,"HRG/APOD",2
"GO:0070373","negative regulation of ERK1 and ERK2 cascade","2/377","64/15234",0.03125,1.26276525198939,1.27268817204301,0.335554420727127,0.472592805582458,0.69160456409544,0.477157226242676,"ADIPOQ/DUSP26",2
"GO:0072348","sulfur compound transport","2/377","64/15234",0.03125,1.26276525198939,1.27268817204301,0.335554420727127,0.472592805582458,0.69160456409544,0.477157226242676,"SLC1A2/SLC25A47",2
"GO:0090109","regulation of cell-substrate junction assembly","2/377","64/15234",0.03125,1.26276525198939,1.27268817204301,0.335554420727127,0.472592805582458,0.69160456409544,0.477157226242676,"HRG/APOD",2
"GO:0009259","ribonucleotide metabolic process","9/377","342/15234",0.0263157894736842,1.06338126483317,1.06668625146886,0.188840558162696,0.473372165185199,0.692395303822091,0.477702779575081,"CARTPT/ATP1A2/DPYS/SULT2A1/ALDOB/TRIM63/RUNDC3A/OGDHL/IGF1",9
"GO:0002833","positive regulation of response to biotic stimulus","10/377","382/15234",0.0261780104712042,1.05781382365603,1.06098561425097,0.182292474014035,0.473571226467371,0.692395303822091,0.477702779575081,"NR1H4/PGC/LTF/HRG/MASP1/MMP12/S100A8/LBP/BPIFB1/COLEC11",10
"GO:0032760","positive regulation of tumor necrosis factor production","3/377","104/15234",0.0288461538461538,1.16562946337482,1.17191719171917,0.269980647690364,0.477247874749591,0.693006840069091,0.478124695442201,"ORM2/ORM1/LBP",3
"GO:0034767","positive regulation of monoatomic ion transmembrane transport","3/377","104/15234",0.0288461538461538,1.16562946337482,1.17191719171917,0.269980647690364,0.477247874749591,0.693006840069091,0.478124695442201,"F2/LCN2/KCNC2",3
"GO:0051851","host-mediated perturbation of symbiont process","3/377","104/15234",0.0288461538461538,1.16562946337482,1.17191719171917,0.269980647690364,0.477247874749591,0.693006840069091,0.478124695442201,"LRRC15/LTF/APCS",3
"GO:0001655","urogenital system development","1/377","26/15234",0.0384615384615385,1.5541726178331,1.57787234042553,0.450498676704627,0.479031934688694,0.693006840069091,0.478124695442201,"HOXB13",1
"GO:0001974","blood vessel remodeling","1/377","26/15234",0.0384615384615385,1.5541726178331,1.57787234042553,0.450498676704627,0.479031934688694,0.693006840069091,0.478124695442201,"HRG",1
"GO:0005979","regulation of glycogen biosynthetic process","1/377","26/15234",0.0384615384615385,1.5541726178331,1.57787234042553,0.450498676704627,0.479031934688694,0.693006840069091,0.478124695442201,"IGF1",1
"GO:0009219","pyrimidine deoxyribonucleotide metabolic process","1/377","26/15234",0.0384615384615385,1.5541726178331,1.57787234042553,0.450498676704627,0.479031934688694,0.693006840069091,0.478124695442201,"DPYS",1
"GO:0010171","body morphogenesis","1/377","26/15234",0.0384615384615385,1.5541726178331,1.57787234042553,0.450498676704627,0.479031934688694,0.693006840069091,0.478124695442201,"GREM2",1
"GO:0010613","positive regulation of cardiac muscle hypertrophy","1/377","26/15234",0.0384615384615385,1.5541726178331,1.57787234042553,0.450498676704627,0.479031934688694,0.693006840069091,0.478124695442201,"IGF1",1
"GO:0010962","regulation of glucan biosynthetic process","1/377","26/15234",0.0384615384615385,1.5541726178331,1.57787234042553,0.450498676704627,0.479031934688694,0.693006840069091,0.478124695442201,"IGF1",1
"GO:0014742","positive regulation of muscle hypertrophy","1/377","26/15234",0.0384615384615385,1.5541726178331,1.57787234042553,0.450498676704627,0.479031934688694,0.693006840069091,0.478124695442201,"IGF1",1
"GO:0036296","response to increased oxygen levels","1/377","26/15234",0.0384615384615385,1.5541726178331,1.57787234042553,0.450498676704627,0.479031934688694,0.693006840069091,0.478124695442201,"LCN2",1
"GO:0046677","response to antibiotic","1/377","26/15234",0.0384615384615385,1.5541726178331,1.57787234042553,0.450498676704627,0.479031934688694,0.693006840069091,0.478124695442201,"GRIA1",1
"GO:0048634","regulation of muscle organ development","1/377","26/15234",0.0384615384615385,1.5541726178331,1.57787234042553,0.450498676704627,0.479031934688694,0.693006840069091,0.478124695442201,"MYF6",1
"GO:0051281","positive regulation of release of sequestered calcium ion into cytosol","1/377","26/15234",0.0384615384615385,1.5541726178331,1.57787234042553,0.450498676704627,0.479031934688694,0.693006840069091,0.478124695442201,"F2",1
"GO:0071295","cellular response to vitamin","1/377","26/15234",0.0384615384615385,1.5541726178331,1.57787234042553,0.450498676704627,0.479031934688694,0.693006840069091,0.478124695442201,"FGF23",1
"GO:0086013","membrane repolarization during cardiac muscle cell action potential","1/377","26/15234",0.0384615384615385,1.5541726178331,1.57787234042553,0.450498676704627,0.479031934688694,0.693006840069091,0.478124695442201,"KCNJ3",1
"GO:0098719","sodium ion import across plasma membrane","1/377","26/15234",0.0384615384615385,1.5541726178331,1.57787234042553,0.450498676704627,0.479031934688694,0.693006840069091,0.478124695442201,"SCNN1G",1
"GO:0099170","postsynaptic modulation of chemical synaptic transmission","1/377","26/15234",0.0384615384615385,1.5541726178331,1.57787234042553,0.450498676704627,0.479031934688694,0.693006840069091,0.478124695442201,"IGF1",1
"GO:1901861","regulation of muscle tissue development","1/377","26/15234",0.0384615384615385,1.5541726178331,1.57787234042553,0.450498676704627,0.479031934688694,0.693006840069091,0.478124695442201,"MYF6",1
"GO:1902914","regulation of protein polyubiquitination","1/377","26/15234",0.0384615384615385,1.5541726178331,1.57787234042553,0.450498676704627,0.479031934688694,0.693006840069091,0.478124695442201,"HAMP",1
"GO:1903779","regulation of cardiac conduction","1/377","26/15234",0.0384615384615385,1.5541726178331,1.57787234042553,0.450498676704627,0.479031934688694,0.693006840069091,0.478124695442201,"TBX5",1
"GO:1904752","regulation of vascular associated smooth muscle cell migration","1/377","26/15234",0.0384615384615385,1.5541726178331,1.57787234042553,0.450498676704627,0.479031934688694,0.693006840069091,0.478124695442201,"ADIPOQ",1
"GO:0072163","mesonephric epithelium development","2/377","65/15234",0.0307692307692308,1.24333809426648,1.25240211640212,0.313174317485,0.48069634016354,0.694778752289415,0.479347186970003,"TCF21/WT1",2
"GO:0072164","mesonephric tubule development","2/377","65/15234",0.0307692307692308,1.24333809426648,1.25240211640212,0.313174317485,0.48069634016354,0.694778752289415,0.479347186970003,"TCF21/WT1",2
"GO:0002694","regulation of leukocyte activation","12/377","465/15234",0.0258064516129032,1.04279969196543,1.04537784632133,0.149310176560393,0.482726942805717,0.697394820022336,0.481152084866731,"CHRNB2/ARG1/VTCN1/SOX11/CCL21/FGL1/PLA2G2A/PCK1/IGF1/IL1RL1/LBP/VNN1",12
"GO:0015695","organic cation transport","3/377","105/15234",0.0285714285714286,1.1545282303903,1.16034916640453,0.253101782525824,0.483572089306051,0.698296653401749,0.481774284800326,"CARTPT/SLC38A4/SLC1A2",3
"GO:0042100","B cell proliferation","2/377","66/15234",0.0303030303030303,1.22449963829274,1.23275,0.291153012390087,0.488723030997348,0.703957871773259,0.485680116825649,"CHRNB2/IGHE",2
"GO:0048709","oligodendrocyte differentiation","2/377","66/15234",0.0303030303030303,1.22449963829274,1.23275,0.291153012390087,0.488723030997348,0.703957871773259,0.485680116825649,"SOX11/VTN",2
"GO:0070509","calcium ion import","2/377","66/15234",0.0303030303030303,1.22449963829274,1.23275,0.291153012390087,0.488723030997348,0.703957871773259,0.485680116825649,"SLN/TRPV6",2
"GO:0043409","negative regulation of MAPK cascade","4/377","146/15234",0.0273972602739726,1.10708186475782,1.11127893365555,0.20709725865887,0.489801183693844,0.703957871773259,0.485680116825649,"ADIPOQ/AMBP/DUSP26/DUSP13B",4
"GO:2000241","regulation of reproductive process","3/377","106/15234",0.0283018867924528,1.1436364546319,1.14900576294066,0.236387597141772,0.489859729199704,0.703957871773259,0.485680116825649,"DEFB1/IGF1/WT1",3
"GO:0006026","aminoglycan catabolic process","1/377","27/15234",0.037037037037037,1.49661066902446,1.51708265139116,0.411409190437655,0.491946516528671,0.703957871773259,0.485680116825649,"CHI3L2",1
"GO:0006346","DNA methylation-dependent constitutive heterochromatin formation","1/377","27/15234",0.037037037037037,1.49661066902446,1.51708265139116,0.411409190437655,0.491946516528671,0.703957871773259,0.485680116825649,"TDRD1",1
"GO:0006691","leukotriene metabolic process","1/377","27/15234",0.037037037037037,1.49661066902446,1.51708265139116,0.411409190437655,0.491946516528671,0.703957871773259,0.485680116825649,"CYP4A11",1
"GO:0006783","heme biosynthetic process","1/377","27/15234",0.037037037037037,1.49661066902446,1.51708265139116,0.411409190437655,0.491946516528671,0.703957871773259,0.485680116825649,"ALB",1
"GO:0031664","regulation of lipopolysaccharide-mediated signaling pathway","1/377","27/15234",0.037037037037037,1.49661066902446,1.51708265139116,0.411409190437655,0.491946516528671,0.703957871773259,0.485680116825649,"LTF",1
"GO:0033120","positive regulation of RNA splicing","1/377","27/15234",0.037037037037037,1.49661066902446,1.51708265139116,0.411409190437655,0.491946516528671,0.703957871773259,0.485680116825649,"CELF3",1
"GO:0036336","dendritic cell migration","1/377","27/15234",0.037037037037037,1.49661066902446,1.51708265139116,0.411409190437655,0.491946516528671,0.703957871773259,0.485680116825649,"CCL21",1
"GO:0043173","nucleotide salvage","1/377","27/15234",0.037037037037037,1.49661066902446,1.51708265139116,0.411409190437655,0.491946516528671,0.703957871773259,0.485680116825649,"NMNAT2",1
"GO:0043406","positive regulation of MAP kinase activity","1/377","27/15234",0.037037037037037,1.49661066902446,1.51708265139116,0.411409190437655,0.491946516528671,0.703957871773259,0.485680116825649,"S100A12",1
"GO:0046717","acid secretion","1/377","27/15234",0.037037037037037,1.49661066902446,1.51708265139116,0.411409190437655,0.491946516528671,0.703957871773259,0.485680116825649,"UGT1A3",1
"GO:0055075","potassium ion homeostasis","1/377","27/15234",0.037037037037037,1.49661066902446,1.51708265139116,0.411409190437655,0.491946516528671,0.703957871773259,0.485680116825649,"ATP1A2",1
"GO:0099625","ventricular cardiac muscle cell membrane repolarization","1/377","27/15234",0.037037037037037,1.49661066902446,1.51708265139116,0.411409190437655,0.491946516528671,0.703957871773259,0.485680116825649,"KCNJ3",1
"GO:1902894","negative regulation of miRNA transcription","1/377","27/15234",0.037037037037037,1.49661066902446,1.51708265139116,0.411409190437655,0.491946516528671,0.703957871773259,0.485680116825649,"ESR1",1
"GO:1904738","vascular associated smooth muscle cell migration","1/377","27/15234",0.037037037037037,1.49661066902446,1.51708265139116,0.411409190437655,0.491946516528671,0.703957871773259,0.485680116825649,"ADIPOQ",1
"GO:1905207","regulation of cardiocyte differentiation","1/377","27/15234",0.037037037037037,1.49661066902446,1.51708265139116,0.411409190437655,0.491946516528671,0.703957871773259,0.485680116825649,"TBX5",1
"GO:0019693","ribose phosphate metabolic process","9/377","348/15234",0.0258620689655172,1.04504710509467,1.04737398999615,0.135414551554063,0.494233139497797,0.706909933915175,0.487716826611067,"CARTPT/ATP1A2/DPYS/SULT2A1/ALDOB/TRIM63/RUNDC3A/OGDHL/IGF1",9
"GO:0050863","regulation of T cell activation","8/377","308/15234",0.025974025974026,1.04957111853664,1.05199638663053,0.14000069532199,0.495206054783039,0.707981157471364,0.488455893539327,"ARG1/VTCN1/CCL21/FGL1/PLA2G2A/PCK1/IGF1/VNN1",8
"GO:0002688","regulation of leukocyte chemotaxis","3/377","107/15234",0.0280373831775701,1.13294826346712,1.13788050185109,0.219834570336654,0.496109850557096,0.708632280890638,0.488905121697746,"EDN2/CCL21/CXCL13",3
"GO:1903557","positive regulation of tumor necrosis factor superfamily cytokine production","3/377","107/15234",0.0280373831775701,1.13294826346712,1.13788050185109,0.219834570336654,0.496109850557096,0.708632280890638,0.488905121697746,"ORM2/ORM1/LBP",3
"GO:0150076","neuroinflammatory response","2/377","67/15234",0.0298507462686567,1.20622352428837,1.21370256410256,0.26947817466706,0.496671711696895,0.709114399581701,0.489237748793184,"MMP3/IGF1",2
"GO:0043065","positive regulation of apoptotic process","11/377","430/15234",0.0255813953488372,1.03370550860527,1.035629980307,0.112938862408196,0.498749061830756,0.71155575942275,0.490922110855686,"UBD/ADIPOQ/HRG/TFAP2B/LCN2/KNG1/SFRP2/CASP14/S100A8/WT1/VNN1",11
"GO:0001649","osteoblast differentiation","5/377","188/15234",0.0265957446808511,1.07469383148033,1.07776602620601,0.164153810273042,0.498831876899973,0.71155575942275,0.490922110855686,"FGF23/SOX11/LTF/IGF1/NELL1",5
"GO:0070588","calcium ion transmembrane transport","7/377","269/15234",0.0260223048327138,1.05152199422165,1.05389931916649,0.135808914648915,0.500205832465436,0.713193791801193,0.49205223495661,"SLN/GPM6A/ATP1A2/F2/CCL21/TRDN/TRPV6",7
"GO:0001909","leukocyte mediated cytotoxicity","3/377","108/15234",0.0277777777777778,1.12245800176835,1.12696715049656,0.20343929054642,0.502321550432286,0.713263222203241,0.492100136922239,"ARG1/F2/IGHE",3
"GO:0031397","negative regulation of protein ubiquitination","2/377","68/15234",0.0294117647058824,1.18848494304884,1.19523232323232,0.248138085827938,0.504541320245775,0.713263222203241,0.492100136922239,"BEX1/KLHL40",2
"GO:0042476","odontogenesis","2/377","68/15234",0.0294117647058824,1.18848494304884,1.19523232323232,0.248138085827938,0.504541320245775,0.713263222203241,0.492100136922239,"ITGB6/PITX2",2
"GO:0002837","regulation of immune response to tumor cell","1/377","28/15234",0.0357142857142857,1.44316028798787,1.46079590228526,0.373878242901138,0.504541779451581,0.713263222203241,0.492100136922239,"HRG",1
"GO:0006884","cell volume homeostasis","1/377","28/15234",0.0357142857142857,1.44316028798787,1.46079590228526,0.373878242901138,0.504541779451581,0.713263222203241,0.492100136922239,"AQP4",1
"GO:0010837","regulation of keratinocyte proliferation","1/377","28/15234",0.0357142857142857,1.44316028798787,1.46079590228526,0.373878242901138,0.504541779451581,0.713263222203241,0.492100136922239,"CDH3",1
"GO:0022602","ovulation cycle process","1/377","28/15234",0.0357142857142857,1.44316028798787,1.46079590228526,0.373878242901138,0.504541779451581,0.713263222203241,0.492100136922239,"CGA",1
"GO:0031018","endocrine pancreas development","1/377","28/15234",0.0357142857142857,1.44316028798787,1.46079590228526,0.373878242901138,0.504541779451581,0.713263222203241,0.492100136922239,"MNX1",1
"GO:0032570","response to progesterone","1/377","28/15234",0.0357142857142857,1.44316028798787,1.46079590228526,0.373878242901138,0.504541779451581,0.713263222203241,0.492100136922239,"NKX2-2",1
"GO:0045948","positive regulation of translational initiation","1/377","28/15234",0.0357142857142857,1.44316028798787,1.46079590228526,0.373878242901138,0.504541779451581,0.713263222203241,0.492100136922239,"PKP1",1
"GO:0050974","detection of mechanical stimulus involved in sensory perception","1/377","28/15234",0.0357142857142857,1.44316028798787,1.46079590228526,0.373878242901138,0.504541779451581,0.713263222203241,0.492100136922239,"PTPRQ",1
"GO:0051984","positive regulation of chromosome segregation","1/377","28/15234",0.0357142857142857,1.44316028798787,1.46079590228526,0.373878242901138,0.504541779451581,0.713263222203241,0.492100136922239,"PRAP1",1
"GO:0061383","trabecula morphogenesis","1/377","28/15234",0.0357142857142857,1.44316028798787,1.46079590228526,0.373878242901138,0.504541779451581,0.713263222203241,0.492100136922239,"RBP4",1
"GO:0070231","T cell apoptotic process","1/377","28/15234",0.0357142857142857,1.44316028798787,1.46079590228526,0.373878242901138,0.504541779451581,0.713263222203241,0.492100136922239,"PIP",1
"GO:0071542","dopaminergic neuron differentiation","1/377","28/15234",0.0357142857142857,1.44316028798787,1.46079590228526,0.373878242901138,0.504541779451581,0.713263222203241,0.492100136922239,"SFRP2",1
"GO:0071577","zinc ion transmembrane transport","1/377","28/15234",0.0357142857142857,1.44316028798787,1.46079590228526,0.373878242901138,0.504541779451581,0.713263222203241,0.492100136922239,"SLC30A8",1
"GO:0086010","membrane depolarization during action potential","1/377","28/15234",0.0357142857142857,1.44316028798787,1.46079590228526,0.373878242901138,0.504541779451581,0.713263222203241,0.492100136922239,"ATP1A2",1
"GO:1902230","negative regulation of intrinsic apoptotic signaling pathway in response to DNA damage","1/377","28/15234",0.0357142857142857,1.44316028798787,1.46079590228526,0.373878242901138,0.504541779451581,0.713263222203241,0.492100136922239,"SFRP2",1
"GO:1904893","negative regulation of receptor signaling pathway via STAT","1/377","28/15234",0.0357142857142857,1.44316028798787,1.46079590228526,0.373878242901138,0.504541779451581,0.713263222203241,0.492100136922239,"PTPRT",1
"GO:1903829","positive regulation of protein localization","11/377","432/15234",0.025462962962963,1.02891983495432,1.03056734550835,0.0971349046160766,0.504974831973246,0.713556300343062,0.492302339683079,"SLC2A2/CARTPT/NR1H4/FGB/F2/RBP4/SLC30A8/PKP1/IGF1/FGA/FGG",11
"GO:0033209","tumor necrosis factor-mediated signaling pathway","3/377","109/15234",0.0275229357798165,1.11216022193561,1.11625971143174,0.187198451417006,0.508493966058229,0.718207965464728,0.495511652839893,"NR1H4/APOA1/ADIPOQ",3
"GO:0002221","pattern recognition receptor signaling pathway","7/377","272/15234",0.0257352941176471,1.03992432516773,1.04175420703723,0.105833959730961,0.511935994615899,0.720955744118169,0.497407421764321,"NR1H4/LTF/MASP1/S100A8/LBP/BPIFB1/COLEC11",7
"GO:0005977","glycogen metabolic process","2/377","69/15234",0.0289855072463768,1.17126052358436,1.17731343283582,0.227121600494849,0.512330894571653,0.720955744118169,0.497407421764321,"G6PC1/IGF1",2
"GO:1903578","regulation of ATP metabolic process","2/377","69/15234",0.0289855072463768,1.17126052358436,1.17731343283582,0.227121600494849,0.512330894571653,0.720955744118169,0.497407421764321,"TRIM63/IGF1",2
"GO:0007369","gastrulation","3/377","110/15234",0.0272727272727273,1.10204967446347,1.10575241141486,0.171108847595217,0.514626274093087,0.720955744118169,0.497407421764321,"APOA1/ADIPOQ/VTN",3
"GO:0001837","epithelial to mesenchymal transition","4/377","151/15234",0.0264900662251656,1.07042352486518,1.07311557330707,0.138535220835396,0.516167579629067,0.720955744118169,0.497407421764321,"NKX2-1/TBX5/SFRP2/IGF1",4
"GO:0002495","antigen processing and presentation of peptide antigen via MHC class II","1/377","29/15234",0.0344827586206897,1.39339614012622,1.40852963525836,0.337779832208771,0.51682559828275,0.720955744118169,0.497407421764321,"CTSE",1
"GO:0002825","regulation of T-helper 1 type immune response","1/377","29/15234",0.0344827586206897,1.39339614012622,1.40852963525836,0.337779832208771,0.51682559828275,0.720955744118169,0.497407421764321,"IL1RL1",1
"GO:0002834","regulation of response to tumor cell","1/377","29/15234",0.0344827586206897,1.39339614012622,1.40852963525836,0.337779832208771,0.51682559828275,0.720955744118169,0.497407421764321,"HRG",1
"GO:0006829","zinc ion transport","1/377","29/15234",0.0344827586206897,1.39339614012622,1.40852963525836,0.337779832208771,0.51682559828275,0.720955744118169,0.497407421764321,"SLC30A8",1
"GO:0030947","regulation of vascular endothelial growth factor receptor signaling pathway","1/377","29/15234",0.0344827586206897,1.39339614012622,1.40852963525836,0.337779832208771,0.51682559828275,0.720955744118169,0.497407421764321,"VTN",1
"GO:0032607","interferon-alpha production","1/377","29/15234",0.0344827586206897,1.39339614012622,1.40852963525836,0.337779832208771,0.51682559828275,0.720955744118169,0.497407421764321,"MMP12",1
"GO:0032647","regulation of interferon-alpha production","1/377","29/15234",0.0344827586206897,1.39339614012622,1.40852963525836,0.337779832208771,0.51682559828275,0.720955744118169,0.497407421764321,"MMP12",1
"GO:0032801","receptor catabolic process","1/377","29/15234",0.0344827586206897,1.39339614012622,1.40852963525836,0.337779832208771,0.51682559828275,0.720955744118169,0.497407421764321,"HAMP",1
"GO:0033631","cell-cell adhesion mediated by integrin","1/377","29/15234",0.0344827586206897,1.39339614012622,1.40852963525836,0.337779832208771,0.51682559828275,0.720955744118169,0.497407421764321,"CXCL13",1
"GO:0034162","toll-like receptor 9 signaling pathway","1/377","29/15234",0.0344827586206897,1.39339614012622,1.40852963525836,0.337779832208771,0.51682559828275,0.720955744118169,0.497407421764321,"NR1H4",1
"GO:0035025","positive regulation of Rho protein signal transduction","1/377","29/15234",0.0344827586206897,1.39339614012622,1.40852963525836,0.337779832208771,0.51682559828275,0.720955744118169,0.497407421764321,"APOA1",1
"GO:0042417","dopamine metabolic process","1/377","29/15234",0.0344827586206897,1.39339614012622,1.40852963525836,0.337779832208771,0.51682559828275,0.720955744118169,0.497407421764321,"CHRNB2",1
"GO:0045616","regulation of keratinocyte differentiation","1/377","29/15234",0.0344827586206897,1.39339614012622,1.40852963525836,0.337779832208771,0.51682559828275,0.720955744118169,0.497407421764321,"PKP1",1
"GO:0046676","negative regulation of insulin secretion","1/377","29/15234",0.0344827586206897,1.39339614012622,1.40852963525836,0.337779832208771,0.51682559828275,0.720955744118169,0.497407421764321,"CHGA",1
"GO:0060765","regulation of androgen receptor signaling pathway","1/377","29/15234",0.0344827586206897,1.39339614012622,1.40852963525836,0.337779832208771,0.51682559828275,0.720955744118169,0.497407421764321,"TCF21",1
"GO:0071901","negative regulation of protein serine/threonine kinase activity","1/377","29/15234",0.0344827586206897,1.39339614012622,1.40852963525836,0.337779832208771,0.51682559828275,0.720955744118169,0.497407421764321,"ADIPOQ",1
"GO:0086011","membrane repolarization during action potential","1/377","29/15234",0.0344827586206897,1.39339614012622,1.40852963525836,0.337779832208771,0.51682559828275,0.720955744118169,0.497407421764321,"KCNJ3",1
"GO:0140058","neuron projection arborization","1/377","29/15234",0.0344827586206897,1.39339614012622,1.40852963525836,0.337779832208771,0.51682559828275,0.720955744118169,0.497407421764321,"LRP2",1
"GO:1900017","positive regulation of cytokine production involved in inflammatory response","1/377","29/15234",0.0344827586206897,1.39339614012622,1.40852963525836,0.337779832208771,0.51682559828275,0.720955744118169,0.497407421764321,"IL17REL",1
"GO:1902624","positive regulation of neutrophil migration","1/377","29/15234",0.0344827586206897,1.39339614012622,1.40852963525836,0.337779832208771,0.51682559828275,0.720955744118169,0.497407421764321,"CCL21",1
"GO:1903077","negative regulation of protein localization to plasma membrane","1/377","29/15234",0.0344827586206897,1.39339614012622,1.40852963525836,0.337779832208771,0.51682559828275,0.720955744118169,0.497407421764321,"LRRC15",1
"GO:1904035","regulation of epithelial cell apoptotic process","1/377","29/15234",0.0344827586206897,1.39339614012622,1.40852963525836,0.337779832208771,0.51682559828275,0.720955744118169,0.497407421764321,"CARTPT",1
"GO:2000629","negative regulation of miRNA metabolic process","1/377","29/15234",0.0344827586206897,1.39339614012622,1.40852963525836,0.337779832208771,0.51682559828275,0.720955744118169,0.497407421764321,"ESR1",1
"GO:0001503","ossification","8/377","314/15234",0.0254777070063694,1.02951561945632,1.03094390421028,0.0841841147370019,0.517104253458983,0.721026266071392,0.497456076821468,"FGF23/AHSG/SOX11/LTF/COL2A1/CHRDL1/IGF1/NELL1",8
"GO:0001701","in utero embryonic development","2/377","70/15234",0.0285714285714286,1.1545282303903,1.15992156862745,0.206418110266913,0.520039568273969,0.723523360613564,0.499178891804574,"TFAP2C/IGF1",2
"GO:0001823","mesonephros development","2/377","70/15234",0.0285714285714286,1.1545282303903,1.15992156862745,0.206418110266913,0.520039568273969,0.723523360613564,0.499178891804574,"TCF21/WT1",2
"GO:0042982","amyloid precursor protein metabolic process","2/377","70/15234",0.0285714285714286,1.1545282303903,1.15992156862745,0.206418110266913,0.520039568273969,0.723523360613564,0.499178891804574,"APOA1/IGF1",2
"GO:0043112","receptor metabolic process","2/377","70/15234",0.0285714285714286,1.1545282303903,1.15992156862745,0.206418110266913,0.520039568273969,0.723523360613564,0.499178891804574,"HAMP/GRIA1",2
"GO:0044042","glucan metabolic process","2/377","70/15234",0.0285714285714286,1.1545282303903,1.15992156862745,0.206418110266913,0.520039568273969,0.723523360613564,0.499178891804574,"G6PC1/IGF1",2
"GO:0044272","sulfur compound biosynthetic process","3/377","111/15234",0.027027027027027,1.09212129901785,1.09543969102793,0.155167370725328,0.520717689862577,0.723829647166053,0.499390207416715,"CDO1/SLC1A2/MAT1A",3
"GO:0048771","tissue remodeling","3/377","111/15234",0.027027027027027,1.09212129901785,1.09543969102793,0.155167370725328,0.520717689862577,0.723829647166053,0.499390207416715,"CARTPT/PLG/HRG",3
"GO:0051261","protein depolymerization","3/377","112/15234",0.0267857142857143,1.08237021599091,1.08531619486827,0.139371005639565,0.526767466599418,0.728029038660806,0.502287484418009,"SLN/ACTN2/SPTA1",3
"GO:1903322","positive regulation of protein modification by small protein conjugation or removal","3/377","112/15234",0.0267857142857143,1.08237021599091,1.08531619486827,0.139371005639565,0.526767466599418,0.728029038660806,0.502287484418009,"HAMP/KLHL40/MAGEC2",3
"GO:0009308","amine metabolic process","2/377","71/15234",0.028169014084507,1.13826726939889,1.14303381642512,0.186017510354467,0.527666566500938,0.728029038660806,0.502287484418009,"CHRNB2/PAH",2
"GO:0060291","long-term synaptic potentiation","2/377","71/15234",0.028169014084507,1.13826726939889,1.14303381642512,0.186017510354467,0.527666566500938,0.728029038660806,0.502287484418009,"MME/GRIA1",2
"GO:0032970","regulation of actin filament-based process","9/377","358/15234",0.0251396648044693,1.01585584517582,1.0166625140152,0.0483599295421561,0.528487035468291,0.728029038660806,0.502287484418009,"APOA1/ATP1A2/CSF3/HRG/CCL21/ACTN2/ARHGAP40/SPTA1/STRIT1",9
"GO:0001541","ovarian follicle development","1/377","30/15234",0.0333333333333333,1.34694960212202,1.35986793837124,0.303002300020536,0.52880565414907,0.728029038660806,0.502287484418009,"CGA",1
"GO:0003352","regulation of cilium movement","1/377","30/15234",0.0333333333333333,1.34694960212202,1.35986793837124,0.303002300020536,0.52880565414907,0.728029038660806,0.502287484418009,"DEFB1",1
"GO:0006779","porphyrin-containing compound biosynthetic process","1/377","30/15234",0.0333333333333333,1.34694960212202,1.35986793837124,0.303002300020536,0.52880565414907,0.728029038660806,0.502287484418009,"ALB",1
"GO:0008299","isoprenoid biosynthetic process","1/377","30/15234",0.0333333333333333,1.34694960212202,1.35986793837124,0.303002300020536,0.52880565414907,0.728029038660806,0.502287484418009,"HMGCS2",1
"GO:0014003","oligodendrocyte development","1/377","30/15234",0.0333333333333333,1.34694960212202,1.35986793837124,0.303002300020536,0.52880565414907,0.728029038660806,0.502287484418009,"SOX11",1
"GO:0030890","positive regulation of B cell proliferation","1/377","30/15234",0.0333333333333333,1.34694960212202,1.35986793837124,0.303002300020536,0.52880565414907,0.728029038660806,0.502287484418009,"CHRNB2",1
"GO:0033014","tetrapyrrole biosynthetic process","1/377","30/15234",0.0333333333333333,1.34694960212202,1.35986793837124,0.303002300020536,0.52880565414907,0.728029038660806,0.502287484418009,"ALB",1
"GO:0045920","negative regulation of exocytosis","1/377","30/15234",0.0333333333333333,1.34694960212202,1.35986793837124,0.303002300020536,0.52880565414907,0.728029038660806,0.502287484418009,"SYT4",1
"GO:0046471","phosphatidylglycerol metabolic process","1/377","30/15234",0.0333333333333333,1.34694960212202,1.35986793837124,0.303002300020536,0.52880565414907,0.728029038660806,0.502287484418009,"PLA2G2A",1
"GO:0048384","retinoic acid receptor signaling pathway","1/377","30/15234",0.0333333333333333,1.34694960212202,1.35986793837124,0.303002300020536,0.52880565414907,0.728029038660806,0.502287484418009,"PRAME",1
"GO:0070293","renal absorption","1/377","30/15234",0.0333333333333333,1.34694960212202,1.35986793837124,0.303002300020536,0.52880565414907,0.728029038660806,0.502287484418009,"ADIPOQ",1
"GO:0070873","regulation of glycogen metabolic process","1/377","30/15234",0.0333333333333333,1.34694960212202,1.35986793837124,0.303002300020536,0.52880565414907,0.728029038660806,0.502287484418009,"IGF1",1
"GO:0070884","regulation of calcineurin-NFAT signaling cascade","1/377","30/15234",0.0333333333333333,1.34694960212202,1.35986793837124,0.303002300020536,0.52880565414907,0.728029038660806,0.502287484418009,"IGF1",1
"GO:0072091","regulation of stem cell proliferation","1/377","30/15234",0.0333333333333333,1.34694960212202,1.35986793837124,0.303002300020536,0.52880565414907,0.728029038660806,0.502287484418009,"SOX11",1
"GO:0090317","negative regulation of intracellular protein transport","1/377","30/15234",0.0333333333333333,1.34694960212202,1.35986793837124,0.303002300020536,0.52880565414907,0.728029038660806,0.502287484418009,"APOD",1
"GO:1901223","negative regulation of non-canonical NF-kappaB signal transduction","1/377","30/15234",0.0333333333333333,1.34694960212202,1.35986793837124,0.303002300020536,0.52880565414907,0.728029038660806,0.502287484418009,"NLRP2",1
"GO:2000179","positive regulation of neural precursor cell proliferation","1/377","30/15234",0.0333333333333333,1.34694960212202,1.35986793837124,0.303002300020536,0.52880565414907,0.728029038660806,0.502287484418009,"LRP2",1
"GO:0045017","glycerolipid biosynthetic process","6/377","236/15234",0.0254237288135593,1.02733444229645,1.02850111332474,0.0674135781021538,0.531147438396348,0.73071521040548,0.504140749022439,"NR1H4/APOA1/IP6K3/APOA2/PTPRQ/PCK1",6
"GO:0010563","negative regulation of phosphorus metabolic process","4/377","154/15234",0.025974025974026,1.04957111853664,1.05143878462913,0.0984886631831981,0.531681424844228,0.73071521040548,0.504140749022439,"ADIPOQ/ALDOB/TRIM63/SFRP2",4
"GO:0016052","carbohydrate catabolic process","4/377","154/15234",0.025974025974026,1.04957111853664,1.05143878462913,0.0984886631831981,0.531681424844228,0.73071521040548,0.504140749022439,"ALDOB/TRIM63/OGDHL/IGF1",4
"GO:0045936","negative regulation of phosphate metabolic process","4/377","154/15234",0.025974025974026,1.04957111853664,1.05143878462913,0.0984886631831981,0.531681424844228,0.73071521040548,0.504140749022439,"ADIPOQ/ALDOB/TRIM63/SFRP2",4
"GO:1901875","positive regulation of post-translational protein modification","3/377","113/15234",0.0265486725663717,1.07279171850426,1.07537676227516,0.123716826731431,0.532774894680884,0.7318998009936,0.504958031019413,"HAMP/KLHL40/MAGEC2",3
"GO:0002090","regulation of receptor internalization","2/377","72/15234",0.0277777777777778,1.12245800176835,1.12662857142857,0.165910168732502,0.535211201971123,0.734289327009861,0.506606631484398,"HAMP/SELE",2
"GO:0043502","regulation of muscle adaptation","2/377","72/15234",0.0277777777777778,1.12245800176835,1.12662857142857,0.165910168732502,0.535211201971123,0.734289327009861,0.506606631484398,"TRIM63/IGF1",2
"GO:0150116","regulation of cell-substrate junction organization","2/377","72/15234",0.0277777777777778,1.12245800176835,1.12662857142857,0.165910168732502,0.535211201971123,0.734289327009861,0.506606631484398,"HRG/APOD",2
"GO:1902905","positive regulation of supramolecular fiber organization","4/377","155/15234",0.0258064516129032,1.04279969196543,1.0444045949257,0.0853135583391488,0.536798287885063,0.734833168778159,0.506981843047693,"APOA1/CSF3/CCL21/ACTN2",4
"GO:0010212","response to ionizing radiation","3/377","114/15234",0.0263157894736842,1.06338126483317,1.06561641855759,0.108201994501531,0.538739300865388,0.734833168778159,0.506981843047693,"LCN2/PRAP1/SFRP2",3
"GO:0045860","positive regulation of protein kinase activity","3/377","114/15234",0.0263157894736842,1.06338126483317,1.06561641855759,0.108201994501531,0.538739300865388,0.734833168778159,0.506981843047693,"S100A12/ADCYAP1/IGF1",3
"GO:0060348","bone development","3/377","114/15234",0.0263157894736842,1.06338126483317,1.06561641855759,0.108201994501531,0.538739300865388,0.734833168778159,0.506981843047693,"LTF/PITX2/IGF1",3
"GO:0110053","regulation of actin filament organization","6/377","238/15234",0.0252100840336134,1.01870137975615,1.01949530625523,0.0463203941620218,0.53942267263579,0.734833168778159,0.506981843047693,"APOA1/CSF3/CCL21/ACTN2/ARHGAP40/SPTA1",6
"GO:0002504","antigen processing and presentation of peptide or polysaccharide antigen via MHC class II","1/377","31/15234",0.032258064516129,1.30349961495679,1.31445035460993,0.269446271314438,0.540489439231009,0.734833168778159,0.506981843047693,"CTSE",1
"GO:0003161","cardiac conduction system development","1/377","31/15234",0.032258064516129,1.30349961495679,1.31445035460993,0.269446271314438,0.540489439231009,0.734833168778159,0.506981843047693,"TBX5",1
"GO:0006099","tricarboxylic acid cycle","1/377","31/15234",0.032258064516129,1.30349961495679,1.31445035460993,0.269446271314438,0.540489439231009,0.734833168778159,0.506981843047693,"OGDHL",1
"GO:0006654","phosphatidic acid biosynthetic process","1/377","31/15234",0.032258064516129,1.30349961495679,1.31445035460993,0.269446271314438,0.540489439231009,0.734833168778159,0.506981843047693,"NR1H4",1
"GO:0009264","deoxyribonucleotide catabolic process","1/377","31/15234",0.032258064516129,1.30349961495679,1.31445035460993,0.269446271314438,0.540489439231009,0.734833168778159,0.506981843047693,"DPYS",1
"GO:0014888","striated muscle adaptation","1/377","31/15234",0.032258064516129,1.30349961495679,1.31445035460993,0.269446271314438,0.540489439231009,0.734833168778159,0.506981843047693,"TRIM63",1
"GO:0042401","biogenic amine biosynthetic process","1/377","31/15234",0.032258064516129,1.30349961495679,1.31445035460993,0.269446271314438,0.540489439231009,0.734833168778159,0.506981843047693,"PAH",1
"GO:0042475","odontogenesis of dentin-containing tooth","1/377","31/15234",0.032258064516129,1.30349961495679,1.31445035460993,0.269446271314438,0.540489439231009,0.734833168778159,0.506981843047693,"ITGB6",1
"GO:0045429","positive regulation of nitric oxide biosynthetic process","1/377","31/15234",0.032258064516129,1.30349961495679,1.31445035460993,0.269446271314438,0.540489439231009,0.734833168778159,0.506981843047693,"ESR1",1
"GO:0045601","regulation of endothelial cell differentiation","1/377","31/15234",0.032258064516129,1.30349961495679,1.31445035460993,0.269446271314438,0.540489439231009,0.734833168778159,0.506981843047693,"TMEM100",1
"GO:0046386","deoxyribose phosphate catabolic process","1/377","31/15234",0.032258064516129,1.30349961495679,1.31445035460993,0.269446271314438,0.540489439231009,0.734833168778159,0.506981843047693,"DPYS",1
"GO:0051154","negative regulation of striated muscle cell differentiation","1/377","31/15234",0.032258064516129,1.30349961495679,1.31445035460993,0.269446271314438,0.540489439231009,0.734833168778159,0.506981843047693,"CEACAM5",1
"GO:0061053","somite development","1/377","31/15234",0.032258064516129,1.30349961495679,1.31445035460993,0.269446271314438,0.540489439231009,0.734833168778159,0.506981843047693,"SFRP2",1
"GO:0090022","regulation of neutrophil chemotaxis","1/377","31/15234",0.032258064516129,1.30349961495679,1.31445035460993,0.269446271314438,0.540489439231009,0.734833168778159,0.506981843047693,"CCL21",1
"GO:0106056","regulation of calcineurin-mediated signaling","1/377","31/15234",0.032258064516129,1.30349961495679,1.31445035460993,0.269446271314438,0.540489439231009,0.734833168778159,0.506981843047693,"IGF1",1
"GO:1905820","positive regulation of chromosome separation","1/377","31/15234",0.032258064516129,1.30349961495679,1.31445035460993,0.269446271314438,0.540489439231009,0.734833168778159,0.506981843047693,"PRAP1",1
"GO:0002822","regulation of adaptive immune response based on somatic recombination of immune receptors built from immunoglobulin superfamily domains","4/377","156/15234",0.0256410256410256,1.0361150785554,1.03746296034994,0.0722232168233625,0.541887070786856,0.736416608236135,0.508074301974246,"ARG1/IL1RL1/C4BPA/C4BPB",4
"GO:0006939","smooth muscle contraction","2/377","73/15234",0.0273972602739726,1.10708186475782,1.11068544600939,0.146086897590625,0.542672871134979,0.736607616009804,0.508206083550317,"CHRNB2/EDN2",2
"GO:0010562","positive regulation of phosphorus metabolic process","7/377","280/15234",0.025,1.01021220159151,1.01067221067221,0.0274737246489618,0.542726712333702,0.736607616009804,0.508206083550317,"NR1H4/ITLN1/MUSK/S100A12/APOC2/ADCYAP1/IGF1",7
"GO:0045937","positive regulation of phosphate metabolic process","7/377","280/15234",0.025,1.01021220159151,1.01067221067221,0.0274737246489618,0.542726712333702,0.736607616009804,0.508206083550317,"NR1H4/ITLN1/MUSK/S100A12/APOC2/ADCYAP1/IGF1",7
"GO:0002366","leukocyte activation involved in immune response","6/377","239/15234",0.0251046025104603,1.01443903088687,1.0150503800192,0.0358394713766672,0.543536838482405,0.737390534954026,0.508746241107384,"CD177/IGHE/CPLX2/CHGA/PCK1/LBP",6
"GO:0002832","negative regulation of response to biotic stimulus","3/377","115/15234",0.0260869565217391,1.05413447122593,1.05603036669213,0.0928237522662425,0.544660047528999,0.738280621886434,0.509360336840454,"ARG1/LTF/MMP12",3
"GO:0043467","regulation of generation of precursor metabolites and energy","3/377","115/15234",0.0260869565217391,1.05413447122593,1.05603036669213,0.0928237522662425,0.544660047528999,0.738280621886434,0.509360336840454,"ALDOB/TRIM63/IGF1",3
"GO:0009150","purine ribonucleotide metabolic process","8/377","322/15234",0.0248447204968944,1.00393759164374,1.00412545526729,0.0113759715566624,0.545786631264502,0.739490587838444,0.51019512600681,"CARTPT/ATP1A2/SULT2A1/ALDOB/TRIM63/RUNDC3A/OGDHL/IGF1",8
"GO:0044788","host-mediated perturbation of viral process","2/377","74/15234",0.027027027027027,1.09212129901785,1.09518518518519,0.126538926879305,0.550051050471896,0.743925863658912,0.513255146165704,"LTF/APCS",2
"GO:0050848","regulation of calcium-mediated signaling","2/377","74/15234",0.027027027027027,1.09212129901785,1.09518518518519,0.126538926879305,0.550051050471896,0.743925863658912,0.513255146165704,"EDN2/IGF1",2
"GO:1902893","regulation of miRNA transcription","2/377","74/15234",0.027027027027027,1.09212129901785,1.09518518518519,0.126538926879305,0.550051050471896,0.743925863658912,0.513255146165704,"WT1/ESR1",2
"GO:0002758","innate immune response-activating signaling pathway","7/377","282/15234",0.024822695035461,1.00304757604831,1.00318427518428,0.00822862547908176,0.550300895396476,0.743925863658912,0.513255146165704,"NR1H4/LTF/MASP1/S100A8/LBP/BPIFB1/COLEC11",7
"GO:0007565","female pregnancy","3/377","116/15234",0.0258620689655172,1.04504710509467,1.04661397946145,0.0775794230201955,0.550536531902712,0.743925863658912,0.513255146165704,"AMBP/SCGB1A1/ADCYAP1",3
"GO:0072006","nephron development","3/377","116/15234",0.0258620689655172,1.04504710509467,1.04661397946145,0.0775794230201955,0.550536531902712,0.743925863658912,0.513255146165704,"TFAP2B/TCF21/WT1",3
"GO:0009309","amine biosynthetic process","1/377","32/15234",0.03125,1.26276525198939,1.2719629375429,0.237022946806437,0.551884261398339,0.743925863658912,0.513255146165704,"PAH",1
"GO:0010614","negative regulation of cardiac muscle hypertrophy","1/377","32/15234",0.03125,1.26276525198939,1.2719629375429,0.237022946806437,0.551884261398339,0.743925863658912,0.513255146165704,"TRIM63",1
"GO:0090266","regulation of mitotic cell cycle spindle assembly checkpoint","1/377","32/15234",0.03125,1.26276525198939,1.2719629375429,0.237022946806437,0.551884261398339,0.743925863658912,0.513255146165704,"PRAP1",1
"GO:0150117","positive regulation of cell-substrate junction organization","1/377","32/15234",0.03125,1.26276525198939,1.2719629375429,0.237022946806437,0.551884261398339,0.743925863658912,0.513255146165704,"HRG",1
"GO:1902229","regulation of intrinsic apoptotic signaling pathway in response to DNA damage","1/377","32/15234",0.03125,1.26276525198939,1.2719629375429,0.237022946806437,0.551884261398339,0.743925863658912,0.513255146165704,"SFRP2",1
"GO:1903504","regulation of mitotic spindle checkpoint","1/377","32/15234",0.03125,1.26276525198939,1.2719629375429,0.237022946806437,0.551884261398339,0.743925863658912,0.513255146165704,"PRAP1",1
"GO:0051962","positive regulation of nervous system development","5/377","200/15234",0.025,1.01021220159151,1.01061483319548,0.0231576741466007,0.553801337164415,0.746073103180879,0.514736586438905,"SLITRK6/LRRC15/LRP2/SOX11/MME",5
"GO:0044089","positive regulation of cellular component biogenesis","11/377","448/15234",0.0245535714285714,0.992172697991664,0.991734503757612,-0.0267869693945367,0.553949248075142,0.746073103180879,0.514736586438905,"SLITRK6/LRRC15/APOA1/GPM6A/CSF3/HRG/CCL21/CHGA/TBX5/CXCL13/MMP3",11
"GO:0051249","regulation of lymphocyte activation","10/377","407/15234",0.0245700245700246,0.992837544561682,0.992457051867206,-0.0233308374721587,0.554520885836673,0.74652492339426,0.515048309771817,"CHRNB2/ARG1/VTCN1/SOX11/CCL21/FGL1/PLA2G2A/PCK1/IGF1/VNN1",10
"GO:0003300","cardiac muscle hypertrophy","2/377","75/15234",0.0266666666666667,1.07755968169761,1.0801095890411,0.107257879772072,0.557345292918428,0.749688711027724,0.517231094863149,"TRIM63/IGF1",2
"GO:0061614","miRNA transcription","2/377","75/15234",0.0266666666666667,1.07755968169761,1.0801095890411,0.107257879772072,0.557345292918428,0.749688711027724,0.517231094863149,"WT1/ESR1",2
"GO:0046474","glycerophospholipid biosynthetic process","5/377","201/15234",0.0248756218905473,1.00518627024031,1.00539005924951,0.0117903901727411,0.558250754130717,0.750583847846143,0.517848674653044,"NR1H4/APOA1/IP6K3/APOA2/PTPRQ",5
"GO:0031401","positive regulation of protein modification process","8/377","326/15234",0.0245398773006135,0.991619338985533,0.991222239266418,-0.0243654937727676,0.559873349013103,0.750583847846143,0.517848674653044,"ITLN1/HAMP/MUSK/KLHL40/S100A12/ADCYAP1/IGF1/MAGEC2",8
"GO:2001233","regulation of apoptotic signaling pathway","7/377","285/15234",0.0245614035087719,0.992489180510959,0.992154384600428,-0.0203892625392996,0.561561059371311,0.750583847846143,0.517848674653044,"FGB/SFRP2/IGF1/S100A8/FGA/VNN1/FGG",7
"GO:0001843","neural tube closure","1/377","33/15234",0.0303030303030303,1.22449963829274,1.23213098404255,0.205652678602792,0.562997248732428,0.750583847846143,0.517848674653044,"LRP2",1
"GO:0002418","immune response to tumor cell","1/377","33/15234",0.0303030303030303,1.22449963829274,1.23213098404255,0.205652678602792,0.562997248732428,0.750583847846143,0.517848674653044,"HRG",1
"GO:0006376","mRNA splice site recognition","1/377","33/15234",0.0303030303030303,1.22449963829274,1.23213098404255,0.205652678602792,0.562997248732428,0.750583847846143,0.517848674653044,"CELF3",1
"GO:0009218","pyrimidine ribonucleotide metabolic process","1/377","33/15234",0.0303030303030303,1.22449963829274,1.23213098404255,0.205652678602792,0.562997248732428,0.750583847846143,0.517848674653044,"DPYS",1
"GO:0010526","transposable element silencing","1/377","33/15234",0.0303030303030303,1.22449963829274,1.23213098404255,0.205652678602792,0.562997248732428,0.750583847846143,0.517848674653044,"TDRD1",1
"GO:0032620","interleukin-17 production","1/377","33/15234",0.0303030303030303,1.22449963829274,1.23213098404255,0.205652678602792,0.562997248732428,0.750583847846143,0.517848674653044,"NR1H4",1
"GO:0032660","regulation of interleukin-17 production","1/377","33/15234",0.0303030303030303,1.22449963829274,1.23213098404255,0.205652678602792,0.562997248732428,0.750583847846143,0.517848674653044,"NR1H4",1
"GO:0032885","regulation of polysaccharide biosynthetic process","1/377","33/15234",0.0303030303030303,1.22449963829274,1.23213098404255,0.205652678602792,0.562997248732428,0.750583847846143,0.517848674653044,"IGF1",1
"GO:0033280","response to vitamin D","1/377","33/15234",0.0303030303030303,1.22449963829274,1.23213098404255,0.205652678602792,0.562997248732428,0.750583847846143,0.517848674653044,"FGF23",1
"GO:0034121","regulation of toll-like receptor signaling pathway","1/377","33/15234",0.0303030303030303,1.22449963829274,1.23213098404255,0.205652678602792,0.562997248732428,0.750583847846143,0.517848674653044,"S100A8",1
"GO:0035459","vesicle cargo loading","1/377","33/15234",0.0303030303030303,1.22449963829274,1.23213098404255,0.205652678602792,0.562997248732428,0.750583847846143,0.517848674653044,"AP3B2",1
"GO:0043647","inositol phosphate metabolic process","1/377","33/15234",0.0303030303030303,1.22449963829274,1.23213098404255,0.205652678602792,0.562997248732428,0.750583847846143,0.517848674653044,"IP6K3",1
"GO:0045776","negative regulation of blood pressure","1/377","33/15234",0.0303030303030303,1.22449963829274,1.23213098404255,0.205652678602792,0.562997248732428,0.750583847846143,0.517848674653044,"ADIPOQ",1
"GO:0050860","negative regulation of T cell receptor signaling pathway","1/377","33/15234",0.0303030303030303,1.22449963829274,1.23213098404255,0.205652678602792,0.562997248732428,0.750583847846143,0.517848674653044,"FGL1",1
"GO:0060412","ventricular septum morphogenesis","1/377","33/15234",0.0303030303030303,1.22449963829274,1.23213098404255,0.205652678602792,0.562997248732428,0.750583847846143,0.517848674653044,"SOX11",1
"GO:0060606","tube closure","1/377","33/15234",0.0303030303030303,1.22449963829274,1.23213098404255,0.205652678602792,0.562997248732428,0.750583847846143,0.517848674653044,"LRP2",1
"GO:0090231","regulation of spindle checkpoint","1/377","33/15234",0.0303030303030303,1.22449963829274,1.23213098404255,0.205652678602792,0.562997248732428,0.750583847846143,0.517848674653044,"PRAP1",1
"GO:1903580","positive regulation of ATP metabolic process","1/377","33/15234",0.0303030303030303,1.22449963829274,1.23213098404255,0.205652678602792,0.562997248732428,0.750583847846143,0.517848674653044,"IGF1",1
"GO:0002263","cell activation involved in immune response","6/377","244/15234",0.0245901639344262,0.993651345827717,0.993386033658747,-0.0159247858847642,0.563860776145169,0.751393290274809,0.518407131499799,"CD177/IGHE/CPLX2/CHGA/PCK1/LBP",6
"GO:0006112","energy reserve metabolic process","2/377","76/15234",0.0263157894736842,1.06338126483317,1.06544144144144,0.0882357498811011,0.564555224423496,0.751393290274809,0.518407131499799,"G6PC1/IGF1",2
"GO:0032436","positive regulation of proteasomal ubiquitin-dependent protein catabolic process","2/377","76/15234",0.0263157894736842,1.06338126483317,1.06544144144144,0.0882357498811011,0.564555224423496,0.751393290274809,0.518407131499799,"HAMP/KLHL40",2
"GO:1903321","negative regulation of protein modification by small protein conjugation or removal","2/377","76/15234",0.0263157894736842,1.06338126483317,1.06544144144144,0.0882357498811011,0.564555224423496,0.751393290274809,0.518407131499799,"BEX1/KLHL40",2
"GO:0050807","regulation of synapse organization","7/377","286/15234",0.0244755244755245,0.989018938621061,0.988530465949821,-0.029863013149282,0.565286510964213,0.752049941564763,0.518860173489961,"SLITRK6/CHRNB2/LRRC15/GPM6A/MUSK/NEGR1/KIF1A",7
"GO:0048813","dendrite morphogenesis","3/377","119/15234",0.0252100840336134,1.01870137975615,1.01933892679329,0.0326242764563069,0.567894890450336,0.755202250194999,0.521035038897669,"CHRNB2/KNDC1/KIF1A",3
"GO:0022604","regulation of cell morphogenesis","5/377","204/15234",0.0245098039215686,0.990404119207365,0.990030799157076,-0.0219795234532073,0.571465677187884,0.755474199832402,0.521222664516986,"UNC13A/EPB42/RIMS2/SPTA1/SYT4",5
"GO:0014897","striated muscle hypertrophy","2/377","77/15234",0.025974025974026,1.04957111853664,1.05116444444444,0.0694648800793174,0.57168054062651,0.755474199832402,0.521222664516986,"TRIM63/IGF1",2
"GO:0032273","positive regulation of protein polymerization","2/377","77/15234",0.025974025974026,1.04957111853664,1.05116444444444,0.0694648800793174,0.57168054062651,0.755474199832402,0.521222664516986,"CSF3/CCL21",2
"GO:0043242","negative regulation of protein-containing complex disassembly","2/377","77/15234",0.025974025974026,1.04957111853664,1.05116444444444,0.0694648800793174,0.57168054062651,0.755474199832402,0.521222664516986,"SLN/SPTA1",2
"GO:0051057","positive regulation of small GTPase mediated signal transduction","2/377","77/15234",0.025974025974026,1.04957111853664,1.05116444444444,0.0694648800793174,0.57168054062651,0.755474199832402,0.521222664516986,"APOA1/IGF1",2
"GO:0071887","leukocyte apoptotic process","2/377","77/15234",0.025974025974026,1.04957111853664,1.05116444444444,0.0694648800793174,0.57168054062651,0.755474199832402,0.521222664516986,"CCL21/PIP",2
"GO:0006650","glycerophospholipid metabolic process","7/377","288/15234",0.0243055555555556,0.982150751547303,0.981360007694527,-0.0487137456423185,0.572694110040291,0.755474199832402,0.521222664516986,"NR1H4/APOA4/APOA1/IP6K3/APOA2/PTPRQ/PLA2G2A",7
"GO:0043244","regulation of protein-containing complex disassembly","3/377","120/15234",0.025,1.01021220159151,1.0105580693816,0.0178903207864544,0.573588968484571,0.755474199832402,0.521222664516986,"SLN/ACTN2/SPTA1",3
"GO:0002369","T cell cytokine production","1/377","34/15234",0.0294117647058824,1.18848494304884,1.19471308833011,0.175263775002519,0.573835353937867,0.755474199832402,0.521222664516986,"ARG1",1
"GO:0002724","regulation of T cell cytokine production","1/377","34/15234",0.0294117647058824,1.18848494304884,1.19471308833011,0.175263775002519,0.573835353937867,0.755474199832402,0.521222664516986,"ARG1",1
"GO:0010591","regulation of lamellipodium assembly","1/377","34/15234",0.0294117647058824,1.18848494304884,1.19471308833011,0.175263775002519,0.573835353937867,0.755474199832402,0.521222664516986,"HRG",1
"GO:0014741","negative regulation of muscle hypertrophy","1/377","34/15234",0.0294117647058824,1.18848494304884,1.19471308833011,0.175263775002519,0.573835353937867,0.755474199832402,0.521222664516986,"TRIM63",1
"GO:0032197","retrotransposition","1/377","34/15234",0.0294117647058824,1.18848494304884,1.19471308833011,0.175263775002519,0.573835353937867,0.755474199832402,0.521222664516986,"TDRD1",1
"GO:0032965","regulation of collagen biosynthetic process","1/377","34/15234",0.0294117647058824,1.18848494304884,1.19471308833011,0.175263775002519,0.573835353937867,0.755474199832402,0.521222664516986,"F2",1
"GO:0045665","negative regulation of neuron differentiation","1/377","34/15234",0.0294117647058824,1.18848494304884,1.19471308833011,0.175263775002519,0.573835353937867,0.755474199832402,0.521222664516986,"ASCL1",1
"GO:0045981","positive regulation of nucleotide metabolic process","1/377","34/15234",0.0294117647058824,1.18848494304884,1.19471308833011,0.175263775002519,0.573835353937867,0.755474199832402,0.521222664516986,"IGF1",1
"GO:0051503","adenine nucleotide transport","1/377","34/15234",0.0294117647058824,1.18848494304884,1.19471308833011,0.175263775002519,0.573835353937867,0.755474199832402,0.521222664516986,"SLC25A47",1
"GO:0086005","ventricular cardiac muscle cell action potential","1/377","34/15234",0.0294117647058824,1.18848494304884,1.19471308833011,0.175263775002519,0.573835353937867,0.755474199832402,0.521222664516986,"KCNJ3",1
"GO:0098703","calcium ion import across plasma membrane","1/377","34/15234",0.0294117647058824,1.18848494304884,1.19471308833011,0.175263775002519,0.573835353937867,0.755474199832402,0.521222664516986,"TRPV6",1
"GO:1900544","positive regulation of purine nucleotide metabolic process","1/377","34/15234",0.0294117647058824,1.18848494304884,1.19471308833011,0.175263775002519,0.573835353937867,0.755474199832402,0.521222664516986,"IGF1",1
"GO:1902656","calcium ion import into cytosol","1/377","34/15234",0.0294117647058824,1.18848494304884,1.19471308833011,0.175263775002519,0.573835353937867,0.755474199832402,0.521222664516986,"TRPV6",1
"GO:1904376","negative regulation of protein localization to cell periphery","1/377","34/15234",0.0294117647058824,1.18848494304884,1.19471308833011,0.175263775002519,0.573835353937867,0.755474199832402,0.521222664516986,"LRRC15",1
"GO:1905332","positive regulation of morphogenesis of an epithelium","1/377","34/15234",0.0294117647058824,1.18848494304884,1.19471308833011,0.175263775002519,0.573835353937867,0.755474199832402,0.521222664516986,"LCN2",1
"GO:1905476","negative regulation of protein localization to membrane","1/377","34/15234",0.0294117647058824,1.18848494304884,1.19471308833011,0.175263775002519,0.573835353937867,0.755474199832402,0.521222664516986,"LRRC15",1
"GO:0001934","positive regulation of protein phosphorylation","5/377","205/15234",0.024390243902439,0.985572879601475,0.985013440860215,-0.0331275546342201,0.575825106063635,0.757491881874942,0.522614719481397,"ITLN1/MUSK/S100A12/ADCYAP1/IGF1",5
"GO:0048511","rhythmic process","6/377","247/15234",0.0242914979757085,0.98158270599985,0.980818914898614,-0.0464852079773088,0.575847197768265,0.757491881874942,0.522614719481397,"CHRNB2/CARTPT/NKX2-1/CGA/HNF4A/IGF1",6
"GO:0050803","regulation of synapse structure or activity","7/377","289/15234",0.0242214532871972,0.978752306040219,0.977812919302281,-0.0580912335315024,0.576375808708814,0.757645497012748,0.522720702837883,"SLITRK6/CHRNB2/LRRC15/GPM6A/MUSK/NEGR1/KIF1A",7
"GO:0006575","modified amino acid metabolic process","4/377","163/15234",0.0245398773006135,0.991619338985533,0.991316370748816,-0.017135582655282,0.576683032525363,0.757645497012748,0.522720702837883,"SULT2A1/SLC1A2/CKM/VNN1",4
"GO:0031396","regulation of protein ubiquitination","4/377","163/15234",0.0245398773006135,0.991619338985533,0.991316370748816,-0.017135582655282,0.576683032525363,0.757645497012748,0.522720702837883,"HAMP/BEX1/KLHL40/MAGEC2",4
"GO:0034644","cellular response to UV","2/377","78/15234",0.0256410256410256,1.0361150785554,1.03726315789474,0.0509379427962416,0.578721003654447,0.759061034253821,0.523697321354675,"MME/MMP3",2
"GO:0045995","regulation of embryonic development","2/377","78/15234",0.0256410256410256,1.0361150785554,1.03726315789474,0.0509379427962416,0.578721003654447,0.759061034253821,0.523697321354675,"SFRP2/NLRP2",2
"GO:0071347","cellular response to interleukin-1","2/377","78/15234",0.0256410256410256,1.0361150785554,1.03726315789474,0.0509379427962416,0.578721003654447,0.759061034253821,0.523697321354675,"FGB/LCN2",2
"GO:0140115","export across plasma membrane","2/377","78/15234",0.0256410256410256,1.0361150785554,1.03726315789474,0.0509379427962416,0.578721003654447,0.759061034253821,0.523697321354675,"ATP1A2/HAMP",2
"GO:0033674","positive regulation of kinase activity","3/377","121/15234",0.0247933884297521,1.00186334042133,1.00192604006163,0.00327798818313622,0.579236266660777,0.759421749860936,0.523946189085585,"S100A12/ADCYAP1/IGF1",3
"GO:0031647","regulation of protein stability","8/377","332/15234",0.0240963855421687,0.973698507558084,0.972464786376259,-0.0771835925949808,0.580647283661989,0.760609377069306,0.524765566131336,"APOA1/APOA2/AHSP/DSC3/CPN2/A1CF/IGF1/NEGR1",8
"GO:0009595","detection of biotic stimulus","1/377","35/15234",0.0285714285714286,1.1545282303903,1.15949624530663,0.145791491967472,0.584405358646118,0.760609377069306,0.524765566131336,"LBP",1
"GO:0014020","primary neural tube formation","1/377","35/15234",0.0285714285714286,1.1545282303903,1.15949624530663,0.145791491967472,0.584405358646118,0.760609377069306,0.524765566131336,"LRP2",1
"GO:0015865","purine nucleotide transport","1/377","35/15234",0.0285714285714286,1.1545282303903,1.15949624530663,0.145791491967472,0.584405358646118,0.760609377069306,0.524765566131336,"SLC25A47",1
"GO:0043277","apoptotic cell clearance","1/377","35/15234",0.0285714285714286,1.1545282303903,1.15949624530663,0.145791491967472,0.584405358646118,0.760609377069306,0.524765566131336,"XKR7",1
"GO:0044319","wound healing, spreading of cells","1/377","35/15234",0.0285714285714286,1.1545282303903,1.15949624530663,0.145791491967472,0.584405358646118,0.760609377069306,0.524765566131336,"MMP12",1
"GO:0046329","negative regulation of JNK cascade","1/377","35/15234",0.0285714285714286,1.1545282303903,1.15949624530663,0.145791491967472,0.584405358646118,0.760609377069306,0.524765566131336,"AMBP",1
"GO:0046427","positive regulation of receptor signaling pathway via JAK-STAT","1/377","35/15234",0.0285714285714286,1.1545282303903,1.15949624530663,0.145791491967472,0.584405358646118,0.760609377069306,0.524765566131336,"F2",1
"GO:0046627","negative regulation of insulin receptor signaling pathway","1/377","35/15234",0.0285714285714286,1.1545282303903,1.15949624530663,0.145791491967472,0.584405358646118,0.760609377069306,0.524765566131336,"AHSG",1
"GO:0048146","positive regulation of fibroblast proliferation","1/377","35/15234",0.0285714285714286,1.1545282303903,1.15949624530663,0.145791491967472,0.584405358646118,0.760609377069306,0.524765566131336,"IGF1",1
"GO:0071604","transforming growth factor beta production","1/377","35/15234",0.0285714285714286,1.1545282303903,1.15949624530663,0.145791491967472,0.584405358646118,0.760609377069306,0.524765566131336,"ITGB6",1
"GO:0090505","epiboly involved in wound healing","1/377","35/15234",0.0285714285714286,1.1545282303903,1.15949624530663,0.145791491967472,0.584405358646118,0.760609377069306,0.524765566131336,"MMP12",1
"GO:0097028","dendritic cell differentiation","1/377","35/15234",0.0285714285714286,1.1545282303903,1.15949624530663,0.145791491967472,0.584405358646118,0.760609377069306,0.524765566131336,"UBD",1
"GO:1902003","regulation of amyloid-beta formation","1/377","35/15234",0.0285714285714286,1.1545282303903,1.15949624530663,0.145791491967472,0.584405358646118,0.760609377069306,0.524765566131336,"IGF1",1
"GO:2000008","regulation of protein localization to cell surface","1/377","35/15234",0.0285714285714286,1.1545282303903,1.15949624530663,0.145791491967472,0.584405358646118,0.760609377069306,0.524765566131336,"ACTN2",1
"GO:0048660","regulation of smooth muscle cell proliferation","3/377","122/15234",0.0245901639344262,0.993651345827717,0.993439086864692,-0.0112149785664352,0.584836375458041,0.760609377069306,0.524765566131336,"ADIPOQ/APOD/IGF1",3
"GO:0051147","regulation of muscle cell differentiation","3/377","122/15234",0.0245901639344262,0.993651345827717,0.993439086864692,-0.0112149785664352,0.584836375458041,0.760609377069306,0.524765566131336,"CEACAM5/IGF1/MYF6",3
"GO:1900180","regulation of protein localization to nucleus","3/377","122/15234",0.0245901639344262,0.993651345827717,0.993439086864692,-0.0112149785664352,0.584836375458041,0.760609377069306,0.524765566131336,"F2/CLDN18/APOD",3
"GO:0014896","muscle hypertrophy","2/377","79/15234",0.0253164556962025,1.02299969781419,1.02372294372294,0.0326479216673253,0.585676439034069,0.760609377069306,0.524765566131336,"TRIM63/IGF1",2
"GO:0030902","hindbrain development","2/377","79/15234",0.0253164556962025,1.02299969781419,1.02372294372294,0.0326479216673253,0.585676439034069,0.760609377069306,0.524765566131336,"KNDC1/SEZ6L",2
"GO:0062208","positive regulation of pattern recognition receptor signaling pathway","2/377","79/15234",0.0253164556962025,1.02299969781419,1.02372294372294,0.0326479216673253,0.585676439034069,0.760609377069306,0.524765566131336,"LTF/LBP",2
"GO:1901874","negative regulation of post-translational protein modification","2/377","79/15234",0.0253164556962025,1.02299969781419,1.02372294372294,0.0326479216673253,0.585676439034069,0.760609377069306,0.524765566131336,"BEX1/KLHL40",2
"GO:1904892","regulation of receptor signaling pathway via STAT","2/377","79/15234",0.0253164556962025,1.02299969781419,1.02372294372294,0.0326479216673253,0.585676439034069,0.760609377069306,0.524765566131336,"F2/PTPRT",2
"GO:0046034","ATP metabolic process","5/377","208/15234",0.0240384615384615,0.971357886145685,0.970257958578315,-0.0662541179381083,0.588762418746959,0.764303082406217,0.527313956186314,"ATP1A2/ALDOB/TRIM63/OGDHL/IGF1",5
"GO:0009266","response to temperature stimulus","3/377","123/15234",0.024390243902439,0.985572879601475,0.985093582887701,-0.0255907753010026,0.590388914952812,0.766051575850591,0.528520290449177,"CARTPT/HMGCS2/IGF1",3
"GO:0008088","axo-dendritic transport","2/377","80/15234",0.025,1.01021220159151,1.01052991452991,0.0145880944277344,0.59254673271556,0.766051575850591,0.528520290449177,"AP3B2/KIF1A",2
"GO:0033273","response to vitamin","2/377","80/15234",0.025,1.01021220159151,1.01052991452991,0.0145880944277344,0.59254673271556,0.766051575850591,0.528520290449177,"FGF23/ASCL1",2
"GO:0043255","regulation of carbohydrate biosynthetic process","2/377","80/15234",0.025,1.01021220159151,1.01052991452991,0.0145880944277344,0.59254673271556,0.766051575850591,0.528520290449177,"ADIPOQ/IGF1",2
"GO:0001841","neural tube formation","1/377","36/15234",0.0277777777777778,1.12245800176835,1.12629179331307,0.117177177632249,0.594713877613841,0.766051575850591,0.528520290449177,"LRP2",1
"GO:0001895","retina homeostasis","1/377","36/15234",0.0277777777777778,1.12245800176835,1.12629179331307,0.117177177632249,0.594713877613841,0.766051575850591,0.528520290449177,"CDH3",1
"GO:0002478","antigen processing and presentation of exogenous peptide antigen","1/377","36/15234",0.0277777777777778,1.12245800176835,1.12629179331307,0.117177177632249,0.594713877613841,0.766051575850591,0.528520290449177,"CTSE",1
"GO:0006766","vitamin metabolic process","1/377","36/15234",0.0277777777777778,1.12245800176835,1.12629179331307,0.117177177632249,0.594713877613841,0.766051575850591,0.528520290449177,"FGF23",1
"GO:0031641","regulation of myelination","1/377","36/15234",0.0277777777777778,1.12245800176835,1.12629179331307,0.117177177632249,0.594713877613841,0.766051575850591,0.528520290449177,"IGF1",1
"GO:0032196","transposition","1/377","36/15234",0.0277777777777778,1.12245800176835,1.12629179331307,0.117177177632249,0.594713877613841,0.766051575850591,0.528520290449177,"TDRD1",1
"GO:0033144","negative regulation of intracellular steroid hormone receptor signaling pathway","1/377","36/15234",0.0277777777777778,1.12245800176835,1.12629179331307,0.117177177632249,0.594713877613841,0.766051575850591,0.528520290449177,"TCF21",1
"GO:0035904","aorta development","1/377","36/15234",0.0277777777777778,1.12245800176835,1.12629179331307,0.117177177632249,0.594713877613841,0.766051575850591,0.528520290449177,"TFAP2B",1
"GO:0045124","regulation of bone resorption","1/377","36/15234",0.0277777777777778,1.12245800176835,1.12629179331307,0.117177177632249,0.594713877613841,0.766051575850591,0.528520290449177,"CARTPT",1
"GO:0051100","negative regulation of binding","1/377","36/15234",0.0277777777777778,1.12245800176835,1.12629179331307,0.117177177632249,0.594713877613841,0.766051575850591,0.528520290449177,"SOX11",1
"GO:0070228","regulation of lymphocyte apoptotic process","1/377","36/15234",0.0277777777777778,1.12245800176835,1.12629179331307,0.117177177632249,0.594713877613841,0.766051575850591,0.528520290449177,"PIP",1
"GO:0090504","epiboly","1/377","36/15234",0.0277777777777778,1.12245800176835,1.12629179331307,0.117177177632249,0.594713877613841,0.766051575850591,0.528520290449177,"MMP12",1
"GO:1900077","negative regulation of cellular response to insulin stimulus","1/377","36/15234",0.0277777777777778,1.12245800176835,1.12629179331307,0.117177177632249,0.594713877613841,0.766051575850591,0.528520290449177,"AHSG",1
"GO:1900271","regulation of long-term synaptic potentiation","1/377","36/15234",0.0277777777777778,1.12245800176835,1.12629179331307,0.117177177632249,0.594713877613841,0.766051575850591,0.528520290449177,"MME",1
"GO:1904707","positive regulation of vascular associated smooth muscle cell proliferation","1/377","36/15234",0.0277777777777778,1.12245800176835,1.12629179331307,0.117177177632249,0.594713877613841,0.766051575850591,0.528520290449177,"IGF1",1
"GO:0032635","interleukin-6 production","3/377","124/15234",0.0241935483870968,0.977624711217592,0.976886021125204,-0.0398515386565564,0.595893534086778,0.766946034710222,0.529137402496446,"NR1H4/ORM1/LBP",3
"GO:0032675","regulation of interleukin-6 production","3/377","124/15234",0.0241935483870968,0.977624711217592,0.976886021125204,-0.0398515386565564,0.595893534086778,0.766946034710222,0.529137402496446,"NR1H4/ORM1/LBP",3
"GO:0045732","positive regulation of protein catabolic process","5/377","210/15234",0.0238095238095238,0.962106858658583,0.96066089693155,-0.0880795940103454,0.597266949847075,0.768400825586734,0.530141103188196,"LRP2/HAMP/KLHL40/C4BPA/C4BPB",5
"GO:0002696","positive regulation of leukocyte activation","7/377","295/15234",0.023728813559322,0.958845479476689,0.957047672672673,-0.113701351015746,0.5981432416599,0.769215128920644,0.530702913708687,"CHRNB2/CCL21/PCK1/IGF1/IL1RL1/LBP/VNN1",7
"GO:0008654","phospholipid biosynthetic process","6/377","253/15234",0.0237154150197628,0.958304064750841,0.956600499798116,-0.106532326797203,0.599319034838938,0.769804107660629,0.531109266524266,"NR1H4/APOA1/IP6K3/APOA2/PTPRQ/HMGCS2",6
"GO:0140888","interferon-mediated signaling pathway","2/377","81/15234",0.0246913580246914,0.997740446016308,0.997670886075949,-0.00324798304841166,0.599331828203989,0.769804107660629,0.531109266524266,"ARG1/MMP12",2
"GO:1902373","negative regulation of mRNA catabolic process","2/377","81/15234",0.0246913580246914,0.997740446016308,0.997670886075949,-0.00324798304841166,0.599331828203989,0.769804107660629,0.531109266524266,"PKP1/A1CF",2
"GO:0002819","regulation of adaptive immune response","4/377","168/15234",0.0238095238095238,0.962106858658583,0.960766363695809,-0.0786708972843175,0.600600005597058,0.771119666000122,0.532016906815874,"ARG1/IL1RL1/C4BPA/C4BPB",4
"GO:0017015","regulation of transforming growth factor beta receptor signaling pathway","3/377","125/15234",0.024,0.969803713527851,0.968813009555536,-0.0539993481435994,0.601349909941009,0.771142825689058,0.532032885329474,"SOX11/NKX2-1/CDH3",3
"GO:0031623","receptor internalization","3/377","125/15234",0.024,0.969803713527851,0.968813009555536,-0.0539993481435994,0.601349909941009,0.771142825689058,0.532032885329474,"HAMP/GRIA1/SELE",3
"GO:0048659","smooth muscle cell proliferation","3/377","125/15234",0.024,0.969803713527851,0.968813009555536,-0.0539993481435994,0.601349909941009,0.771142825689058,0.532032885329474,"ADIPOQ/APOD/IGF1",3
"GO:0006901","vesicle coating","1/377","37/15234",0.027027027027027,1.09212129901785,1.09493203309693,0.0893675430428933,0.604767362818445,0.772703974886462,0.533109965585239,"AP3B2",1
"GO:0007608","sensory perception of smell","1/377","37/15234",0.027027027027027,1.09212129901785,1.09493203309693,0.0893675430428933,0.604767362818445,0.772703974886462,0.533109965585239,"OR2I1",1
"GO:0032881","regulation of polysaccharide metabolic process","1/377","37/15234",0.027027027027027,1.09212129901785,1.09493203309693,0.0893675430428933,0.604767362818445,0.772703974886462,0.533109965585239,"IGF1",1
"GO:0035850","epithelial cell differentiation involved in kidney development","1/377","37/15234",0.027027027027027,1.09212129901785,1.09493203309693,0.0893675430428933,0.604767362818445,0.772703974886462,0.533109965585239,"WT1",1
"GO:0043300","regulation of leukocyte degranulation","1/377","37/15234",0.027027027027027,1.09212129901785,1.09493203309693,0.0893675430428933,0.604767362818445,0.772703974886462,0.533109965585239,"CD177",1
"GO:0055010","ventricular cardiac muscle tissue morphogenesis","1/377","37/15234",0.027027027027027,1.09212129901785,1.09493203309693,0.0893675430428933,0.604767362818445,0.772703974886462,0.533109965585239,"LRP2",1
"GO:0072530","purine-containing compound transmembrane transport","1/377","37/15234",0.027027027027027,1.09212129901785,1.09493203309693,0.0893675430428933,0.604767362818445,0.772703974886462,0.533109965585239,"SLC25A47",1
"GO:0090279","regulation of calcium ion import","1/377","37/15234",0.027027027027027,1.09212129901785,1.09493203309693,0.0893675430428933,0.604767362818445,0.772703974886462,0.533109965585239,"SLN",1
"GO:0099622","cardiac muscle cell membrane repolarization","1/377","37/15234",0.027027027027027,1.09212129901785,1.09493203309693,0.0893675430428933,0.604767362818445,0.772703974886462,0.533109965585239,"KCNJ3",1
"GO:0051495","positive regulation of cytoskeleton organization","4/377","169/15234",0.0236686390532544,0.95641391866652,0.954878544154684,-0.0907620807566828,0.605285157361268,0.773053083805643,0.533350825539295,"APOA1/CSF3/CCL21/ACTN2",4
"GO:0030316","osteoclast differentiation","2/377","82/15234",0.024390243902439,0.985572879601475,0.985133333333333,-0.0208664916533435,0.606031723795099,0.773069523372199,0.53336216765354,"CARTPT/LTF",2
"GO:0048839","inner ear development","2/377","82/15234",0.024390243902439,0.985572879601475,0.985133333333333,-0.0208664916533435,0.606031723795099,0.773069523372199,0.53336216765354,"KCNK3/COL2A1",2
"GO:0090130","tissue migration","2/377","82/15234",0.024390243902439,0.985572879601475,0.985133333333333,-0.0208664916533435,0.606031723795099,0.773069523372199,0.53336216765354,"ACTC1/ACTA1",2
"GO:0030162","regulation of proteolysis","3/377","127/15234",0.0236220472440945,0.954531214102216,0.95305761600828,-0.0819641497702171,0.612116776523608,0.779246863882955,0.537624086699034,"F2/VTN/KNG1",3
"GO:0046165","alcohol biosynthetic process","3/377","127/15234",0.0236220472440945,0.954531214102216,0.95305761600828,-0.0819641497702171,0.612116776523608,0.779246863882955,0.537624086699034,"IP6K3/PCK1/HMGCS2",3
"GO:0050921","positive regulation of chemotaxis","3/377","127/15234",0.0236220472440945,0.954531214102216,0.95305761600828,-0.0819641497702171,0.612116776523608,0.779246863882955,0.537624086699034,"EDN2/CCL21/CXCL13",3
"GO:1903844","regulation of cellular response to transforming growth factor beta stimulus","3/377","127/15234",0.0236220472440945,0.954531214102216,0.95305761600828,-0.0819641497702171,0.612116776523608,0.779246863882955,0.537624086699034,"SOX11/NKX2-1/CDH3",3
"GO:0009952","anterior/posterior pattern specification","2/377","83/15234",0.0240963855421687,0.973698507558084,0.972905349794239,-0.0382733629773917,0.61264646991205,0.779246863882955,0.537624086699034,"TDRD1/WT1",2
"GO:0051098","regulation of binding","2/377","83/15234",0.0240963855421687,0.973698507558084,0.972905349794239,-0.0382733629773917,0.61264646991205,0.779246863882955,0.537624086699034,"SOX11/IGF1",2
"GO:0008038","neuron recognition","1/377","38/15234",0.0263157894736842,1.06338126483317,1.06526739505463,0.0623140376029691,0.614572107453403,0.779246863882955,0.537624086699034,"MYPN",1
"GO:0010907","positive regulation of glucose metabolic process","1/377","38/15234",0.0263157894736842,1.06338126483317,1.06526739505463,0.0623140376029691,0.614572107453403,0.779246863882955,0.537624086699034,"IGF1",1
"GO:0019432","triglyceride biosynthetic process","1/377","38/15234",0.0263157894736842,1.06338126483317,1.06526739505463,0.0623140376029691,0.614572107453403,0.779246863882955,0.537624086699034,"PCK1",1
"GO:0019884","antigen processing and presentation of exogenous antigen","1/377","38/15234",0.0263157894736842,1.06338126483317,1.06526739505463,0.0623140376029691,0.614572107453403,0.779246863882955,0.537624086699034,"CTSE",1
"GO:0031295","T cell costimulation","1/377","38/15234",0.0263157894736842,1.06338126483317,1.06526739505463,0.0623140376029691,0.614572107453403,0.779246863882955,0.537624086699034,"CCL21",1
"GO:0033173","calcineurin-NFAT signaling cascade","1/377","38/15234",0.0263157894736842,1.06338126483317,1.06526739505463,0.0623140376029691,0.614572107453403,0.779246863882955,0.537624086699034,"IGF1",1
"GO:0034389","lipid droplet organization","1/377","38/15234",0.0263157894736842,1.06338126483317,1.06526739505463,0.0623140376029691,0.614572107453403,0.779246863882955,0.537624086699034,"CIDEC",1
"GO:0042311","vasodilation","1/377","38/15234",0.0263157894736842,1.06338126483317,1.06526739505463,0.0623140376029691,0.614572107453403,0.779246863882955,0.537624086699034,"KNG1",1
"GO:0046839","phospholipid dephosphorylation","1/377","38/15234",0.0263157894736842,1.06338126483317,1.06526739505463,0.0623140376029691,0.614572107453403,0.779246863882955,0.537624086699034,"PLPPR3",1
"GO:0043122","regulation of canonical NF-kappaB signal transduction","7/377","300/15234",0.0233333333333333,0.942864721485411,0.940392952679642,-0.159211611095283,0.615838717406895,0.780539769736646,0.538516098410593,"NR1H4/UBD/ADIPOQ/LTF/CCL21/S100A12/ESR1",7
"GO:0042063","gliogenesis","5/377","215/15234",0.0232558139534884,0.939732280550244,0.937467997951869,-0.141769012318578,0.618091969666811,0.783077347485462,0.540266843884032,"LRP2/SOX11/F2/VTN/NEGR1",5
"GO:0009799","specification of symmetry","2/377","84/15234",0.0238095238095238,0.962106858658583,0.960975609756098,-0.0554742923418271,0.619176166539817,0.783077347485462,0.540266843884032,"GREM2/PITX2",2
"GO:0009855","determination of bilateral symmetry","2/377","84/15234",0.0238095238095238,0.962106858658583,0.960975609756098,-0.0554742923418271,0.619176166539817,0.783077347485462,0.540266843884032,"GREM2/PITX2",2
"GO:0030512","negative regulation of transforming growth factor beta receptor signaling pathway","2/377","84/15234",0.0238095238095238,0.962106858658583,0.960975609756098,-0.0554742923418271,0.619176166539817,0.783077347485462,0.540266843884032,"NKX2-1/CDH3",2
"GO:0045824","negative regulation of innate immune response","2/377","84/15234",0.0238095238095238,0.962106858658583,0.960975609756098,-0.0554742923418271,0.619176166539817,0.783077347485462,0.540266843884032,"ARG1/MMP12",2
"GO:0002218","activation of innate immune response","7/377","301/15234",0.0232558139534884,0.939732280550244,0.937129987129987,-0.168225685876331,0.619327228318145,0.783077347485462,0.540266843884032,"NR1H4/LTF/MASP1/S100A8/LBP/BPIFB1/COLEC11",7
"GO:0002639","positive regulation of immunoglobulin production","1/377","39/15234",0.0256410256410256,1.0361150785554,1.0371640537514,0.0359723118410802,0.624134249825742,0.784760685640084,0.541428225700154,"RBP4",1
"GO:0005978","glycogen biosynthetic process","1/377","39/15234",0.0256410256410256,1.0361150785554,1.0371640537514,0.0359723118410802,0.624134249825742,0.784760685640084,0.541428225700154,"IGF1",1
"GO:0009250","glucan biosynthetic process","1/377","39/15234",0.0256410256410256,1.0361150785554,1.0371640537514,0.0359723118410802,0.624134249825742,0.784760685640084,0.541428225700154,"IGF1",1
"GO:0009988","cell-cell recognition","1/377","39/15234",0.0256410256410256,1.0361150785554,1.0371640537514,0.0359723118410802,0.624134249825742,0.784760685640084,0.541428225700154,"CCL21",1
"GO:0010712","regulation of collagen metabolic process","1/377","39/15234",0.0256410256410256,1.0361150785554,1.0371640537514,0.0359723118410802,0.624134249825742,0.784760685640084,0.541428225700154,"F2",1
"GO:0031294","lymphocyte costimulation","1/377","39/15234",0.0256410256410256,1.0361150785554,1.0371640537514,0.0359723118410802,0.624134249825742,0.784760685640084,0.541428225700154,"CCL21",1
"GO:0032435","negative regulation of proteasomal ubiquitin-dependent protein catabolic process","1/377","39/15234",0.0256410256410256,1.0361150785554,1.0371640537514,0.0359723118410802,0.624134249825742,0.784760685640084,0.541428225700154,"KLHL40",1
"GO:0045604","regulation of epidermal cell differentiation","1/377","39/15234",0.0256410256410256,1.0361150785554,1.0371640537514,0.0359723118410802,0.624134249825742,0.784760685640084,0.541428225700154,"PKP1",1
"GO:0050691","regulation of defense response to virus by host","1/377","39/15234",0.0256410256410256,1.0361150785554,1.0371640537514,0.0359723118410802,0.624134249825742,0.784760685640084,0.541428225700154,"MMP12",1
"GO:0051099","positive regulation of binding","1/377","39/15234",0.0256410256410256,1.0361150785554,1.0371640537514,0.0359723118410802,0.624134249825742,0.784760685640084,0.541428225700154,"IGF1",1
"GO:0060338","regulation of type I interferon-mediated signaling pathway","1/377","39/15234",0.0256410256410256,1.0361150785554,1.0371640537514,0.0359723118410802,0.624134249825742,0.784760685640084,0.541428225700154,"MMP12",1
"GO:1902305","regulation of sodium ion transmembrane transport","1/377","39/15234",0.0256410256410256,1.0361150785554,1.0371640537514,0.0359723118410802,0.624134249825742,0.784760685640084,0.541428225700154,"BPIFA1",1
"GO:1902622","regulation of neutrophil migration","1/377","39/15234",0.0256410256410256,1.0361150785554,1.0371640537514,0.0359723118410802,0.624134249825742,0.784760685640084,0.541428225700154,"CCL21",1
"GO:1904019","epithelial cell apoptotic process","1/377","39/15234",0.0256410256410256,1.0361150785554,1.0371640537514,0.0359723118410802,0.624134249825742,0.784760685640084,0.541428225700154,"CARTPT",1
"GO:0097306","cellular response to alcohol","2/377","85/15234",0.0235294117647059,0.95078795443907,0.949333333333333,-0.0724747510008828,0.625620960754076,0.786004712616707,0.542286514514822,"CCL21/SCNN1G",2
"GO:2000628","regulation of miRNA metabolic process","2/377","85/15234",0.0235294117647059,0.95078795443907,0.949333333333333,-0.0724747510008828,0.625620960754076,0.786004712616707,0.542286514514822,"WT1/ESR1",2
"GO:0043123","positive regulation of canonical NF-kappaB signal transduction","5/377","217/15234",0.0230414746543779,0.931071153540564,0.928497159667275,-0.162906015535107,0.626242633185571,0.786473167858398,0.542609714816481,"UBD/ADIPOQ/LTF/CCL21/S100A12",5
"GO:0061025","membrane fusion","4/377","174/15234",0.0229885057471264,0.928930760084149,0.926478473426904,-0.150190216514332,0.628204536770231,0.788623725468904,0.54409344433126,"SYT13/CPLX2/SYT5/SYT4",4
"GO:0005976","polysaccharide metabolic process","2/377","86/15234",0.0232558139534884,0.939732280550244,0.937968253968254,-0.0892799975751494,0.631981044341492,0.791136450255575,0.545827043054813,"G6PC1/IGF1",2
"GO:0007292","female gamete generation","2/377","86/15234",0.0232558139534884,0.939732280550244,0.937968253968254,-0.0892799975751494,0.631981044341492,0.791136450255575,0.545827043054813,"TDRD1/IGF1",2
"GO:0048675","axon extension","2/377","86/15234",0.0232558139534884,0.939732280550244,0.937968253968254,-0.0892799975751494,0.631981044341492,0.791136450255575,0.545827043054813,"DCLK1/EDN2",2
"GO:0048863","stem cell differentiation","4/377","175/15234",0.0228571428571429,0.923622584312239,0.920997758023298,-0.161876479824216,0.632685520239604,0.791136450255575,0.545827043054813,"GPM6A/PITX2/TBX5/ESR1",4
"GO:0006084","acetyl-CoA metabolic process","1/377","40/15234",0.025,1.01021220159151,1.01050190943808,0.0103017533698733,0.633459777158134,0.791136450255575,0.545827043054813,"HMGCS2",1
"GO:0006111","regulation of gluconeogenesis","1/377","40/15234",0.025,1.01021220159151,1.01050190943808,0.0103017533698733,0.633459777158134,0.791136450255575,0.545827043054813,"ADIPOQ",1
"GO:0006516","glycoprotein catabolic process","1/377","40/15234",0.025,1.01021220159151,1.01050190943808,0.0103017533698733,0.633459777158134,0.791136450255575,0.545827043054813,"MMP12",1
"GO:0021879","forebrain neuron differentiation","1/377","40/15234",0.025,1.01021220159151,1.01050190943808,0.0103017533698733,0.633459777158134,0.791136450255575,0.545827043054813,"ASCL1",1
"GO:0032924","activin receptor signaling pathway","1/377","40/15234",0.025,1.01021220159151,1.01050190943808,0.0103017533698733,0.633459777158134,0.791136450255575,0.545827043054813,"HJV",1
"GO:0051693","actin filament capping","1/377","40/15234",0.025,1.01021220159151,1.01050190943808,0.0103017533698733,0.633459777158134,0.791136450255575,0.545827043054813,"SPTA1",1
"GO:0072337","modified amino acid transport","1/377","40/15234",0.025,1.01021220159151,1.01050190943808,0.0103017533698733,0.633459777158134,0.791136450255575,0.545827043054813,"LRP2",1
"GO:0086091","regulation of heart rate by cardiac conduction","1/377","40/15234",0.025,1.01021220159151,1.01050190943808,0.0103017533698733,0.633459777158134,0.791136450255575,0.545827043054813,"KCNJ3",1
"GO:1902175","regulation of oxidative stress-induced intrinsic apoptotic signaling pathway","1/377","40/15234",0.025,1.01021220159151,1.01050190943808,0.0103017533698733,0.633459777158134,0.791136450255575,0.545827043054813,"VNN1",1
"GO:0043085","positive regulation of catalytic activity","6/377","263/15234",0.0228136882129278,0.921866647840163,0.918749410049608,-0.20360421327064,0.636842062373848,0.795046508358504,0.548524700901073,"ADIPOQ/S100A12/ADCYAP1/IGF1/ESR1/MAGEC2",6
"GO:0030177","positive regulation of Wnt signaling pathway","3/377","132/15234",0.0227272727272727,0.918374728719556,0.915806491729884,-0.150034869463855,0.638172184307854,0.795260555962729,0.548672378297114,"SCEL/CDH3/SFRP2",3
"GO:0035023","regulation of Rho protein signal transduction","2/377","87/15234",0.0229885057471264,0.928930760084149,0.926870588235294,-0.105895088773213,0.638256651508406,0.795260555962729,0.548672378297114,"APOA1/APOC3",2
"GO:0050773","regulation of dendrite development","2/377","87/15234",0.0229885057471264,0.928930760084149,0.926870588235294,-0.105895088773213,0.638256651508406,0.795260555962729,0.548672378297114,"CHRNB2/KNDC1",2
"GO:0072384","organelle transport along microtubule","2/377","87/15234",0.0229885057471264,0.928930760084149,0.926870588235294,-0.105895088773213,0.638256651508406,0.795260555962729,0.548672378297114,"AP3B2/KIF1A",2
"GO:0009416","response to light stimulus","5/377","220/15234",0.0227272727272727,0.918374728719556,0.915353838459615,-0.194260994069289,0.638271442732503,0.795260555962729,0.548672378297114,"CHRNB2/LCN2/MME/KCNC2/MMP3",5
"GO:0050920","regulation of chemotaxis","4/377","177/15234",0.0225988700564972,0.91318617093018,0.910226409831239,-0.185056419185659,0.641543003107796,0.798708166382468,0.55105098062343,"EDN2/HRG/CCL21/CXCL13",4
"GO:0019674","NAD+ metabolic process","1/377","41/15234",0.024390243902439,0.985572879601475,0.985172872340425,-0.0147349155127615,0.642554529297885,0.798708166382468,0.55105098062343,"NMNAT2",1
"GO:0035987","endodermal cell differentiation","1/377","41/15234",0.024390243902439,0.985572879601475,0.985172872340425,-0.0147349155127615,0.642554529297885,0.798708166382468,0.55105098062343,"VTN",1
"GO:0090199","regulation of release of cytochrome c from mitochondria","1/377","41/15234",0.024390243902439,0.985572879601475,0.985172872340425,-0.0147349155127615,0.642554529297885,0.798708166382468,0.55105098062343,"IGF1",1
"GO:1903426","regulation of reactive oxygen species biosynthetic process","1/377","41/15234",0.024390243902439,0.985572879601475,0.985172872340425,-0.0147349155127615,0.642554529297885,0.798708166382468,0.55105098062343,"LCN2",1
"GO:1904894","positive regulation of receptor signaling pathway via STAT","1/377","41/15234",0.024390243902439,0.985572879601475,0.985172872340425,-0.0147349155127615,0.642554529297885,0.798708166382468,0.55105098062343,"F2",1
"GO:0032271","regulation of protein polymerization","4/377","178/15234",0.0224719101123595,0.908055911542932,0.904933592185141,-0.196551717948999,0.645919166213455,0.802574875943684,0.553718731104992,"CSF3/CCL21/ARHGAP40/SPTA1",4
"GO:0002521","leukocyte differentiation","11/377","481/15234",0.0228690228690229,0.924102637630489,0.919991861411464,-0.269436783153949,0.648365761814837,0.804985106951256,0.555381616519407,"CARTPT/UBD/MT1G/ADIPOQ/CSF3/LTF/APCS/IGHE/PCK1/IL1RL1/VNN1",11
"GO:0062207","regulation of pattern recognition receptor signaling pathway","4/377","179/15234",0.0223463687150838,0.90298297348962,0.89970126388357,-0.207984959412634,0.650260074864097,0.804985106951256,0.555381616519407,"LTF/S100A8/LBP/BPIFB1",4
"GO:0071356","cellular response to tumor necrosis factor","4/377","179/15234",0.0223463687150838,0.90298297348962,0.89970126388357,-0.207984959412634,0.650260074864097,0.804985106951256,0.555381616519407,"NR1H4/APOA1/ADIPOQ/LCN2",4
"GO:0001755","neural crest cell migration","1/377","42/15234",0.0238095238095238,0.962106858658583,0.961079398028023,-0.0391719880712527,0.65142420233512,0.804985106951256,0.555381616519407,"PITX2",1
"GO:0006040","amino sugar metabolic process","1/377","42/15234",0.0238095238095238,0.962106858658583,0.961079398028023,-0.0391719880712527,0.65142420233512,0.804985106951256,0.555381616519407,"CHI3L2",1
"GO:0006497","protein lipidation","1/377","42/15234",0.0238095238095238,0.962106858658583,0.961079398028023,-0.0391719880712527,0.65142420233512,0.804985106951256,0.555381616519407,"ZDHHC22",1
"GO:0007566","embryo implantation","1/377","42/15234",0.0238095238095238,0.962106858658583,0.961079398028023,-0.0391719880712527,0.65142420233512,0.804985106951256,0.555381616519407,"SCGB1A1",1
"GO:0043537","negative regulation of blood vessel endothelial cell migration","1/377","42/15234",0.0238095238095238,0.962106858658583,0.961079398028023,-0.0391719880712527,0.65142420233512,0.804985106951256,0.555381616519407,"HRG",1
"GO:0045663","positive regulation of myoblast differentiation","1/377","42/15234",0.0238095238095238,0.962106858658583,0.961079398028023,-0.0391719880712527,0.65142420233512,0.804985106951256,0.555381616519407,"MYF6",1
"GO:0045668","negative regulation of osteoblast differentiation","1/377","42/15234",0.0238095238095238,0.962106858658583,0.961079398028023,-0.0391719880712527,0.65142420233512,0.804985106951256,0.555381616519407,"FGF23",1
"GO:0060349","bone morphogenesis","1/377","42/15234",0.0238095238095238,0.962106858658583,0.961079398028023,-0.0391719880712527,0.65142420233512,0.804985106951256,0.555381616519407,"LTF",1
"GO:0071902","positive regulation of protein serine/threonine kinase activity","1/377","42/15234",0.0238095238095238,0.962106858658583,0.961079398028023,-0.0391719880712527,0.65142420233512,0.804985106951256,0.555381616519407,"S100A12",1
"GO:0090497","mesenchymal cell migration","1/377","42/15234",0.0238095238095238,0.962106858658583,0.961079398028023,-0.0391719880712527,0.65142420233512,0.804985106951256,0.555381616519407,"PITX2",1
"GO:1902991","regulation of amyloid precursor protein catabolic process","1/377","42/15234",0.0238095238095238,0.962106858658583,0.961079398028023,-0.0391719880712527,0.65142420233512,0.804985106951256,0.555381616519407,"IGF1",1
"GO:0051656","establishment of organelle localization","8/377","354/15234",0.0225988700564972,0.91318617093018,0.909253254382255,-0.263261233483054,0.65259026559735,0.806110914245104,0.556158342286564,"UNC13A/AP3B2/IGHE/CPLX2/CHGA/SYT4/KIF1A/NLRP2",8
"GO:0097696","cell surface receptor signaling pathway via STAT","3/377","135/15234",0.0222222222222222,0.897966401414677,0.894810403500243,-0.18968536738518,0.653207948288378,0.806558720523267,0.556467296293918,"F2/PTPRT/IGF1",3
"GO:0042327","positive regulation of phosphorylation","5/377","224/15234",0.0223214285714286,0.901975179992421,0.898389551725831,-0.23543311622351,0.653934657490946,0.807140746711785,0.556868852350849,"ITLN1/MUSK/S100A12/ADCYAP1/IGF1",5
"GO:0031334","positive regulation of protein-containing complex assembly","4/377","180/15234",0.0222222222222222,0.897966401414677,0.894528393858153,-0.219356917738919,0.654565593464367,0.807604153372702,0.557188569496203,"CSF3/CCL21/CXCL13/MMP3",4
"GO:0006163","purine nucleotide metabolic process","9/377","398/15234",0.0226130653266332,0.913759780334031,0.909606572035319,-0.277709548407391,0.655498931293872,0.808124852503873,0.557547814310414,"CARTPT/ATP1A2/SULT2A1/ALDOB/TRIM63/RUNDC3A/OGDHL/NMNAT2/IGF1",9
"GO:1903131","mononuclear cell differentiation","9/377","398/15234",0.0226130653266332,0.913759780334031,0.909606572035319,-0.277709548407391,0.655498931293872,0.808124852503873,0.557547814310414,"UBD/MT1G/ADIPOQ/CSF3/APCS/IGHE/PCK1/IL1RL1/VNN1",9
"GO:0043500","muscle adaptation","2/377","90/15234",0.0222222222222222,0.897966401414677,0.895090909090909,-0.154647175576007,0.65657954709895,0.808719002748212,0.557957735090696,"TRIM63/IGF1",2
"GO:0007249","canonical NF-kappaB signal transduction","7/377","313/15234",0.0223642172523962,0.90370420589656,0.899637873167285,-0.274206886127911,0.659804025162276,0.808719002748212,0.557957735090696,"NR1H4/UBD/ADIPOQ/LTF/CCL21/S100A12/ESR1",7
"GO:0050867","positive regulation of cell activation","7/377","313/15234",0.0223642172523962,0.90370420589656,0.899637873167285,-0.274206886127911,0.659804025162276,0.808719002748212,0.557957735090696,"CHRNB2/CCL21/PCK1/IGF1/IL1RL1/LBP/VNN1",7
"GO:0000184","nuclear-transcribed mRNA catabolic process, nonsense-mediated decay","1/377","43/15234",0.0232558139534884,0.939732280550244,0.938133232016211,-0.0630410790680893,0.660074352132359,0.808719002748212,0.557957735090696,"A1CF",1
"GO:0001937","negative regulation of endothelial cell proliferation","1/377","43/15234",0.0232558139534884,0.939732280550244,0.938133232016211,-0.0630410790680893,0.660074352132359,0.808719002748212,0.557957735090696,"APOH",1
"GO:0006862","nucleotide transport","1/377","43/15234",0.0232558139534884,0.939732280550244,0.938133232016211,-0.0630410790680893,0.660074352132359,0.808719002748212,0.557957735090696,"SLC25A47",1
"GO:0006968","cellular defense response","1/377","43/15234",0.0232558139534884,0.939732280550244,0.938133232016211,-0.0630410790680893,0.660074352132359,0.808719002748212,0.557957735090696,"LBP",1
"GO:0021872","forebrain generation of neurons","1/377","43/15234",0.0232558139534884,0.939732280550244,0.938133232016211,-0.0630410790680893,0.660074352132359,0.808719002748212,0.557957735090696,"ASCL1",1
"GO:0031529","ruffle organization","1/377","43/15234",0.0232558139534884,0.939732280550244,0.938133232016211,-0.0630410790680893,0.660074352132359,0.808719002748212,0.557957735090696,"CCL21",1
"GO:0042698","ovulation cycle","1/377","43/15234",0.0232558139534884,0.939732280550244,0.938133232016211,-0.0630410790680893,0.660074352132359,0.808719002748212,0.557957735090696,"CGA",1
"GO:0045682","regulation of epidermis development","1/377","43/15234",0.0232558139534884,0.939732280550244,0.938133232016211,-0.0630410790680893,0.660074352132359,0.808719002748212,0.557957735090696,"PKP1",1
"GO:0046460","neutral lipid biosynthetic process","1/377","43/15234",0.0232558139534884,0.939732280550244,0.938133232016211,-0.0630410790680893,0.660074352132359,0.808719002748212,0.557957735090696,"PCK1",1
"GO:0046463","acylglycerol biosynthetic process","1/377","43/15234",0.0232558139534884,0.939732280550244,0.938133232016211,-0.0630410790680893,0.660074352132359,0.808719002748212,0.557957735090696,"PCK1",1
"GO:0046850","regulation of bone remodeling","1/377","43/15234",0.0232558139534884,0.939732280550244,0.938133232016211,-0.0630410790680893,0.660074352132359,0.808719002748212,0.557957735090696,"CARTPT",1
"GO:0050858","negative regulation of antigen receptor-mediated signaling pathway","1/377","43/15234",0.0232558139534884,0.939732280550244,0.938133232016211,-0.0630410790680893,0.660074352132359,0.808719002748212,0.557957735090696,"FGL1",1
"GO:0170034","L-amino acid biosynthetic process","1/377","43/15234",0.0232558139534884,0.939732280550244,0.938133232016211,-0.0630410790680893,0.660074352132359,0.808719002748212,0.557957735090696,"PAH",1
"GO:1902105","regulation of leukocyte differentiation","6/377","270/15234",0.0222222222222222,0.897966401414677,0.893959813771135,-0.269462956625965,0.661839194434074,0.810567103295663,0.559232791064615,"CARTPT/ADIPOQ/LTF/APCS/PCK1/VNN1",6
"GO:0050680","negative regulation of epithelial cell proliferation","2/377","91/15234",0.021978021978022,0.888098638761769,0.884973782771536,-0.170548513732673,0.662520363555309,0.810773081377596,0.559374901072767,"APOH/SFRP2",2
"GO:0071482","cellular response to light stimulus","2/377","91/15234",0.021978021978022,0.888098638761769,0.884973782771536,-0.170548513732673,0.662520363555309,0.810773081377596,0.559374901072767,"MME/MMP3",2
"GO:0071456","cellular response to hypoxia","3/377","137/15234",0.0218978102189781,0.884857402853879,0.88133530209913,-0.215649676832029,0.662981231422214,0.811023093082669,0.559547391102351,"LCN2/FABP1/KCNK3",3
"GO:1903039","positive regulation of leukocyte cell-cell adhesion","5/377","227/15234",0.0220264317180617,0.890054803164328,0.886067519132035,-0.265852092480494,0.665395648503079,0.812754372055239,0.560741848622284,"CCL21/PCK1/IGF1/VNN1/SELE",5
"GO:0032956","regulation of actin cytoskeleton organization","7/377","315/15234",0.0222222222222222,0.897966401414677,0.893673218673219,-0.291491878003336,0.6662926300178,0.812754372055239,0.560741848622284,"APOA1/CSF3/HRG/CCL21/ACTN2/ARHGAP40/SPTA1",7
"GO:0061448","connective tissue development","4/377","183/15234",0.0218579234972678,0.883245640735748,0.879356568364611,-0.253112624074917,0.667268639805115,0.812754372055239,0.560741848622284,"NR1H4/COL2A1/HMGCS2/WT1",4
"GO:0045089","positive regulation of innate immune response","8/377","359/15234",0.0222841225626741,0.900467700582963,0.895992093824072,-0.3040049176499,0.667910295885779,0.812754372055239,0.560741848622284,"NR1H4/LTF/MASP1/MMP12/S100A8/LBP/BPIFB1/COLEC11",8
"GO:0006940","regulation of smooth muscle contraction","1/377","44/15234",0.0227272727272727,0.918374728719556,0.916254329539832,-0.0863713928945031,0.668510397767676,0.812754372055239,0.560741848622284,"EDN2",1
"GO:0019320","hexose catabolic process","1/377","44/15234",0.0227272727272727,0.918374728719556,0.916254329539832,-0.0863713928945031,0.668510397767676,0.812754372055239,0.560741848622284,"ALDOB",1
"GO:0030835","negative regulation of actin filament depolymerization","1/377","44/15234",0.0227272727272727,0.918374728719556,0.916254329539832,-0.0863713928945031,0.668510397767676,0.812754372055239,0.560741848622284,"SPTA1",1
"GO:0031670","cellular response to nutrient","1/377","44/15234",0.0227272727272727,0.918374728719556,0.916254329539832,-0.0863713928945031,0.668510397767676,0.812754372055239,0.560741848622284,"FGF23",1
"GO:0032147","activation of protein kinase activity","1/377","44/15234",0.0227272727272727,0.918374728719556,0.916254329539832,-0.0863713928945031,0.668510397767676,0.812754372055239,0.560741848622284,"IGF1",1
"GO:0035337","fatty-acyl-CoA metabolic process","1/377","44/15234",0.0227272727272727,0.918374728719556,0.916254329539832,-0.0863713928945031,0.668510397767676,0.812754372055239,0.560741848622284,"ACSM2A",1
"GO:0042158","lipoprotein biosynthetic process","1/377","44/15234",0.0227272727272727,0.918374728719556,0.916254329539832,-0.0863713928945031,0.668510397767676,0.812754372055239,0.560741848622284,"ZDHHC22",1
"GO:0045599","negative regulation of fat cell differentiation","1/377","44/15234",0.0227272727272727,0.918374728719556,0.916254329539832,-0.0863713928945031,0.668510397767676,0.812754372055239,0.560741848622284,"ADIPOQ",1
"GO:0045685","regulation of glial cell differentiation","1/377","44/15234",0.0227272727272727,0.918374728719556,0.916254329539832,-0.0863713928945031,0.668510397767676,0.812754372055239,0.560741848622284,"F2",1
"GO:0048708","astrocyte differentiation","1/377","44/15234",0.0227272727272727,0.918374728719556,0.916254329539832,-0.0863713928945031,0.668510397767676,0.812754372055239,0.560741848622284,"F2",1
"GO:0097720","calcineurin-mediated signaling","1/377","44/15234",0.0227272727272727,0.918374728719556,0.916254329539832,-0.0863713928945031,0.668510397767676,0.812754372055239,0.560741848622284,"IGF1",1
"GO:2000027","regulation of animal organ morphogenesis","1/377","44/15234",0.0227272727272727,0.918374728719556,0.916254329539832,-0.0863713928945031,0.668510397767676,0.812754372055239,0.560741848622284,"WT1",1
"GO:0043583","ear development","2/377","93/15234",0.021505376344086,0.868999743304526,0.865406593406593,-0.201852520002737,0.674154211294322,0.818350280140941,0.564602621264776,"KCNK3/COL2A1",2
"GO:0051262","protein tetramerization","2/377","93/15234",0.021505376344086,0.868999743304526,0.865406593406593,-0.201852520002737,0.674154211294322,0.818350280140941,0.564602621264776,"AQP4/MAT1A",2
"GO:0009205","purine ribonucleoside triphosphate metabolic process","5/377","230/15234",0.0217391304347826,0.878445392688271,0.874074074074074,-0.295889565014402,0.676607641307323,0.818350280140941,0.564602621264776,"ATP1A2/ALDOB/TRIM63/OGDHL/IGF1",5
"GO:0060828","regulation of canonical Wnt signaling pathway","5/377","230/15234",0.0217391304347826,0.878445392688271,0.874074074074074,-0.295889565014402,0.676607641307323,0.818350280140941,0.564602621264776,"IGFBP1/AMER3/SCEL/CDH3/SFRP2",5
"GO:0001881","receptor recycling","1/377","45/15234",0.0222222222222222,0.897966401414677,0.895369922630561,-0.109189959321696,0.676737624893521,0.818350280140941,0.564602621264776,"GRIA1",1
"GO:0001912","positive regulation of leukocyte mediated cytotoxicity","1/377","45/15234",0.0222222222222222,0.897966401414677,0.895369922630561,-0.109189959321696,0.676737624893521,0.818350280140941,0.564602621264776,"ARG1",1
"GO:0006749","glutathione metabolic process","1/377","45/15234",0.0222222222222222,0.897966401414677,0.895369922630561,-0.109189959321696,0.676737624893521,0.818350280140941,0.564602621264776,"SLC1A2",1
"GO:0014015","positive regulation of gliogenesis","1/377","45/15234",0.0222222222222222,0.897966401414677,0.895369922630561,-0.109189959321696,0.676737624893521,0.818350280140941,0.564602621264776,"LRP2",1
"GO:0035330","regulation of hippo signaling","1/377","45/15234",0.0222222222222222,0.897966401414677,0.895369922630561,-0.109189959321696,0.676737624893521,0.818350280140941,0.564602621264776,"SOX11",1
"GO:0045453","bone resorption","1/377","45/15234",0.0222222222222222,0.897966401414677,0.895369922630561,-0.109189959321696,0.676737624893521,0.818350280140941,0.564602621264776,"CARTPT",1
"GO:0050919","negative chemotaxis","1/377","45/15234",0.0222222222222222,0.897966401414677,0.895369922630561,-0.109189959321696,0.676737624893521,0.818350280140941,0.564602621264776,"APOA1",1
"GO:0061001","regulation of dendritic spine morphogenesis","1/377","45/15234",0.0222222222222222,0.897966401414677,0.895369922630561,-0.109189959321696,0.676737624893521,0.818350280140941,0.564602621264776,"KIF1A",1
"GO:1903317","regulation of protein maturation","1/377","45/15234",0.0222222222222222,0.897966401414677,0.895369922630561,-0.109189959321696,0.676737624893521,0.818350280140941,0.564602621264776,"FGA",1
"GO:1905515","non-motile cilium assembly","1/377","45/15234",0.0222222222222222,0.897966401414677,0.895369922630561,-0.109189959321696,0.676737624893521,0.818350280140941,0.564602621264776,"KCNF1",1
"GO:0009612","response to mechanical stimulus","4/377","186/15234",0.021505376344086,0.868999743304526,0.864684912942286,-0.286343323886749,0.679649470388447,0.820229022457682,0.56589881784765,"ATP1A2/PTPRQ/SCEL/KRT5",4
"GO:0031400","negative regulation of protein modification process","4/377","186/15234",0.021505376344086,0.868999743304526,0.864684912942286,-0.286343323886749,0.679649470388447,0.820229022457682,0.56589881784765,"ADIPOQ/BEX1/KLHL40/SFRP2",4
"GO:0051650","establishment of vesicle localization","4/377","186/15234",0.021505376344086,0.868999743304526,0.864684912942286,-0.286343323886749,0.679649470388447,0.820229022457682,0.56589881784765,"UNC13A/AP3B2/SYT4/KIF1A",4
"GO:0019751","polyol metabolic process","2/377","94/15234",0.0212765957446809,0.859755065184265,0.855942028985507,-0.217263118346936,0.67984816160681,0.820229022457682,0.56589881784765,"IP6K3/PCK1",2
"GO:0045582","positive regulation of T cell differentiation","2/377","94/15234",0.0212765957446809,0.859755065184265,0.855942028985507,-0.217263118346936,0.67984816160681,0.820229022457682,0.56589881784765,"PCK1/VNN1",2
"GO:1902369","negative regulation of RNA catabolic process","2/377","94/15234",0.0212765957446809,0.859755065184265,0.855942028985507,-0.217263118346936,0.67984816160681,0.820229022457682,0.56589881784765,"PKP1/A1CF",2
"GO:0002706","regulation of lymphocyte mediated immunity","3/377","141/15234",0.0212765957446809,0.859755065184265,0.855556847244827,-0.266505876478253,0.681925553617105,0.822415319711888,0.567407205136741,"ARG1/C4BPA/C4BPB",3
"GO:0009314","response to radiation","7/377","320/15234",0.021875,0.883935676392573,0.879095069510405,-0.334252372887324,0.682180629004926,0.822415319711888,0.567407205136741,"CHRNB2/LCN2/PRAP1/MME/KCNC2/MMP3/SFRP2",7
"GO:0001706","endoderm formation","1/377","46/15234",0.0217391304347826,0.878445392688271,0.875413711583924,-0.131521841416624,0.684761189013288,0.823955126939857,0.568469560974151,"VTN",1
"GO:0009394","2'-deoxyribonucleotide metabolic process","1/377","46/15234",0.0217391304347826,0.878445392688271,0.875413711583924,-0.131521841416624,0.684761189013288,0.823955126939857,0.568469560974151,"DPYS",1
"GO:0043094","metabolic compound salvage","1/377","46/15234",0.0217391304347826,0.878445392688271,0.875413711583924,-0.131521841416624,0.684761189013288,0.823955126939857,0.568469560974151,"NMNAT2",1
"GO:0048489","synaptic vesicle transport","1/377","46/15234",0.0217391304347826,0.878445392688271,0.875413711583924,-0.131521841416624,0.684761189013288,0.823955126939857,0.568469560974151,"AP3B2",1
"GO:0050982","detection of mechanical stimulus","1/377","46/15234",0.0217391304347826,0.878445392688271,0.875413711583924,-0.131521841416624,0.684761189013288,0.823955126939857,0.568469560974151,"PTPRQ",1
"GO:0009581","detection of external stimulus","2/377","95/15234",0.0210526315789474,0.850705011866536,0.846681003584229,-0.23251783536913,0.685460788258566,0.824169475726636,0.568617446164414,"CARTPT/PTPRQ",2
"GO:0019395","fatty acid oxidation","2/377","95/15234",0.0210526315789474,0.850705011866536,0.846681003584229,-0.23251783536913,0.685460788258566,0.824169475726636,0.568617446164414,"ADIPOQ/HAO1",2
"GO:0140694","membraneless organelle assembly","9/377","410/15234",0.0219512195121951,0.887015591641327,0.881654559254039,-0.369424398988909,0.689559104363325,0.828639182869031,0.571701221450038,"ACTC1/TNNT1/NRAP/ACTA1/MYBPC1/MYPN/ACTN2/KLHL41/TNNT3",9
"GO:0009117","nucleotide metabolic process","10/377","454/15234",0.0220264317180617,0.890054803164328,0.884515305496232,-0.378847830872259,0.690886626149495,0.828639182869031,0.571701221450038,"CARTPT/ATP1A2/DPYS/SULT2A1/ALDOB/TRIM63/RUNDC3A/OGDHL/NMNAT2/IGF1",10
"GO:0002548","monocyte chemotaxis","1/377","47/15234",0.0212765957446809,0.859755065184265,0.856325161887142,-0.153390319443958,0.692586118677628,0.828639182869031,0.571701221450038,"S100A12",1
"GO:0002637","regulation of immunoglobulin production","1/377","47/15234",0.0212765957446809,0.859755065184265,0.856325161887142,-0.153390319443958,0.692586118677628,0.828639182869031,0.571701221450038,"RBP4",1
"GO:0009262","deoxyribonucleotide metabolic process","1/377","47/15234",0.0212765957446809,0.859755065184265,0.856325161887142,-0.153390319443958,0.692586118677628,0.828639182869031,0.571701221450038,"DPYS",1
"GO:0031016","pancreas development","1/377","47/15234",0.0212765957446809,0.859755065184265,0.856325161887142,-0.153390319443958,0.692586118677628,0.828639182869031,0.571701221450038,"MNX1",1
"GO:0031343","positive regulation of cell killing","1/377","47/15234",0.0212765957446809,0.859755065184265,0.856325161887142,-0.153390319443958,0.692586118677628,0.828639182869031,0.571701221450038,"ARG1",1
"GO:0032964","collagen biosynthetic process","1/377","47/15234",0.0212765957446809,0.859755065184265,0.856325161887142,-0.153390319443958,0.692586118677628,0.828639182869031,0.571701221450038,"F2",1
"GO:0070227","lymphocyte apoptotic process","1/377","47/15234",0.0212765957446809,0.859755065184265,0.856325161887142,-0.153390319443958,0.692586118677628,0.828639182869031,0.571701221450038,"PIP",1
"GO:0070849","response to epidermal growth factor","1/377","47/15234",0.0212765957446809,0.859755065184265,0.856325161887142,-0.153390319443958,0.692586118677628,0.828639182869031,0.571701221450038,"ASCL1",1
"GO:0071320","cellular response to cAMP","1/377","47/15234",0.0212765957446809,0.859755065184265,0.856325161887142,-0.153390319443958,0.692586118677628,0.828639182869031,0.571701221450038,"WT1",1
"GO:1901570","fatty acid derivative biosynthetic process","1/377","47/15234",0.0212765957446809,0.859755065184265,0.856325161887142,-0.153390319443958,0.692586118677628,0.828639182869031,0.571701221450038,"HMGCS2",1
"GO:1904427","positive regulation of calcium ion transmembrane transport","1/377","47/15234",0.0212765957446809,0.859755065184265,0.856325161887142,-0.153390319443958,0.692586118677628,0.828639182869031,0.571701221450038,"F2",1
"GO:0009144","purine nucleoside triphosphate metabolic process","5/377","235/15234",0.0212765957446809,0.859755065184265,0.854780271154745,-0.345134042239027,0.69473457969736,0.830895197284659,0.573257708548027,"ATP1A2/ALDOB/TRIM63/OGDHL/IGF1",5
"GO:0036294","cellular response to decreased oxygen levels","3/377","144/15234",0.0208333333333333,0.84184350132626,0.8371828421891,-0.30375364804987,0.695607777926287,0.831364683650575,0.573581620250969,"LCN2/FABP1/KCNK3",3
"GO:0002703","regulation of leukocyte mediated immunity","4/377","190/15234",0.0210526315789474,0.850705011866536,0.845858917812563,-0.329866491418765,0.695653144022705,0.831364683650575,0.573581620250969,"ARG1/CD177/C4BPA/C4BPB",4
"GO:2000060","positive regulation of ubiquitin-dependent protein catabolic process","2/377","97/15234",0.0206185567010309,0.833164702343515,0.828743859649123,-0.262574009967515,0.696444198730353,0.831995507251188,0.57401684299984,"HAMP/KLHL40",2
"GO:0002347","response to tumor cell","1/377","48/15234",0.0208333333333333,0.84184350132626,0.83804889090086,-0.174817053981141,0.700217318602467,0.834295870374066,0.575603927504551,"HRG",1
"GO:0045428","regulation of nitric oxide biosynthetic process","1/377","48/15234",0.0208333333333333,0.84184350132626,0.83804889090086,-0.174817053981141,0.700217318602467,0.834295870374066,0.575603927504551,"ESR1",1
"GO:0046365","monosaccharide catabolic process","1/377","48/15234",0.0208333333333333,0.84184350132626,0.83804889090086,-0.174817053981141,0.700217318602467,0.834295870374066,0.575603927504551,"ALDOB",1
"GO:0046578","regulation of Ras protein signal transduction","1/377","48/15234",0.0208333333333333,0.84184350132626,0.83804889090086,-0.174817053981141,0.700217318602467,0.834295870374066,0.575603927504551,"IGF1",1
"GO:0071622","regulation of granulocyte chemotaxis","1/377","48/15234",0.0208333333333333,0.84184350132626,0.83804889090086,-0.174817053981141,0.700217318602467,0.834295870374066,0.575603927504551,"CCL21",1
"GO:1902743","regulation of lamellipodium organization","1/377","48/15234",0.0208333333333333,0.84184350132626,0.83804889090086,-0.174817053981141,0.700217318602467,0.834295870374066,0.575603927504551,"HRG",1
"GO:1905330","regulation of morphogenesis of an epithelium","1/377","48/15234",0.0208333333333333,0.84184350132626,0.83804889090086,-0.174817053981141,0.700217318602467,0.834295870374066,0.575603927504551,"LCN2",1
"GO:0009582","detection of abiotic stimulus","2/377","98/15234",0.0204081632653061,0.824663021707357,0.820055555555556,-0.277382354697074,0.701816104566308,0.835570887583465,0.576483597342827,"CARTPT/PTPRQ",2
"GO:2001235","positive regulation of apoptotic signaling pathway","2/377","98/15234",0.0204081632653061,0.824663021707357,0.820055555555556,-0.277382354697074,0.701816104566308,0.835570887583465,0.576483597342827,"S100A8/VNN1",2
"GO:0001838","embryonic epithelial tube formation","1/377","49/15234",0.0204081632653061,0.824663021707357,0.820534131205674,-0.195822230981739,0.70765957271065,0.840628301141813,0.579972847632289,"LRP2",1
"GO:0030520","estrogen receptor signaling pathway","1/377","49/15234",0.0204081632653061,0.824663021707357,0.820534131205674,-0.195822230981739,0.70765957271065,0.840628301141813,0.579972847632289,"ESR1",1
"GO:0045332","phospholipid translocation","1/377","49/15234",0.0204081632653061,0.824663021707357,0.820534131205674,-0.195822230981739,0.70765957271065,0.840628301141813,0.579972847632289,"XKR7",1
"GO:0060632","regulation of microtubule-based movement","1/377","49/15234",0.0204081632653061,0.824663021707357,0.820534131205674,-0.195822230981739,0.70765957271065,0.840628301141813,0.579972847632289,"DEFB1",1
"GO:0140719","constitutive heterochromatin formation","1/377","49/15234",0.0204081632653061,0.824663021707357,0.820534131205674,-0.195822230981739,0.70765957271065,0.840628301141813,0.579972847632289,"TDRD1",1
"GO:0170041","non-proteinogenic amino acid metabolic process","1/377","49/15234",0.0204081632653061,0.824663021707357,0.820534131205674,-0.195822230981739,0.70765957271065,0.840628301141813,0.579972847632289,"HNF4A",1
"GO:0042594","response to starvation","4/377","194/15234",0.0206185567010309,0.833164702343515,0.827825596161987,-0.372531260437487,0.711079270834081,0.844373243841672,0.582556587769168,"CARTPT/PCK1/HMGCS2/ALB",4
"GO:0032535","regulation of cellular component size","6/377","285/15234",0.0210526315789474,0.850705011866536,0.845027968582442,-0.405283965790467,0.71167366277374,0.844761715369054,0.582824605081521,"CSF3/CCL21/AQP4/ACTN2/ARHGAP40/SPTA1",6
"GO:0002702","positive regulation of production of molecular mediator of immune response","2/377","100/15234",0.02,0.808169761273209,0.803210884353742,-0.306575917675525,0.712323281045877,0.844898270688937,0.582918818395092,"PGC/RBP4",2
"GO:0016525","negative regulation of angiogenesis","2/377","100/15234",0.02,0.808169761273209,0.803210884353742,-0.306575917675525,0.712323281045877,0.844898270688937,0.582918818395092,"HRG/APOH",2
"GO:0002183","cytoplasmic translational initiation","1/377","50/15234",0.02,0.808169761273209,0.803734259661311,-0.216424691113939,0.714917547099065,0.845753879633288,0.583509126805172,"PKP1",1
"GO:0007589","body fluid secretion","1/377","50/15234",0.02,0.808169761273209,0.803734259661311,-0.216424691113939,0.714917547099065,0.845753879633288,0.583509126805172,"CDO1",1
"GO:0021954","central nervous system neuron development","1/377","50/15234",0.02,0.808169761273209,0.803734259661311,-0.216424691113939,0.714917547099065,0.845753879633288,0.583509126805172,"CHRNB2",1
"GO:0042306","regulation of protein import into nucleus","1/377","50/15234",0.02,0.808169761273209,0.803734259661311,-0.216424691113939,0.714917547099065,0.845753879633288,0.583509126805172,"APOD",1
"GO:0051293","establishment of spindle localization","1/377","50/15234",0.02,0.808169761273209,0.803734259661311,-0.216424691113939,0.714917547099065,0.845753879633288,0.583509126805172,"NLRP2",1
"GO:0051496","positive regulation of stress fiber assembly","1/377","50/15234",0.02,0.808169761273209,0.803734259661311,-0.216424691113939,0.714917547099065,0.845753879633288,0.583509126805172,"APOA1",1
"GO:0060998","regulation of dendritic spine development","1/377","50/15234",0.02,0.808169761273209,0.803734259661311,-0.216424691113939,0.714917547099065,0.845753879633288,0.583509126805172,"KIF1A",1
"GO:0010586","miRNA metabolic process","2/377","101/15234",0.0198019801980198,0.800168080468524,0.795043771043771,-0.320967356534564,0.717459794778398,0.848126556205878,0.585146102370289,"WT1/ESR1",2
"GO:2000181","negative regulation of blood vessel morphogenesis","2/377","101/15234",0.0198019801980198,0.800168080468524,0.795043771043771,-0.320967356534564,0.717459794778398,0.848126556205878,0.585146102370289,"HRG/APOH",2
"GO:0000271","polysaccharide biosynthetic process","1/377","51/15234",0.0196078431372549,0.792323295365892,0.787606382978723,-0.236642045360601,0.721995792933078,0.850608166634185,0.586858234432539,"IGF1",1
"GO:0030888","regulation of B cell proliferation","1/377","51/15234",0.0196078431372549,0.792323295365892,0.787606382978723,-0.236642045360601,0.721995792933078,0.850608166634185,0.586858234432539,"CHRNB2",1
"GO:0035050","embryonic heart tube development","1/377","51/15234",0.0196078431372549,0.792323295365892,0.787606382978723,-0.236642045360601,0.721995792933078,0.850608166634185,0.586858234432539,"PITX2",1
"GO:0051148","negative regulation of muscle cell differentiation","1/377","51/15234",0.0196078431372549,0.792323295365892,0.787606382978723,-0.236642045360601,0.721995792933078,0.850608166634185,0.586858234432539,"CEACAM5",1
"GO:0051452","intracellular pH reduction","1/377","51/15234",0.0196078431372549,0.792323295365892,0.787606382978723,-0.236642045360601,0.721995792933078,0.850608166634185,0.586858234432539,"AVPR1A",1
"GO:0080164","regulation of nitric oxide metabolic process","1/377","51/15234",0.0196078431372549,0.792323295365892,0.787606382978723,-0.236642045360601,0.721995792933078,0.850608166634185,0.586858234432539,"ESR1",1
"GO:1903409","reactive oxygen species biosynthetic process","1/377","51/15234",0.0196078431372549,0.792323295365892,0.787606382978723,-0.236642045360601,0.721995792933078,0.850608166634185,0.586858234432539,"LCN2",1
"GO:0061564","axon development","8/377","378/15234",0.0211640211640212,0.855206096585407,0.848868380575698,-0.454091178620181,0.72231307251903,0.850608166634185,0.586858234432539,"SLITRK6/CHRNB2/DCLK1/APOA4/EDN2/MYPN/NMNAT2/APOD",8
"GO:0043535","regulation of blood vessel endothelial cell migration","2/377","102/15234",0.0196078431372549,0.792323295365892,0.78704,-0.335225878775612,0.722519116549442,0.850608166634185,0.586858234432539,"PLG/HRG",2
"GO:0120034","positive regulation of plasma membrane bounded cell projection assembly","2/377","102/15234",0.0196078431372549,0.792323295365892,0.78704,-0.335225878775612,0.722519116549442,0.850608166634185,0.586858234432539,"GPM6A/CCL21",2
"GO:1901343","negative regulation of vasculature development","2/377","102/15234",0.0196078431372549,0.792323295365892,0.78704,-0.335225878775612,0.722519116549442,0.850608166634185,0.586858234432539,"HRG/APOH",2
"GO:0010001","glial cell differentiation","3/377","151/15234",0.0198675496688742,0.802817643648884,0.797206966324613,-0.387891707128291,0.725795059382563,0.854146754545153,0.589299604660657,"SOX11/F2/VTN",3
"GO:0007015","actin filament organization","9/377","424/15234",0.0212264150943396,0.857727340973925,0.851086956521739,-0.473287115781915,0.726576031770181,0.854747613109617,0.58971415369759,"ACTC1/APOA1/NRAP/CSF3/CCL21/ACTA1/ACTN2/ARHGAP40/SPTA1",9
"GO:0001836","release of cytochrome c from mitochondria","1/377","52/15234",0.0192307692307692,0.777086308916548,0.772110972048394,-0.256490778582299,0.728898749270049,0.855887424384333,0.590500541200678,"IGF1",1
"GO:0033077","T cell differentiation in thymus","1/377","52/15234",0.0192307692307692,0.777086308916548,0.772110972048394,-0.256490778582299,0.728898749270049,0.855887424384333,0.590500541200678,"VNN1",1
"GO:0051653","spindle localization","1/377","52/15234",0.0192307692307692,0.777086308916548,0.772110972048394,-0.256490778582299,0.728898749270049,0.855887424384333,0.590500541200678,"NLRP2",1
"GO:0140894","endolysosomal toll-like receptor signaling pathway","1/377","52/15234",0.0192307692307692,0.777086308916548,0.772110972048394,-0.256490778582299,0.728898749270049,0.855887424384333,0.590500541200678,"NR1H4",1
"GO:2000177","regulation of neural precursor cell proliferation","1/377","52/15234",0.0192307692307692,0.777086308916548,0.772110972048394,-0.256490778582299,0.728898749270049,0.855887424384333,0.590500541200678,"LRP2",1
"GO:2001242","regulation of intrinsic apoptotic signaling pathway","3/377","152/15234",0.0197368421052632,0.797535948624878,0.79180274916556,-0.399611596941887,0.729911090186202,0.856757874518598,0.591101088960497,"SFRP2/S100A8/VNN1",3
"GO:0001933","negative regulation of protein phosphorylation","2/377","104/15234",0.0192307692307692,0.777086308916548,0.771503267973856,-0.363355537544469,0.732408851387584,0.858733078351689,0.592463837026647,"ADIPOQ/SFRP2",2
"GO:0050671","positive regulation of lymphocyte proliferation","2/377","104/15234",0.0192307692307692,0.777086308916548,0.771503267973856,-0.363355537544469,0.732408851387584,0.858733078351689,0.592463837026647,"CHRNB2/IGF1",2
"GO:0071900","regulation of protein serine/threonine kinase activity","2/377","104/15234",0.0192307692307692,0.777086308916548,0.771503267973856,-0.363355537544469,0.732408851387584,0.858733078351689,0.592463837026647,"ADIPOQ/S100A12",2
"GO:0009100","glycoprotein metabolic process","7/377","338/15234",0.0207100591715976,0.836862178833205,0.830260471952315,-0.483143354651254,0.735317499734367,0.85995887112315,0.593309545555977,"CCL21/APCS/NDST4/HS6ST3/MMP12/IGF1/CHST8",7
"GO:0006220","pyrimidine nucleotide metabolic process","1/377","53/15234",0.0188679245283019,0.762424303087934,0.757211538461538,-0.2759863425054,0.735630745813666,0.85995887112315,0.593309545555977,"DPYS",1
"GO:0048010","vascular endothelial growth factor receptor signaling pathway","1/377","53/15234",0.0188679245283019,0.762424303087934,0.757211538461538,-0.2759863425054,0.735630745813666,0.85995887112315,0.593309545555977,"VTN",1
"GO:0050856","regulation of T cell receptor signaling pathway","1/377","53/15234",0.0188679245283019,0.762424303087934,0.757211538461538,-0.2759863425054,0.735630745813666,0.85995887112315,0.593309545555977,"FGL1",1
"GO:0051055","negative regulation of lipid biosynthetic process","1/377","53/15234",0.0188679245283019,0.762424303087934,0.757211538461538,-0.2759863425054,0.735630745813666,0.85995887112315,0.593309545555977,"APOC3",1
"GO:0071470","cellular response to osmotic stress","1/377","53/15234",0.0188679245283019,0.762424303087934,0.757211538461538,-0.2759863425054,0.735630745813666,0.85995887112315,0.593309545555977,"SCN7A",1
"GO:0097009","energy homeostasis","1/377","53/15234",0.0188679245283019,0.762424303087934,0.757211538461538,-0.2759863425054,0.735630745813666,0.85995887112315,0.593309545555977,"CCDC198",1
"GO:0098586","cellular response to virus","1/377","53/15234",0.0188679245283019,0.762424303087934,0.757211538461538,-0.2759863425054,0.735630745813666,0.85995887112315,0.593309545555977,"MMP12",1
"GO:0002456","T cell mediated immunity","2/377","105/15234",0.019047619047619,0.769685486926866,0.763961165048544,-0.377232131974488,0.737240633175575,0.861203858635622,0.594168497071045,"ARG1/C4BPA",2
"GO:0032946","positive regulation of mononuclear cell proliferation","2/377","105/15234",0.019047619047619,0.769685486926866,0.763961165048544,-0.377232131974488,0.737240633175575,0.861203858635622,0.594168497071045,"CHRNB2/IGF1",2
"GO:0032609","type II interferon production","2/377","106/15234",0.0188679245283019,0.762424303087934,0.756564102564103,-0.390986732972819,0.741997958252034,0.864755463952849,0.59661884836983,"NR1H4/IL1RL1",2
"GO:0032649","regulation of type II interferon production","2/377","106/15234",0.0188679245283019,0.762424303087934,0.756564102564103,-0.390986732972819,0.741997958252034,0.864755463952849,0.59661884836983,"NR1H4/IL1RL1",2
"GO:0008631","intrinsic apoptotic signaling pathway in response to oxidative stress","1/377","54/15234",0.0185185185185185,0.748305334512231,0.742874347651546,-0.295143239395373,0.742196005600785,0.864755463952849,0.59661884836983,"VNN1",1
"GO:0030837","negative regulation of actin filament polymerization","1/377","54/15234",0.0185185185185185,0.748305334512231,0.742874347651546,-0.295143239395373,0.742196005600785,0.864755463952849,0.59661884836983,"SPTA1",1
"GO:0034204","lipid translocation","1/377","54/15234",0.0185185185185185,0.748305334512231,0.742874347651546,-0.295143239395373,0.742196005600785,0.864755463952849,0.59661884836983,"XKR7",1
"GO:1901379","regulation of potassium ion transmembrane transport","1/377","54/15234",0.0185185185185185,0.748305334512231,0.742874347651546,-0.295143239395373,0.742196005600785,0.864755463952849,0.59661884836983,"KCNC2",1
"GO:1901799","negative regulation of proteasomal protein catabolic process","1/377","54/15234",0.0185185185185185,0.748305334512231,0.742874347651546,-0.295143239395373,0.742196005600785,0.864755463952849,0.59661884836983,"KLHL40",1
"GO:0044093","positive regulation of molecular function","7/377","341/15234",0.0205278592375367,0.829499754972503,0.82263311215407,-0.507234677375881,0.743544817340001,0.865850975097713,0.597374671981094,"ADIPOQ/S100A12/TNNT3/ADCYAP1/IGF1/ESR1/MAGEC2",7
"GO:1903320","regulation of protein modification by small protein conjugation or removal","4/377","203/15234",0.0197044334975369,0.796226365786413,0.789901248871704,-0.465585993819611,0.743684086488545,0.865850975097713,0.597374671981094,"HAMP/BEX1/KLHL40/MAGEC2",4
"GO:0010595","positive regulation of endothelial cell migration","2/377","107/15234",0.0186915887850467,0.755298842311411,0.749307936507936,-0.404621861606025,0.746681541255747,0.867101621522347,0.598237527737069,"PLG/LCN2",2
"GO:0045621","positive regulation of lymphocyte differentiation","2/377","107/15234",0.0186915887850467,0.755298842311411,0.749307936507936,-0.404621861606025,0.746681541255747,0.867101621522347,0.598237527737069,"PCK1/VNN1",2
"GO:0050870","positive regulation of T cell activation","4/377","204/15234",0.0196078431372549,0.792323295365892,0.785898123324397,-0.475686922214943,0.747128454674558,0.867101621522347,0.598237527737069,"CCL21/PCK1/IGF1/VNN1",4
"GO:0051648","vesicle localization","4/377","204/15234",0.0196078431372549,0.792323295365892,0.785898123324397,-0.475686922214943,0.747128454674558,0.867101621522347,0.598237527737069,"UNC13A/AP3B2/SYT4/KIF1A",4
"GO:0009141","nucleoside triphosphate metabolic process","5/377","251/15234",0.0199203187250996,0.8049499614275,0.798310604073783,-0.496342365298269,0.747986132987238,0.867101621522347,0.598237527737069,"ATP1A2/ALDOB/TRIM63/OGDHL/IGF1",5
"GO:0001961","positive regulation of cytokine-mediated signaling pathway","1/377","55/15234",0.0181818181818182,0.734699782975645,0.729068163908589,-0.313975097504766,0.748598647622425,0.867101621522347,0.598237527737069,"MMP12",1
"GO:0038093","Fc receptor signaling pathway","1/377","55/15234",0.0181818181818182,0.734699782975645,0.729068163908589,-0.313975097504766,0.748598647622425,0.867101621522347,0.598237527737069,"PIGR",1
"GO:0050688","regulation of defense response to virus","1/377","55/15234",0.0181818181818182,0.734699782975645,0.729068163908589,-0.313975097504766,0.748598647622425,0.867101621522347,0.598237527737069,"MMP12",1
"GO:0051123","RNA polymerase II preinitiation complex assembly","1/377","55/15234",0.0181818181818182,0.734699782975645,0.729068163908589,-0.313975097504766,0.748598647622425,0.867101621522347,0.598237527737069,"ESR1",1
"GO:0051898","negative regulation of phosphatidylinositol 3-kinase/protein kinase B signal transduction","1/377","55/15234",0.0181818181818182,0.734699782975645,0.729068163908589,-0.313975097504766,0.748598647622425,0.867101621522347,0.598237527737069,"MMP3",1
"GO:0071168","protein localization to chromatin","1/377","55/15234",0.0181818181818182,0.734699782975645,0.729068163908589,-0.313975097504766,0.748598647622425,0.867101621522347,0.598237527737069,"ESR1",1
"GO:0120192","tight junction assembly","1/377","55/15234",0.0181818181818182,0.734699782975645,0.729068163908589,-0.313975097504766,0.748598647622425,0.867101621522347,0.598237527737069,"CLDN18",1
"GO:1902895","positive regulation of miRNA transcription","1/377","55/15234",0.0181818181818182,0.734699782975645,0.729068163908589,-0.313975097504766,0.748598647622425,0.867101621522347,0.598237527737069,"WT1",1
"GO:2000059","negative regulation of ubiquitin-dependent protein catabolic process","1/377","55/15234",0.0181818181818182,0.734699782975645,0.729068163908589,-0.313975097504766,0.748598647622425,0.867101621522347,0.598237527737069,"KLHL40",1
"GO:0030856","regulation of epithelial cell differentiation","2/377","108/15234",0.0185185185185185,0.748305334512231,0.742188679245283,-0.418139961796974,0.751292107120341,0.869902692530182,0.600170064539158,"PKP1/TMEM100",2
"GO:0071453","cellular response to oxygen levels","3/377","158/15234",0.0189873417721519,0.767249773360642,0.760841814731758,-0.468460983781784,0.753595652775783,0.870823993113822,0.600805695438443,"LCN2/FABP1/KCNK3",3
"GO:0006695","cholesterol biosynthetic process","1/377","56/15234",0.0178571428571429,0.721580143993937,0.715764023210832,-0.332494739240335,0.754842689380535,0.870823993113822,0.600805695438443,"HMGCS2",1
"GO:0006998","nuclear envelope organization","1/377","56/15234",0.0178571428571429,0.721580143993937,0.715764023210832,-0.332494739240335,0.754842689380535,0.870823993113822,0.600805695438443,"DES",1
"GO:0007094","mitotic spindle assembly checkpoint signaling","1/377","56/15234",0.0178571428571429,0.721580143993937,0.715764023210832,-0.332494739240335,0.754842689380535,0.870823993113822,0.600805695438443,"PRAP1",1
"GO:0014032","neural crest cell development","1/377","56/15234",0.0178571428571429,0.721580143993937,0.715764023210832,-0.332494739240335,0.754842689380535,0.870823993113822,0.600805695438443,"PITX2",1
"GO:0042088","T-helper 1 type immune response","1/377","56/15234",0.0178571428571429,0.721580143993937,0.715764023210832,-0.332494739240335,0.754842689380535,0.870823993113822,0.600805695438443,"IL1RL1",1
"GO:0071173","spindle assembly checkpoint signaling","1/377","56/15234",0.0178571428571429,0.721580143993937,0.715764023210832,-0.332494739240335,0.754842689380535,0.870823993113822,0.600805695438443,"PRAP1",1
"GO:0071174","mitotic spindle checkpoint signaling","1/377","56/15234",0.0178571428571429,0.721580143993937,0.715764023210832,-0.332494739240335,0.754842689380535,0.870823993113822,0.600805695438443,"PRAP1",1
"GO:1901976","regulation of cell cycle checkpoint","1/377","56/15234",0.0178571428571429,0.721580143993937,0.715764023210832,-0.332494739240335,0.754842689380535,0.870823993113822,0.600805695438443,"PRAP1",1
"GO:1902653","secondary alcohol biosynthetic process","1/377","56/15234",0.0178571428571429,0.721580143993937,0.715764023210832,-0.332494739240335,0.754842689380535,0.870823993113822,0.600805695438443,"HMGCS2",1
"GO:0002705","positive regulation of leukocyte mediated immunity","2/377","109/15234",0.018348623853211,0.741440147957073,0.735202492211838,-0.431543403407613,0.755830390130847,0.871009793366244,0.600933884200756,"ARG1/CD177",2
"GO:1901800","positive regulation of proteasomal protein catabolic process","2/377","109/15234",0.018348623853211,0.741440147957073,0.735202492211838,-0.431543403407613,0.755830390130847,0.871009793366244,0.600933884200756,"HAMP/KLHL40",2
"GO:1903312","negative regulation of mRNA metabolic process","2/377","109/15234",0.018348623853211,0.741440147957073,0.735202492211838,-0.431543403407613,0.755830390130847,0.871009793366244,0.600933884200756,"PKP1/A1CF",2
"GO:0060341","regulation of cellular localization","10/377","481/15234",0.0207900207900208,0.840093306936808,0.832248621693076,-0.567671176423386,0.756486021176874,0.871447635911114,0.601235963951363,"SLC2A2/CARTPT/NR1H4/LRRC15/SLN/LCN2/PKP1/ACTN2/APOD/STRIT1",10
"GO:0045088","regulation of innate immune response","9/377","437/15234",0.0205949656750572,0.832211424652046,0.824493346200731,-0.566909980203871,0.758234443776769,0.873143561667893,0.602406030304347,"NR1H4/ARG1/LTF/MASP1/MMP12/S100A8/LBP/BPIFB1/COLEC11",9
"GO:0003158","endothelium development","2/377","110/15234",0.0181818181818182,0.734699782975645,0.728345679012346,-0.444834485170742,0.760297133020436,0.873591768965044,0.602715260985857,"LCN2/TMEM100",2
"GO:1903076","regulation of protein localization to plasma membrane","2/377","110/15234",0.0181818181818182,0.734699782975645,0.728345679012346,-0.444834485170742,0.760297133020436,0.873591768965044,0.602715260985857,"LRRC15/PKP1",2
"GO:1901873","regulation of post-translational protein modification","4/377","208/15234",0.0192307692307692,0.777086308916548,0.770278084424118,-0.515637569705313,0.760553610011506,0.873591768965044,0.602715260985857,"HAMP/BEX1/KLHL40/MAGEC2",4
"GO:0030032","lamellipodium assembly","1/377","57/15234",0.0175438596491228,0.708920843222114,0.702935030395137,-0.350714242870404,0.760932049382086,0.873591768965044,0.602715260985857,"HRG",1
"GO:0031577","spindle checkpoint signaling","1/377","57/15234",0.0175438596491228,0.708920843222114,0.702935030395137,-0.350714242870404,0.760932049382086,0.873591768965044,0.602715260985857,"PRAP1",1
"GO:0048145","regulation of fibroblast proliferation","1/377","57/15234",0.0175438596491228,0.708920843222114,0.702935030395137,-0.350714242870404,0.760932049382086,0.873591768965044,0.602715260985857,"IGF1",1
"GO:0048524","positive regulation of viral process","1/377","57/15234",0.0175438596491228,0.708920843222114,0.702935030395137,-0.350714242870404,0.760932049382086,0.873591768965044,0.602715260985857,"CLEC4G",1
"GO:0051881","regulation of mitochondrial membrane potential","1/377","57/15234",0.0175438596491228,0.708920843222114,0.702935030395137,-0.350714242870404,0.760932049382086,0.873591768965044,0.602715260985857,"ALB",1
"GO:0021537","telencephalon development","3/377","160/15234",0.01875,0.757659151193634,0.751047378997922,-0.490874187028886,0.761110955941073,0.873591768965044,0.602715260985857,"ATP1A2/AVPR1A/GRIA1",3
"GO:1903706","regulation of hemopoiesis","7/377","349/15234",0.0200573065902579,0.810485433941614,0.802947684526632,-0.570530312816524,0.76460115788531,0.877018019970051,0.605079126857822,"CARTPT/ADIPOQ/CSF3/LTF/APCS/PCK1/VNN1",7
"GO:0002520","immune system development","2/377","111/15234",0.018018018018018,0.7280808660119,0.721614678899083,-0.458015437479509,0.764693086105901,0.877018019970051,0.605079126857822,"TCF21/PITX2",2
"GO:0021915","neural tube development","1/377","58/15234",0.0172413793103448,0.696698070063112,0.690556177678238,-0.368644998488097,0.766870549572041,0.877018019970051,0.605079126857822,"LRP2",1
"GO:0032623","interleukin-2 production","1/377","58/15234",0.0172413793103448,0.696698070063112,0.690556177678238,-0.368644998488097,0.766870549572041,0.877018019970051,0.605079126857822,"NR1H4",1
"GO:0032663","regulation of interleukin-2 production","1/377","58/15234",0.0172413793103448,0.696698070063112,0.690556177678238,-0.368644998488097,0.766870549572041,0.877018019970051,0.605079126857822,"NR1H4",1
"GO:0033046","negative regulation of sister chromatid segregation","1/377","58/15234",0.0172413793103448,0.696698070063112,0.690556177678238,-0.368644998488097,0.766870549572041,0.877018019970051,0.605079126857822,"PRAP1",1
"GO:0033048","negative regulation of mitotic sister chromatid segregation","1/377","58/15234",0.0172413793103448,0.696698070063112,0.690556177678238,-0.368644998488097,0.766870549572041,0.877018019970051,0.605079126857822,"PRAP1",1
"GO:0045841","negative regulation of mitotic metaphase/anaphase transition","1/377","58/15234",0.0172413793103448,0.696698070063112,0.690556177678238,-0.368644998488097,0.766870549572041,0.877018019970051,0.605079126857822,"PRAP1",1
"GO:1901739","regulation of myoblast fusion","1/377","58/15234",0.0172413793103448,0.696698070063112,0.690556177678238,-0.368644998488097,0.766870549572041,0.877018019970051,0.605079126857822,"SCGB3A1",1
"GO:2000816","negative regulation of mitotic sister chromatid separation","1/377","58/15234",0.0172413793103448,0.696698070063112,0.690556177678238,-0.368644998488097,0.766870549572041,0.877018019970051,0.605079126857822,"PRAP1",1
"GO:0010638","positive regulation of organelle organization","9/377","442/15234",0.0203619909502262,0.82279726826458,0.814690229942765,-0.602234918132634,0.76970705668362,0.879943582704131,0.607097553964673,"APOA1/CSF3/CCL21/SYT13/PRAP1/ACTN2/SYT5/SYT4/IGF1",9
"GO:0001932","regulation of protein phosphorylation","7/377","352/15234",0.0198863636363636,0.803577887629612,0.795801018409714,-0.593921289795512,0.772167108169138,0.881727192011129,0.608328115637934,"ADIPOQ/ITLN1/MUSK/S100A12/SFRP2/ADCYAP1/IGF1",7
"GO:0060997","dendritic spine morphogenesis","1/377","59/15234",0.0169491525423729,0.684889628197635,0.678604181951577,-0.386297758855833,0.772661917706684,0.881727192011129,0.608328115637934,"KIF1A",1
"GO:0097035","regulation of membrane lipid distribution","1/377","59/15234",0.0169491525423729,0.684889628197635,0.678604181951577,-0.386297758855833,0.772661917706684,0.881727192011129,0.608328115637934,"XKR7",1
"GO:1902100","negative regulation of metaphase/anaphase transition of cell cycle","1/377","59/15234",0.0169491525423729,0.684889628197635,0.678604181951577,-0.386297758855833,0.772661917706684,0.881727192011129,0.608328115637934,"PRAP1",1
"GO:1905819","negative regulation of chromosome separation","1/377","59/15234",0.0169491525423729,0.684889628197635,0.678604181951577,-0.386297758855833,0.772661917706684,0.881727192011129,0.608328115637934,"PRAP1",1
"GO:0045814","negative regulation of gene expression, epigenetic","4/377","212/15234",0.0188679245283019,0.762424303087934,0.755258816250773,-0.554886166730827,0.77342107557544,0.882274998157331,0.608706062335816,"TDRD1/TFAP2C/SDR16C5/WT1",4
"GO:0050769","positive regulation of neurogenesis","3/377","164/15234",0.0182926829268293,0.739179659701106,0.732188527584947,-0.534939404053814,0.775585271083884,0.884424618288657,0.610189145057632,"LRP2/SOX11/MME",3
"GO:0032233","positive regulation of actin filament bundle assembly","1/377","60/15234",0.0166666666666667,0.673474801061008,0.667057338622431,-0.403682685678857,0.778309789668765,0.88497742631042,0.610570542688595,"APOA1",1
"GO:0043536","positive regulation of blood vessel endothelial cell migration","1/377","60/15234",0.0166666666666667,0.673474801061008,0.667057338622431,-0.403682685678857,0.778309789668765,0.88497742631042,0.610570542688595,"PLG",1
"GO:0043543","protein acylation","1/377","60/15234",0.0166666666666667,0.673474801061008,0.667057338622431,-0.403682685678857,0.778309789668765,0.88497742631042,0.610570542688595,"ZDHHC22",1
"GO:0048144","fibroblast proliferation","1/377","60/15234",0.0166666666666667,0.673474801061008,0.667057338622431,-0.403682685678857,0.778309789668765,0.88497742631042,0.610570542688595,"IGF1",1
"GO:0048864","stem cell development","1/377","60/15234",0.0166666666666667,0.673474801061008,0.667057338622431,-0.403682685678857,0.778309789668765,0.88497742631042,0.610570542688595,"PITX2",1
"GO:0050871","positive regulation of B cell activation","1/377","60/15234",0.0166666666666667,0.673474801061008,0.667057338622431,-0.403682685678857,0.778309789668765,0.88497742631042,0.610570542688595,"CHRNB2",1
"GO:0051985","negative regulation of chromosome segregation","1/377","60/15234",0.0166666666666667,0.673474801061008,0.667057338622431,-0.403682685678857,0.778309789668765,0.88497742631042,0.610570542688595,"PRAP1",1
"GO:0072175","epithelial tube formation","1/377","60/15234",0.0166666666666667,0.673474801061008,0.667057338622431,-0.403682685678857,0.778309789668765,0.88497742631042,0.610570542688595,"LRP2",1
"GO:0007281","germ cell development","4/377","215/15234",0.0186046511627907,0.751785824440195,0.744368067290955,-0.583879377448817,0.782711185190141,0.889320813627262,0.613567166412894,"TDRD1/DEFB1/IGF1/WT1",4
"GO:0045859","regulation of protein kinase activity","4/377","215/15234",0.0186046511627907,0.751785824440195,0.744368067290955,-0.583879377448817,0.782711185190141,0.889320813627262,0.613567166412894,"ADIPOQ/S100A12/ADCYAP1/IGF1",4
"GO:0016126","sterol biosynthetic process","1/377","61/15234",0.0163934426229508,0.662434230551811,0.655895390070922,-0.420809391788816,0.783817711725894,0.889320813627262,0.613567166412894,"HMGCS2",1
"GO:0035329","hippo signaling","1/377","61/15234",0.0163934426229508,0.662434230551811,0.655895390070922,-0.420809391788816,0.783817711725894,0.889320813627262,0.613567166412894,"SOX11",1
"GO:0070918","regulatory ncRNA processing","1/377","61/15234",0.0163934426229508,0.662434230551811,0.655895390070922,-0.420809391788816,0.783817711725894,0.889320813627262,0.613567166412894,"TDRD1",1
"GO:0097479","synaptic vesicle localization","1/377","61/15234",0.0163934426229508,0.662434230551811,0.655895390070922,-0.420809391788816,0.783817711725894,0.889320813627262,0.613567166412894,"AP3B2",1
"GO:0007088","regulation of mitotic nuclear division","2/377","116/15234",0.0172413793103448,0.696698070063112,0.689730994152047,-0.522341861390799,0.785637695184565,0.891065932715611,0.614771172613676,"PRAP1/IGF1",2
"GO:0051251","positive regulation of lymphocyte activation","5/377","264/15234",0.0189393939393939,0.765312273932964,0.757566322082451,-0.61274429266358,0.785953537697106,0.891104423479394,0.614797728462258,"CHRNB2/CCL21/PCK1/IGF1/VNN1",5
"GO:0006809","nitric oxide biosynthetic process","1/377","62/15234",0.0161290322580645,0.651749807478395,0.645099407045692,-0.437686979660652,0.789189142733562,0.891430213063466,0.615022499758378,"ESR1",1
"GO:0018105","peptidyl-serine phosphorylation","1/377","62/15234",0.0161290322580645,0.651749807478395,0.645099407045692,-0.437686979660652,0.789189142733562,0.891430213063466,0.615022499758378,"PCK1",1
"GO:0030879","mammary gland development","1/377","62/15234",0.0161290322580645,0.651749807478395,0.645099407045692,-0.437686979660652,0.789189142733562,0.891430213063466,0.615022499758378,"CDO1",1
"GO:0032922","circadian regulation of gene expression","1/377","62/15234",0.0161290322580645,0.651749807478395,0.645099407045692,-0.437686979660652,0.789189142733562,0.891430213063466,0.615022499758378,"CARTPT",1
"GO:0035567","non-canonical Wnt signaling pathway","1/377","62/15234",0.0161290322580645,0.651749807478395,0.645099407045692,-0.437686979660652,0.789189142733562,0.891430213063466,0.615022499758378,"SFRP2",1
"GO:0046849","bone remodeling","1/377","62/15234",0.0161290322580645,0.651749807478395,0.645099407045692,-0.437686979660652,0.789189142733562,0.891430213063466,0.615022499758378,"CARTPT",1
"GO:0060337","type I interferon-mediated signaling pathway","1/377","62/15234",0.0161290322580645,0.651749807478395,0.645099407045692,-0.437686979660652,0.789189142733562,0.891430213063466,0.615022499758378,"MMP12",1
"GO:0060760","positive regulation of response to cytokine stimulus","1/377","62/15234",0.0161290322580645,0.651749807478395,0.645099407045692,-0.437686979660652,0.789189142733562,0.891430213063466,0.615022499758378,"MMP12",1
"GO:0120193","tight junction organization","1/377","62/15234",0.0161290322580645,0.651749807478395,0.645099407045692,-0.437686979660652,0.789189142733562,0.891430213063466,0.615022499758378,"CLDN18",1
"GO:2000630","positive regulation of miRNA metabolic process","1/377","62/15234",0.0161290322580645,0.651749807478395,0.645099407045692,-0.437686979660652,0.789189142733562,0.891430213063466,0.615022499758378,"WT1",1
"GO:0042177","negative regulation of protein catabolic process","2/377","117/15234",0.0170940170940171,0.690743385703598,0.683686956521739,-0.534905367422402,0.789624991008448,0.891430213063466,0.615022499758378,"KLHL40/NELL1",2
"GO:0042326","negative regulation of phosphorylation","2/377","117/15234",0.0170940170940171,0.690743385703598,0.683686956521739,-0.534905367422402,0.789624991008448,0.891430213063466,0.615022499758378,"ADIPOQ/SFRP2",2
"GO:0070665","positive regulation of leukocyte proliferation","2/377","118/15234",0.0169491525423729,0.684889628197635,0.677747126436782,-0.547372651207415,0.79354689650145,0.895253186921277,0.617660075761621,"CHRNB2/IGF1",2
"GO:0043491","phosphatidylinositol 3-kinase/protein kinase B signal transduction","5/377","267/15234",0.0187265917602996,0.75671325961911,0.748737995567594,-0.638858276435371,0.794056788845549,0.895253186921277,0.617660075761621,"LRP2/CSF3/CCL21/MMP3/IGF1",5
"GO:0014823","response to activity","1/377","63/15234",0.0158730158730159,0.641404572439055,0.634651681537406,-0.454324076636146,0.794427456284145,0.895253186921277,0.617660075761621,"RBP4",1
"GO:0030199","collagen fibril organization","1/377","63/15234",0.0158730158730159,0.641404572439055,0.634651681537406,-0.454324076636146,0.794427456284145,0.895253186921277,0.617660075761621,"COL2A1",1
"GO:1903078","positive regulation of protein localization to plasma membrane","1/377","63/15234",0.0158730158730159,0.641404572439055,0.634651681537406,-0.454324076636146,0.794427456284145,0.895253186921277,0.617660075761621,"PKP1",1
"GO:0018209","peptidyl-serine modification","1/377","64/15234",0.015625,0.631382625994695,0.624535629854779,-0.47072886718408,0.799535942803219,0.899726990103587,0.620746677019116,"PCK1",1
"GO:0031122","cytoplasmic microtubule organization","1/377","64/15234",0.015625,0.631382625994695,0.624535629854779,-0.47072886718408,0.799535942803219,0.899726990103587,0.620746677019116,"TRDN",1
"GO:0045839","negative regulation of mitotic nuclear division","1/377","64/15234",0.015625,0.631382625994695,0.624535629854779,-0.47072886718408,0.799535942803219,0.899726990103587,0.620746677019116,"PRAP1",1
"GO:0060142","regulation of syncytium formation by plasma membrane fusion","1/377","64/15234",0.015625,0.631382625994695,0.624535629854779,-0.47072886718408,0.799535942803219,0.899726990103587,0.620746677019116,"SCGB3A1",1
"GO:0099173","postsynapse organization","4/377","221/15234",0.0180995475113122,0.731375349568515,0.723489949469367,-0.640775786489413,0.800383666368369,0.900360416153172,0.621183695269921,"MUSK/ACTN2/CHRDL1/KIF1A",4
"GO:0008360","regulation of cell shape","2/377","120/15234",0.0166666666666667,0.673474801061008,0.666169491525424,-0.572025581509752,0.801197674178418,0.90095547779366,0.621594244847758,"EPB42/SPTA1",2
"GO:0072657","protein localization to membrane","8/377","412/15234",0.0194174757281553,0.784630836187582,0.775604389707263,-0.705954254507519,0.803994163517648,0.902581688898579,0.62271621312326,"LRRC15/ZDHHC22/PKP1/MUSK/ACTN2/CHRDL1/PIGR/NEGR1",8
"GO:0006469","negative regulation of protein kinase activity","1/377","65/15234",0.0153846153846154,0.621669047133238,0.614735704787234,-0.486909122489256,0.804517811594464,0.902581688898579,0.62271621312326,"ADIPOQ",1
"GO:0033047","regulation of mitotic sister chromatid segregation","1/377","65/15234",0.0153846153846154,0.621669047133238,0.614735704787234,-0.486909122489256,0.804517811594464,0.902581688898579,0.62271621312326,"PRAP1",1
"GO:0048002","antigen processing and presentation of peptide antigen","1/377","65/15234",0.0153846153846154,0.621669047133238,0.614735704787234,-0.486909122489256,0.804517811594464,0.902581688898579,0.62271621312326,"CTSE",1
"GO:2000736","regulation of stem cell differentiation","1/377","65/15234",0.0153846153846154,0.621669047133238,0.614735704787234,-0.486909122489256,0.804517811594464,0.902581688898579,0.62271621312326,"TBX5",1
"GO:0045727","positive regulation of translation","2/377","121/15234",0.0165289256198347,0.667908893614223,0.660526610644258,-0.584214623368615,0.804928118002244,0.902581688898579,0.62271621312326,"PKP1/KRT17",2
"GO:0046718","symbiont entry into host cell","2/377","121/15234",0.0165289256198347,0.667908893614223,0.660526610644258,-0.584214623368615,0.804928118002244,0.902581688898579,0.62271621312326,"CLEC4G/ITGB6",2
"GO:0090090","negative regulation of canonical Wnt signaling pathway","2/377","121/15234",0.0165289256198347,0.667908893614223,0.660526610644258,-0.584214623368615,0.804928118002244,0.902581688898579,0.62271621312326,"IGFBP1/SFRP2",2
"GO:0051338","regulation of transferase activity","5/377","272/15234",0.0183823529411765,0.742803089405523,0.73446498328702,-0.68179405323507,0.807027731808799,0.904615127747381,0.624119139146598,"ADIPOQ/S100A12/ADCYAP1/IGF1/MAGEC2",5
"GO:0006091","generation of precursor metabolites and energy","8/377","414/15234",0.0193236714975845,0.780840349056241,0.77167687933037,-0.720169133044303,0.808174796931857,0.905579770684722,0.624784673141299,"G6PC1/ADIPOQ/ALDOB/AVPR1A/TRIM63/OGDHL/HMGCS2/IGF1",8
"GO:0031669","cellular response to nutrient levels","4/377","224/15234",0.0178571428571429,0.721580143993937,0.71347794296856,-0.668700583310843,0.808775865380114,0.905932144034918,0.625027785317115,"FGF23/CARTPT/LCN2/ALB",4
"GO:0035148","tube formation","1/377","66/15234",0.0151515151515152,0.612249819146371,0.605237315875614,-0.50287222762971,0.80937619283442,0.905962516129462,0.625048739869962,"LRP2",1
"GO:0051784","negative regulation of nuclear division","1/377","66/15234",0.0151515151515152,0.612249819146371,0.605237315875614,-0.50287222762971,0.80937619283442,0.905962516129462,0.625048739869962,"PRAP1",1
"GO:0032434","regulation of proteasomal ubiquitin-dependent protein catabolic process","2/377","123/15234",0.016260162601626,0.657048586400983,0.649520661157025,-0.608326008388408,0.812203047575091,0.907090163911672,0.625826735441235,"HAMP/KLHL40",2
"GO:0043534","blood vessel endothelial cell migration","2/377","123/15234",0.016260162601626,0.657048586400983,0.649520661157025,-0.608326008388408,0.812203047575091,0.907090163911672,0.625826735441235,"PLG/HRG",2
"GO:0050806","positive regulation of synaptic transmission","2/377","123/15234",0.016260162601626,0.657048586400983,0.649520661157025,-0.608326008388408,0.812203047575091,0.907090163911672,0.625826735441235,"MME/GRIA1",2
"GO:0051783","regulation of nuclear division","2/377","123/15234",0.016260162601626,0.657048586400983,0.649520661157025,-0.608326008388408,0.812203047575091,0.907090163911672,0.625826735441235,"PRAP1/IGF1",2
"GO:0000381","regulation of alternative mRNA splicing, via spliceosome","1/377","67/15234",0.0149253731343284,0.603111762144186,0.596026756931012,-0.518625206572716,0.814114139518322,0.907090163911672,0.625826735441235,"CELF3",1
"GO:0006635","fatty acid beta-oxidation","1/377","67/15234",0.0149253731343284,0.603111762144186,0.596026756931012,-0.518625206572716,0.814114139518322,0.907090163911672,0.625826735441235,"ADIPOQ",1
"GO:0014033","neural crest cell differentiation","1/377","67/15234",0.0149253731343284,0.603111762144186,0.596026756931012,-0.518625206572716,0.814114139518322,0.907090163911672,0.625826735441235,"PITX2",1
"GO:0032272","negative regulation of protein polymerization","1/377","67/15234",0.0149253731343284,0.603111762144186,0.596026756931012,-0.518625206572716,0.814114139518322,0.907090163911672,0.625826735441235,"SPTA1",1
"GO:0033143","regulation of intracellular steroid hormone receptor signaling pathway","1/377","67/15234",0.0149253731343284,0.603111762144186,0.596026756931012,-0.518625206572716,0.814114139518322,0.907090163911672,0.625826735441235,"TCF21",1
"GO:0045913","positive regulation of carbohydrate metabolic process","1/377","67/15234",0.0149253731343284,0.603111762144186,0.596026756931012,-0.518625206572716,0.814114139518322,0.907090163911672,0.625826735441235,"IGF1",1
"GO:0070897","transcription preinitiation complex assembly","1/377","67/15234",0.0149253731343284,0.603111762144186,0.596026756931012,-0.518625206572716,0.814114139518322,0.907090163911672,0.625826735441235,"ESR1",1
"GO:0072527","pyrimidine-containing compound metabolic process","1/377","67/15234",0.0149253731343284,0.603111762144186,0.596026756931012,-0.518625206572716,0.814114139518322,0.907090163911672,0.625826735441235,"DPYS",1
"GO:1901880","negative regulation of protein depolymerization","1/377","67/15234",0.0149253731343284,0.603111762144186,0.596026756931012,-0.518625206572716,0.814114139518322,0.907090163911672,0.625826735441235,"SPTA1",1
"GO:0051897","positive regulation of phosphatidylinositol 3-kinase/protein kinase B signal transduction","3/377","176/15234",0.0170454545454545,0.688781046539667,0.680844487032858,-0.661510222647206,0.814738394078124,0.907465843439377,0.626085927197192,"CSF3/CCL21/IGF1",3
"GO:0009411","response to UV","2/377","124/15234",0.0161290322580645,0.651749807478395,0.644153005464481,-0.620251481193822,0.81574910517326,0.908271546830812,0.626641804378156,"MME/MMP3",2
"GO:0006661","phosphatidylinositol biosynthetic process","2/377","125/15234",0.016,0.646535809018568,0.638872628726287,-0.632092158839026,0.819235270949394,0.911631812332669,0.628960145016064,"IP6K3/PTPRQ",2
"GO:0060070","canonical Wnt signaling pathway","5/377","277/15234",0.0180505415162455,0.729395091401814,0.720716714104997,-0.724020965611031,0.819343871824458,0.911631812332669,0.628960145016064,"IGFBP1/AMER3/SCEL/CDH3/SFRP2",5
"GO:0030522","intracellular receptor signaling pathway","7/377","373/15234",0.0187667560321716,0.758336237119634,0.749054792497415,-0.752730938730509,0.820181291737994,0.912242457137157,0.6293814458522,"SCGB2A2/NR1H4/SCGB2A1/HNF4A/TCF21/PRAME/ESR1",7
"GO:0044409","symbiont entry into host","2/377","126/15234",0.0158730158730159,0.641404572439055,0.633677419354839,-0.643849505585925,0.822662327787017,0.914679589149948,0.631062891018387,"CLEC4G/ITGB6",2
"GO:0010965","regulation of mitotic sister chromatid separation","1/377","69/15234",0.0144927536231884,0.585630261792181,0.578418335419274,-0.549527212510431,0.823240566634483,0.914679589149948,0.631062891018387,"PRAP1",1
"GO:0048525","negative regulation of viral process","1/377","69/15234",0.0144927536231884,0.585630261792181,0.578418335419274,-0.549527212510431,0.823240566634483,0.914679589149948,0.631062891018387,"APCS",1
"GO:0050792","regulation of viral process","2/377","127/15234",0.015748031496063,0.636354142734811,0.628565333333333,-0.655524947932591,0.826031056607231,0.917304892086398,0.632874160538913,"CLEC4G/APCS",2
"GO:0001910","regulation of leukocyte mediated cytotoxicity","1/377","70/15234",0.0142857142857143,0.57726411519515,0.569996916435399,-0.564688680269172,0.827634784002027,0.917304892086398,0.632874160538913,"ARG1",1
"GO:0006970","response to osmotic stress","1/377","70/15234",0.0142857142857143,0.57726411519515,0.569996916435399,-0.564688680269172,0.827634784002027,0.917304892086398,0.632874160538913,"SCN7A",1
"GO:0030901","midbrain development","1/377","70/15234",0.0142857142857143,0.57726411519515,0.569996916435399,-0.564688680269172,0.827634784002027,0.917304892086398,0.632874160538913,"SFRP2",1
"GO:0046209","nitric oxide metabolic process","1/377","70/15234",0.0142857142857143,0.57726411519515,0.569996916435399,-0.564688680269172,0.827634784002027,0.917304892086398,0.632874160538913,"ESR1",1
"GO:0046425","regulation of receptor signaling pathway via JAK-STAT","1/377","70/15234",0.0142857142857143,0.57726411519515,0.569996916435399,-0.564688680269172,0.827634784002027,0.917304892086398,0.632874160538913,"F2",1
"GO:0050854","regulation of antigen receptor-mediated signaling pathway","1/377","70/15234",0.0142857142857143,0.57726411519515,0.569996916435399,-0.564688680269172,0.827634784002027,0.917304892086398,0.632874160538913,"FGL1",1
"GO:0009101","glycoprotein biosynthetic process","5/377","282/15234",0.0177304964539007,0.716462554320221,0.707464772330267,-0.765566933461245,0.831022023713427,0.920736283546492,0.635241572953828,"CCL21/NDST4/HS6ST3/IGF1/CHST8",5
"GO:0030330","DNA damage response, signal transduction by p53 class mediator","1/377","71/15234",0.0140845070422535,0.569133634699443,0.561816109422492,-0.579664941074864,0.831920044252042,0.920763046176718,0.635260037236843,"PRAP1",1
"GO:0048488","synaptic vesicle endocytosis","1/377","71/15234",0.0140845070422535,0.569133634699443,0.561816109422492,-0.579664941074864,0.831920044252042,0.920763046176718,0.635260037236843,"AP3B2",1
"GO:0051306","mitotic sister chromatid separation","1/377","71/15234",0.0140845070422535,0.569133634699443,0.561816109422492,-0.579664941074864,0.831920044252042,0.920763046176718,0.635260037236843,"PRAP1",1
"GO:0007179","transforming growth factor beta receptor signaling pathway","3/377","183/15234",0.0163934426229508,0.662434230551811,0.654055258467023,-0.73181128517452,0.834795514130294,0.923448313018475,0.637112677523579,"SOX11/NKX2-1/CDH3",3
"GO:0002224","toll-like receptor signaling pathway","1/377","72/15234",0.0138888888888889,0.561229000884173,0.553865747677555,-0.594461525151653,0.836099042030647,0.923448313018475,0.637112677523579,"S100A8",1
"GO:0033673","negative regulation of kinase activity","1/377","72/15234",0.0138888888888889,0.561229000884173,0.553865747677555,-0.594461525151653,0.836099042030647,0.923448313018475,0.637112677523579,"ADIPOQ",1
"GO:0050730","regulation of peptidyl-tyrosine phosphorylation","1/377","72/15234",0.0138888888888889,0.561229000884173,0.553865747677555,-0.594461525151653,0.836099042030647,0.923448313018475,0.637112677523579,"SFRP2",1
"GO:0071260","cellular response to mechanical stimulus","1/377","72/15234",0.0138888888888889,0.561229000884173,0.553865747677555,-0.594461525151653,0.836099042030647,0.923448313018475,0.637112677523579,"ATP1A2",1
"GO:2001057","reactive nitrogen species metabolic process","1/377","72/15234",0.0138888888888889,0.561229000884173,0.553865747677555,-0.594461525151653,0.836099042030647,0.923448313018475,0.637112677523579,"ESR1",1
"GO:0043549","regulation of kinase activity","4/377","236/15234",0.0169491525423729,0.684889628197635,0.676019228991402,-0.777141067299334,0.839512250893887,0.926894245573027,0.639490122244031,"ADIPOQ/S100A12/ADCYAP1/IGF1",4
"GO:0042102","positive regulation of T cell proliferation","1/377","73/15234",0.0136986301369863,0.553540932378911,0.546136229314421,-0.609083715879204,0.840174405515309,0.926977764688968,0.639547744405263,"IGF1",1
"GO:0071496","cellular response to external stimulus","1/377","73/15234",0.0136986301369863,0.553540932378911,0.546136229314421,-0.609083715879204,0.840174405515309,0.926977764688968,0.639547744405263,"ATP1A2",1
"GO:0006606","protein import into nucleus","2/377","132/15234",0.0151515151515152,0.612249819146371,0.604184615384615,-0.712721034262567,0.84202692888639,0.928002172824359,0.640254512072511,"MMP12/APOD",2
"GO:0046328","regulation of JNK cascade","2/377","132/15234",0.0151515151515152,0.612249819146371,0.604184615384615,-0.712721034262567,0.84202692888639,0.928002172824359,0.640254512072511,"CCL21/AMBP",2
"GO:0050852","T cell receptor signaling pathway","2/377","132/15234",0.0151515151515152,0.612249819146371,0.604184615384615,-0.712721034262567,0.84202692888639,0.928002172824359,0.640254512072511,"VTCN1/FGL1",2
"GO:0010720","positive regulation of cell development","6/377","336/15234",0.0178571428571429,0.721580143993937,0.711933349669199,-0.822060333157917,0.842277201465703,0.928002172824359,0.640254512072511,"LRP2/SOX11/MME/PCK1/MYF6/VNN1",6
"GO:0002062","chondrocyte differentiation","1/377","74/15234",0.0135135135135135,0.546060649508925,0.538618478577674,-0.623536564202147,0.84414869805015,0.929416243307741,0.641230118632373,"COL2A1",1
"GO:1904377","positive regulation of protein localization to cell periphery","1/377","74/15234",0.0135135135135135,0.546060649508925,0.538618478577674,-0.623536564202147,0.84414869805015,0.929416243307741,0.641230118632373,"PKP1",1
"GO:0007266","Rho protein signal transduction","2/377","133/15234",0.0150375939849624,0.607646437047526,0.599531806615776,-0.723933046417333,0.845061933423889,0.930097761682769,0.641700317116224,"APOA1/APOC3",2
"GO:0016358","dendrite development","3/377","187/15234",0.0160427807486631,0.648264514390275,0.639662287840037,-0.770920975957718,0.845398167531597,0.930143963650323,0.64173219313878,"CHRNB2/KNDC1/KIF1A",3
"GO:0051896","regulation of phosphatidylinositol 3-kinase/protein kinase B signal transduction","4/377","239/15234",0.0167364016736402,0.676292687257916,0.667252295932919,-0.8034818306251,0.846517838255096,0.931051804705761,0.642358537935172,"CSF3/CCL21/MMP3/IGF1",4
"GO:0007520","myoblast fusion","1/377","75/15234",0.0133333333333333,0.538779840848806,0.531303910293272,-0.637824902009845,0.84802441974112,0.931088986037402,0.642384190370095,"SCGB3A1",1
"GO:0043547","positive regulation of GTPase activity","1/377","75/15234",0.0133333333333333,0.538779840848806,0.531303910293272,-0.637824902009845,0.84802441974112,0.931088986037402,0.642384190370095,"ADCYAP1",1
"GO:0048661","positive regulation of smooth muscle cell proliferation","1/377","75/15234",0.0133333333333333,0.538779840848806,0.531303910293272,-0.637824902009845,0.84802441974112,0.931088986037402,0.642384190370095,"IGF1",1
"GO:0097581","lamellipodium organization","1/377","75/15234",0.0133333333333333,0.538779840848806,0.531303910293272,-0.637824902009845,0.84802441974112,0.931088986037402,0.642384190370095,"HRG",1
"GO:0140238","presynaptic endocytosis","1/377","75/15234",0.0133333333333333,0.538779840848806,0.531303910293272,-0.637824902009845,0.84802441974112,0.931088986037402,0.642384190370095,"AP3B2",1
"GO:0022412","cellular process involved in reproduction in multicellular organism","4/377","240/15234",0.0166666666666667,0.673474801061008,0.66437951560867,-0.812197044479027,0.848795164046728,0.931611636649898,0.642744781565556,"TDRD1/DEFB1/IGF1/WT1",4
"GO:0043523","regulation of neuron apoptotic process","3/377","189/15234",0.0158730158730159,0.641404572439055,0.632697947214076,-0.790200660036803,0.850475195211048,0.932807804324123,0.643570050916259,"TFAP2B/LCN2/CASP14",3
"GO:0120032","regulation of plasma membrane bounded cell projection assembly","3/377","189/15234",0.0158730158730159,0.641404572439055,0.632697947214076,-0.790200660036803,0.850475195211048,0.932807804324123,0.643570050916259,"GPM6A/HRG/CCL21",3
"GO:0009123","nucleoside monophosphate metabolic process","1/377","76/15234",0.0131578947368421,0.531690632416585,0.524184397163121,-0.651953354573026,0.851804009012021,0.933941197532778,0.644352010417048,"DPYS",1
"GO:0030111","regulation of Wnt signaling pathway","5/377","292/15234",0.0171232876712329,0.691926165473638,0.682346109175377,-0.846719785852963,0.85253829826715,0.934160897981806,0.644503587867957,"IGFBP1/AMER3/SCEL/CDH3/SFRP2",5
"GO:0001525","angiogenesis","9/377","485/15234",0.0185567010309278,0.749848232109164,0.738884956156376,-0.891848307484841,0.852595441530373,0.934160897981806,0.644503587867957,"EDN2/HRG/TCF21/APOH/CXCL13/TBX4/SFRP2/APOD/HOXB13",9
"GO:0016482","cytosolic transport","2/377","136/15234",0.0147058823529412,0.594242471524419,0.585990049751244,-0.757136467791203,0.853852277706484,0.934629721507856,0.644827042259239,"SYT4/KIF1A",2
"GO:0051170","import into nucleus","2/377","136/15234",0.0147058823529412,0.594242471524419,0.585990049751244,-0.757136467791203,0.853852277706484,0.934629721507856,0.644827042259239,"MMP12/APOD",2
"GO:1902903","regulation of supramolecular fiber organization","6/377","342/15234",0.0175438596491228,0.708920843222114,0.698931459376203,-0.867252343104011,0.853910356126127,0.934629721507856,0.644827042259239,"APOA1/CSF3/CCL21/ACTN2/ARHGAP40/SPTA1",6
"GO:0060491","regulation of cell projection assembly","3/377","191/15234",0.0157068062827225,0.63468829419362,0.625881784048242,-0.809302494508288,0.855406766222627,0.935386854815209,0.645349409588184,"GPM6A/HRG/CCL21",3
"GO:0007368","determination of left/right symmetry","1/377","77/15234",0.012987012987013,0.524785559268318,0.517252239641657,-0.665926352115485,0.855489844122357,0.935386854815209,0.645349409588184,"PITX2",1
"GO:1901992","positive regulation of mitotic cell cycle phase transition","1/377","77/15234",0.012987012987013,0.524785559268318,0.517252239641657,-0.665926352115485,0.855489844122357,0.935386854815209,0.645349409588184,"PRAP1",1
"GO:0032388","positive regulation of intracellular transport","2/377","137/15234",0.0145985401459854,0.589904935235919,0.58160987654321,-0.768063864970441,0.856679996910695,0.936364270482264,0.646023755844398,"ACTN2/STRIT1",2
"GO:0042325","regulation of phosphorylation","7/377","393/15234",0.0178117048346056,0.719744062202604,0.709263408486206,-0.896638432209734,0.858232237755565,0.937371521343478,0.646718686230949,"ADIPOQ/ITLN1/MUSK/S100A12/SFRP2/ADCYAP1/IGF1",7
"GO:0002377","immunoglobulin production","1/377","78/15234",0.0128205128205128,0.518057539277698,0.510500138159713,-0.679748140591653,0.859084244647914,0.937371521343478,0.646718686230949,"RBP4",1
"GO:0031341","regulation of cell killing","1/377","78/15234",0.0128205128205128,0.518057539277698,0.510500138159713,-0.679748140591653,0.859084244647914,0.937371521343478,0.646718686230949,"ARG1",1
"GO:0032481","positive regulation of type I interferon production","1/377","78/15234",0.0128205128205128,0.518057539277698,0.510500138159713,-0.679748140591653,0.859084244647914,0.937371521343478,0.646718686230949,"MMP12",1
"GO:0060972","left/right pattern formation","1/377","78/15234",0.0128205128205128,0.518057539277698,0.510500138159713,-0.679748140591653,0.859084244647914,0.937371521343478,0.646718686230949,"PITX2",1
"GO:0017148","negative regulation of translation","2/377","138/15234",0.0144927536231884,0.585630261792181,0.577294117647059,-0.778922887394186,0.859457752936943,0.937455471716244,0.64677660592826,"NMNAT2/WT1",2
"GO:0042110","T cell activation","8/377","443/15234",0.018058690744921,0.729724389411476,0.718786406254867,-0.919618683781922,0.861422270592074,0.939274162587632,0.648031371348611,"ARG1/VTCN1/CCL21/FGL1/PLA2G2A/PCK1/IGF1/VNN1",8
"GO:0000245","spliceosomal complex assembly","1/377","79/15234",0.0126582278481013,0.511499848907095,0.503921167484997,-0.693422791734182,0.862589472925015,0.939898422583927,0.648462065684291,"CELF3",1
"GO:0097061","dendritic spine organization","1/377","79/15234",0.0126582278481013,0.511499848907095,0.503921167484997,-0.693422791734182,0.862589472925015,0.939898422583927,0.648462065684291,"KIF1A",1
"GO:0006493","protein O-linked glycosylation","2/377","140/15234",0.0142857142857143,0.57726411519515,0.568850241545894,-0.800440021303478,0.864866301161489,0.942054575455365,0.649949655525223,"NDST4/HS6ST3",2
"GO:0001704","formation of primary germ layer","1/377","80/15234",0.0125,0.505106100795756,0.497508753029895,-0.706954212429754,0.866007735459311,0.942323735554865,0.650135356564748,"VTN",1
"GO:0002292","T cell differentiation involved in immune response","1/377","80/15234",0.0125,0.505106100795756,0.497508753029895,-0.706954212429754,0.866007735459311,0.942323735554865,0.650135356564748,"PCK1",1
"GO:0032755","positive regulation of interleukin-6 production","1/377","80/15234",0.0125,0.505106100795756,0.497508753029895,-0.706954212429754,0.866007735459311,0.942323735554865,0.650135356564748,"LBP",1
"GO:0051056","regulation of small GTPase mediated signal transduction","5/377","300/15234",0.0166666666666667,0.673474801061008,0.663477310005468,-0.909886226825876,0.868072731439182,0.944245665546887,0.651461349526095,"APOA1/CXCL13/ARHGAP40/IGF1/APOC3",5
"GO:0000380","alternative mRNA splicing, via spliceosome","1/377","81/15234",0.0123456790123457,0.498870223008154,0.49125664893617,-0.720346153476018,0.869341184300003,0.944975063126654,0.651964581205089,"CELF3",1
"GO:1905818","regulation of chromosome separation","1/377","81/15234",0.0123456790123457,0.498870223008154,0.49125664893617,-0.720346153476018,0.869341184300003,0.944975063126654,0.651964581205089,"PRAP1",1
"GO:0032386","regulation of intracellular transport","4/377","250/15234",0.016,0.646535809018568,0.636936288933935,-0.897634175678522,0.870038041808541,0.945407442473977,0.652262891743746,"SLN/ACTN2/APOD/STRIT1",4
"GO:0009408","response to heat","1/377","82/15234",0.0121951219512195,0.492786439800737,0.485158917783031,-0.733602217767774,0.87259191838031,0.947205719093462,0.653503572803873,"IGF1",1
"GO:0051492","regulation of stress fiber assembly","1/377","82/15234",0.0121951219512195,0.492786439800737,0.485158917783031,-0.733602217767774,0.87259191838031,0.947205719093462,0.653503572803873,"APOA1",1
"GO:1900182","positive regulation of protein localization to nucleus","1/377","82/15234",0.0121951219512195,0.492786439800737,0.485158917783031,-0.733602217767774,0.87259191838031,0.947205719093462,0.653503572803873,"F2",1
"GO:0021987","cerebral cortex development","1/377","83/15234",0.0120481927710843,0.486849253779042,0.479209911779969,-0.746725867956231,0.875761984825045,0.949668485088154,0.6552027035672,"GRIA1",1
"GO:0036465","synaptic vesicle recycling","1/377","83/15234",0.0120481927710843,0.486849253779042,0.479209911779969,-0.746725867956231,0.875761984825045,0.949668485088154,0.6552027035672,"AP3B2",1
"GO:1905477","positive regulation of protein localization to membrane","1/377","83/15234",0.0120481927710843,0.486849253779042,0.479209911779969,-0.746725867956231,0.875761984825045,0.949668485088154,0.6552027035672,"PKP1",1
"GO:0000768","syncytium formation by plasma membrane fusion","1/377","84/15234",0.0119047619047619,0.481053429329291,0.473404255319149,-0.759720433621321,0.878853380226072,0.952040964665735,0.656839543219982,"SCGB3A1",1
"GO:0060996","dendritic spine development","1/377","84/15234",0.0119047619047619,0.481053429329291,0.473404255319149,-0.759720433621321,0.878853380226072,0.952040964665735,0.656839543219982,"KIF1A",1
"GO:1901222","regulation of non-canonical NF-kappaB signal transduction","1/377","84/15234",0.0119047619047619,0.481053429329291,0.473404255319149,-0.759720433621321,0.878853380226072,0.952040964665735,0.656839543219982,"NLRP2",1
"GO:0044092","negative regulation of molecular function","3/377","202/15234",0.0148514851485149,0.600126060351393,0.590841910085185,-0.911356377663936,0.880066948383555,0.953028990695587,0.657521209860624,"SLN/ADIPOQ/SOX11",3
"GO:0002709","regulation of T cell mediated immunity","1/377","85/15234",0.0117647058823529,0.475393977219535,0.467736828774063,-0.772589117993556,0.881868051886453,0.953998943194072,0.658190407069248,"ARG1",1
"GO:0140253","cell-cell fusion","1/377","85/15234",0.0117647058823529,0.475393977219535,0.467736828774063,-0.772589117993556,0.881868051886453,0.953998943194072,0.658190407069248,"SCGB3A1",1
"GO:1901264","carbohydrate derivative transport","1/377","85/15234",0.0117647058823529,0.475393977219535,0.467736828774063,-0.772589117993556,0.881868051886453,0.953998943194072,0.658190407069248,"LBP",1
"GO:0009060","aerobic respiration","4/377","257/15234",0.0155642023346304,0.628925884259307,0.619016838156598,-0.955680319180497,0.883338689889713,0.955217817229031,0.659031342169815,"ALDOB/TRIM63/OGDHL/IGF1",4
"GO:1904375","regulation of protein localization to cell periphery","2/377","148/15234",0.0135135135135135,0.546060649508925,0.537388127853881,-0.883973961192968,0.884645677888071,0.955217817229031,0.659031342169815,"LRRC15/PKP1",2
"GO:0006446","regulation of translational initiation","1/377","86/15234",0.0116279069767442,0.469866140275122,0.462202753441802,-0.785335004258787,0.884807899034041,0.955217817229031,0.659031342169815,"PKP1",1
"GO:0006900","vesicle budding from membrane","1/377","86/15234",0.0116279069767442,0.469866140275122,0.462202753441802,-0.785335004258787,0.884807899034041,0.955217817229031,0.659031342169815,"AP3B2",1
"GO:0006949","syncytium formation","1/377","86/15234",0.0116279069767442,0.469866140275122,0.462202753441802,-0.785335004258787,0.884807899034041,0.955217817229031,0.659031342169815,"SCGB3A1",1
"GO:0045639","positive regulation of myeloid cell differentiation","1/377","86/15234",0.0116279069767442,0.469866140275122,0.462202753441802,-0.785335004258787,0.884807899034041,0.955217817229031,0.659031342169815,"CSF3",1
"GO:0006457","protein folding","3/377","205/15234",0.0146341463414634,0.591343727760885,0.58194790067242,-0.938356554271368,0.886111389899268,0.956298430683369,0.659776887449995,"UNC45B/APCS/AHSP",3
"GO:0030178","negative regulation of Wnt signaling pathway","2/377","149/15234",0.0134228187919463,0.54239581293504,0.533696145124717,-0.894145717831173,0.886920904201962,0.956845385045188,0.660154246478139,"IGFBP1/SFRP2",2
"GO:0021782","glial cell development","1/377","87/15234",0.0114942528735632,0.464465380042074,0.456797377535873,-0.797961061476398,0.887674774005269,0.95700544359845,0.660264675326177,"SOX11",1
"GO:0051304","chromosome separation","1/377","87/15234",0.0114942528735632,0.464465380042074,0.456797377535873,-0.797961061476398,0.887674774005269,0.95700544359845,0.660264675326177,"PRAP1",1
"GO:0046488","phosphatidylinositol metabolic process","2/377","150/15234",0.0133333333333333,0.538779840848806,0.530054054054054,-0.904260339846075,0.889154561353115,0.958273974918922,0.661139870369272,"IP6K3/PTPRQ",2
"GO:0030705","cytoskeleton-dependent intracellular transport","3/377","207/15234",0.0144927536231884,0.585630261792181,0.576163888015099,-0.956169518856977,0.889988838600534,0.958385154248208,0.661216576081079,"AP3B2/SYT4/KIF1A",3
"GO:0099111","microtubule-based transport","3/377","207/15234",0.0144927536231884,0.585630261792181,0.576163888015099,-0.956169518856977,0.889988838600534,0.958385154248208,0.661216576081079,"AP3B2/AQP4/KIF1A",3
"GO:0001666","response to hypoxia","4/377","261/15234",0.0153256704980843,0.619287173389433,0.609215426502957,-0.98823717001308,0.890396217565436,0.958385154248208,0.661216576081079,"CHRNB2/LCN2/FABP1/KCNK3",4
"GO:0007029","endoplasmic reticulum organization","1/377","88/15234",0.0113636363636364,0.459187364359778,0.451516263145023,-0.810470150138877,0.89047048339987,0.958385154248208,0.661216576081079,"TRDN",1
"GO:0045446","endothelial cell differentiation","1/377","89/15234",0.0112359550561798,0.454027955771466,0.446355174081238,-0.822865027398426,0.893196789207228,0.960338452613622,0.662564210955762,"TMEM100",1
"GO:0090100","positive regulation of transmembrane receptor protein serine/threonine kinase signaling pathway","1/377","89/15234",0.0112359550561798,0.454027955771466,0.446355174081238,-0.822865027398426,0.893196789207228,0.960338452613622,0.662564210955762,"SOX11",1
"GO:0106027","neuron projection organization","1/377","89/15234",0.0112359550561798,0.454027955771466,0.446355174081238,-0.822865027398426,0.893196789207228,0.960338452613622,0.662564210955762,"KIF1A",1
"GO:0051402","neuron apoptotic process","3/377","210/15234",0.0142857142857143,0.57726411519515,0.567697434705107,-0.982615950779412,0.895584080853901,0.961888230540061,0.663633445855389,"TFAP2B/LCN2/CASP14",3
"GO:0031345","negative regulation of cell projection organization","2/377","153/15234",0.0130718954248366,0.528215530243928,0.519417218543046,-0.934269391072614,0.895612653031234,0.961888230540061,0.663633445855389,"HRG/CCL21",2
"GO:0008630","intrinsic apoptotic signaling pathway in response to DNA damage","1/377","90/15234",0.0111111111111111,0.448983200707339,0.441310064546976,-0.835148351984122,0.895855409905074,0.961888230540061,0.663633445855389,"SFRP2",1
"GO:0046330","positive regulation of JNK cascade","1/377","90/15234",0.0111111111111111,0.448983200707339,0.441310064546976,-0.835148351984122,0.895855409905074,0.961888230540061,0.663633445855389,"CCL21",1
"GO:0019058","viral life cycle","4/377","265/15234",0.0150943396226415,0.609939442470347,0.599714441260156,-1.02036702327449,0.897078333987678,0.962874232168099,0.664313715804909,"LRRC15/LTF/CLEC4G/ITGB6",4
"GO:0045580","regulation of T cell differentiation","2/377","154/15234",0.012987012987013,0.524785559268318,0.515964912280702,-0.944163383330241,0.897686533719601,0.963199977287053,0.664538456423308,"PCK1/VNN1",2
"GO:0110020","regulation of actomyosin structure organization","1/377","91/15234",0.010989010989011,0.444049319380884,0.43637706855792,-0.847322688831279,0.898448021531182,0.9636899206176,0.664876481955175,"APOA1",1
"GO:1902107","positive regulation of leukocyte differentiation","2/377","155/15234",0.0129032258064516,0.521399845982716,0.512557734204793,-0.954004112783276,0.899722060145311,0.964401977659996,0.665367749915097,"PCK1/VNN1",2
"GO:1903708","positive regulation of hemopoiesis","2/377","155/15234",0.0129032258064516,0.521399845982716,0.512557734204793,-0.954004112783276,0.899722060145311,0.964401977659996,0.665367749915097,"PCK1/VNN1",2
"GO:0051345","positive regulation of hydrolase activity","1/377","92/15234",0.0108695652173913,0.439222696344136,0.431552490063128,-0.859390513442872,0.900976258728749,0.964764889512728,0.665618132896949,"ADCYAP1",1
"GO:0061351","neural precursor cell proliferation","1/377","92/15234",0.0108695652173913,0.439222696344136,0.431552490063128,-0.859390513442872,0.900976258728749,0.964764889512728,0.665618132896949,"LRP2",1
"GO:2001243","negative regulation of intrinsic apoptotic signaling pathway","1/377","92/15234",0.0108695652173913,0.439222696344136,0.431552490063128,-0.859390513442872,0.900976258728749,0.964764889512728,0.665618132896949,"SFRP2",1
"GO:0034504","protein localization to nucleus","4/377","268/15234",0.0149253731343284,0.603111762144186,0.592777642375498,-1.0441925478327,0.901852801996745,0.965376467020559,0.666040077231065,"F2/CLDN18/MMP12/APOD",4
"GO:0072659","protein localization to plasma membrane","4/377","269/15234",0.0148698884758364,0.600869710983799,0.590500278213364,-1.05208372023811,0.903400395194966,0.966422762618131,0.666761945667286,"LRRC15/ZDHHC22/PKP1/ACTN2",4
"GO:0008637","apoptotic mitochondrial changes","1/377","93/15234",0.010752688172043,0.434499871652263,0.426832793709528,-0.871354216001365,0.903441715766079,0.966422762618131,0.666761945667286,"IGF1",1
"GO:0036293","response to decreased oxygen levels","4/377","270/15234",0.0148148148148148,0.598644267609785,0.588240037090044,-1.05994989697643,0.904926433923461,0.967683510700967,0.667631770838241,"CHRNB2/LCN2/FABP1/KCNK3",4
"GO:1901989","positive regulation of cell cycle phase transition","1/377","94/15234",0.0106382978723404,0.429877532592133,0.422214596202242,-0.883216105247786,0.905845947531233,0.968011845891219,0.667858298418873,"PRAP1",1
"GO:2001252","positive regulation of chromosome organization","1/377","94/15234",0.0106382978723404,0.429877532592133,0.422214596202242,-0.883216105247786,0.905845947531233,0.968011845891219,0.667858298418873,"PRAP1",1
"GO:2000058","regulation of ubiquitin-dependent protein catabolic process","2/377","159/15234",0.0125786163522013,0.508282868725289,0.499363057324841,-0.992848709069993,0.907492949362377,0.969444140903844,0.668846478588387,"HAMP/KLHL40",2
"GO:0032231","regulation of actin filament bundle assembly","1/377","95/15234",0.0105263157894737,0.425352505933268,0.417694658216388,-0.894978412143644,0.908190470502218,0.969861512586997,0.669134434922086,"APOA1",1
"GO:0046822","regulation of nucleocytoplasmic transport","1/377","96/15234",0.0104166666666667,0.42092175066313,0.413269876819709,-0.906643293330019,0.910476763693358,0.971974687617259,0.670592373154931,"APOD",1
"GO:0045765","regulation of angiogenesis","4/377","275/15234",0.0145454545454545,0.587759826380516,0.577189042667907,-1.098912750993,0.912241492710474,0.97352983067448,0.671665309607518,"HRG/APOH/CXCL13/SFRP2",4
"GO:1905475","regulation of protein localization to membrane","2/377","163/15234",0.0122699386503067,0.495809669492767,0.486824016563147,-1.03089661632739,0.91469860851327,0.974700683709534,0.672473113684513,"LRRC15/PKP1",2
"GO:0022411","cellular component disassembly","7/377","433/15234",0.0161662817551963,0.653255003338622,0.640889481030326,-1.16602122652097,0.9147521450368,0.974700683709534,0.672473113684513,"SLN/PLG/ACTN2/MMP12/MMP3/TPSAB1/SPTA1",7
"GO:0030038","contractile actin filament bundle assembly","1/377","98/15234",0.0102040816326531,0.412331510853678,0.404694011844703,-0.929689052976669,0.914880394990885,0.974700683709534,0.672473113684513,"APOA1",1
"GO:0043149","stress fiber assembly","1/377","98/15234",0.0102040816326531,0.412331510853678,0.404694011844703,-0.929689052976669,0.914880394990885,0.974700683709534,0.672473113684513,"APOA1",1
"GO:0071357","cellular response to type I interferon","1/377","98/15234",0.0102040816326531,0.412331510853678,0.404694011844703,-0.929689052976669,0.914880394990885,0.974700683709534,0.672473113684513,"MMP12",1
"GO:0009267","cellular response to starvation","2/377","164/15234",0.0121951219512195,0.492786439800737,0.483786008230453,-1.04028895641372,0.916416057123509,0.976007802077969,0.673374931005324,"CARTPT/ALB",2
"GO:1990778","protein localization to cell periphery","5/377","332/15234",0.0150602409638554,0.608561567223802,0.59723455328664,-1.14870380789747,0.917107085063352,0.976414784737372,0.673655719662558,"LRRC15/ZDHHC22/PKP1/ACTN2/NEGR1",5
"GO:0007254","JNK cascade","2/377","165/15234",0.0121212121212121,0.489799855317097,0.48078527607362,-1.04963467076406,0.91810104326251,0.97685736977243,0.673961071389063,"CCL21/AMBP",2
"GO:0043254","regulation of protein-containing complex assembly","6/377","385/15234",0.0155844155844156,0.629742671121981,0.617798291716746,-1.17215018195268,0.918175503311347,0.97685736977243,0.673961071389063,"CSF3/CCL21/CXCL13/MMP3/ARHGAP40/SPTA1",6
"GO:0002286","T cell activation involved in immune response","1/377","100/15234",0.01,0.404084880636605,0.396464646464646,-0.952369270810057,0.919067958779882,0.97685736977243,0.673961071389063,"PCK1",1
"GO:0030071","regulation of mitotic metaphase/anaphase transition","1/377","100/15234",0.01,0.404084880636605,0.396464646464646,-0.952369270810057,0.919067958779882,0.97685736977243,0.673961071389063,"PRAP1",1
"GO:0050864","regulation of B cell activation","1/377","100/15234",0.01,0.404084880636605,0.396464646464646,-0.952369270810057,0.919067958779882,0.97685736977243,0.673961071389063,"CHRNB2",1
"GO:0042176","regulation of protein catabolic process","6/377","387/15234",0.0155038759689922,0.626488187033496,0.614470361016194,-1.18560031058516,0.920449419657348,0.977474420129861,0.674386791594349,"LRP2/HAMP/KLHL40/NELL1/C4BPA/C4BPB",6
"GO:0019079","viral genome replication","1/377","101/15234",0.0099009900990099,0.400084040234262,0.392473404255319,-0.963576991105143,0.921084040419897,0.977474420129861,0.674386791594349,"LTF",1
"GO:1903900","regulation of viral life cycle","1/377","101/15234",0.0099009900990099,0.400084040234262,0.392473404255319,-0.963576991105143,0.921084040419897,0.977474420129861,0.674386791594349,"CLEC4G",1
"GO:0071560","cellular response to transforming growth factor beta stimulus","3/377","226/15234",0.0132743362831858,0.53639585925213,0.526390254430349,-1.11850505138971,0.921324845389661,0.977474420129861,0.674386791594349,"SOX11/NKX2-1/CDH3",3
"GO:0051493","regulation of cytoskeleton organization","8/377","490/15234",0.0163265306122449,0.659730417365885,0.64658322931777,-1.21958294313069,0.921883785392542,0.977474420129861,0.674386791594349,"APOA1/CSF3/HRG/CCL21/ACTN2/ARHGAP40/SPTA1/S100A8",8
"GO:0007409","axonogenesis","5/377","336/15234",0.0148809523809524,0.601316786661614,0.589854789981483,-1.17714900037261,0.921944916060194,0.977474420129861,0.674386791594349,"SLITRK6/CHRNB2/DCLK1/EDN2/MYPN",5
"GO:0048667","cell morphogenesis involved in neuron differentiation","7/377","440/15234",0.0159090909090909,0.642862310103689,0.630222832532301,-1.2109244567962,0.922340516253745,0.977474420129861,0.674386791594349,"SLITRK6/CHRNB2/DCLK1/EDN2/KNDC1/MYPN/KIF1A",7
"GO:1901342","regulation of vasculature development","4/377","283/15234",0.0141342756183746,0.571144707613576,0.560331325011771,-1.16002328123444,0.922908853275019,0.977474420129861,0.674386791594349,"HRG/APOH/CXCL13/SFRP2",4
"GO:0032456","endocytic recycling","1/377","102/15234",0.00980392156862745,0.396161647682946,0.388561196545186,-0.974698836109406,0.923050029765149,0.977474420129861,0.674386791594349,"ACTN2",1
"GO:1902099","regulation of metaphase/anaphase transition of cell cycle","1/377","102/15234",0.00980392156862745,0.396161647682946,0.388561196545186,-0.974698836109406,0.923050029765149,0.977474420129861,0.674386791594349,"PRAP1",1
"GO:2001251","negative regulation of chromosome organization","1/377","102/15234",0.00980392156862745,0.396161647682946,0.388561196545186,-0.974698836109406,0.923050029765149,0.977474420129861,0.674386791594349,"PRAP1",1
"GO:0045931","positive regulation of mitotic cell cycle","1/377","103/15234",0.00970873786407767,0.392315418093791,0.384725698790154,-0.985736524592738,0.924967168198835,0.979176563521941,0.675561147666876,"PRAP1",1
"GO:0007091","metaphase/anaphase transition of mitotic cell cycle","1/377","104/15234",0.00961538461538462,0.388543154458274,0.380964676719686,-0.996691722779303,0.926836666420303,0.979515447193106,0.675794952937902,"PRAP1",1
"GO:0007265","Ras protein signal transduction","1/377","104/15234",0.00961538461538462,0.388543154458274,0.380964676719686,-0.996691722779303,0.926836666420303,0.979515447193106,0.675794952937902,"IGF1",1
"GO:0034340","response to type I interferon","1/377","104/15234",0.00961538461538462,0.388543154458274,0.380964676719686,-0.996691722779303,0.926836666420303,0.979515447193106,0.675794952937902,"MMP12",1
"GO:0034502","protein localization to chromosome","1/377","104/15234",0.00961538461538462,0.388543154458274,0.380964676719686,-0.996691722779303,0.926836666420303,0.979515447193106,0.675794952937902,"ESR1",1
"GO:0042552","myelination","1/377","104/15234",0.00961538461538462,0.388543154458274,0.380964676719686,-0.996691722779303,0.926836666420303,0.979515447193106,0.675794952937902,"IGF1",1
"GO:0007272","ensheathment of neurons","1/377","105/15234",0.00952380952380952,0.384842743463433,0.377275981996727,-1.0075660464748,0.928659705201503,0.980786277361159,0.676671734019888,"IGF1",1
"GO:0008366","axon ensheathment","1/377","105/15234",0.00952380952380952,0.384842743463433,0.377275981996727,-1.0075660464748,0.928659705201503,0.980786277361159,0.676671734019888,"IGF1",1
"GO:0071559","response to transforming growth factor beta","3/377","232/15234",0.0129310344827586,0.522523552547334,0.512388202601406,-1.16739868640744,0.929382999045767,0.981222331323871,0.676972579777915,"SOX11/NKX2-1/CDH3",3
"GO:0045333","cellular respiration","4/377","289/15234",0.013840830449827,0.559287032022982,0.548309110578054,-1.20491004772447,0.930131462617781,0.981679818287914,0.677288212759733,"ALDOB/TRIM63/OGDHL/IGF1",4
"GO:0044784","metaphase/anaphase transition of cell cycle","1/377","106/15234",0.00943396226415094,0.381212151543967,0.373657548125633,-1.01836106308741,0.930437436124831,0.981679818287914,0.677288212759733,"PRAP1",1
"GO:0010821","regulation of mitochondrion organization","1/377","108/15234",0.00925925925925926,0.374152667256116,0.366623583217339,-1.03971921414037,0.933861439080248,0.984963633277499,0.679553808062699,"IGF1",1
"GO:0016032","viral process","5/377","348/15234",0.014367816091954,0.580581725052593,0.568748236621838,-1.26079883482469,0.934994923436215,0.985564669446235,0.679968479633759,"LRRC15/LTF/CLEC4G/APCS/ITGB6",5
"GO:0001764","neuron migration","1/377","109/15234",0.00917431192660551,0.370720073978536,0.363204294720252,-1.05028525823223,0.935509874718668,0.985564669446235,0.679968479633759,"GPM6A",1
"GO:0040029","epigenetic regulation of gene expression","4/377","294/15234",0.0136054421768707,0.549775347804904,0.538670611075159,-1.24172513495565,0.93567844764573,0.985564669446235,0.679968479633759,"TDRD1/TFAP2C/SDR16C5/WT1",4
"GO:0070482","response to oxygen levels","4/377","294/15234",0.0136054421768707,0.549775347804904,0.538670611075159,-1.24172513495565,0.93567844764573,0.985564669446235,0.679968479633759,"CHRNB2/LCN2/FABP1/KCNK3",4
"GO:0032984","protein-containing complex disassembly","3/377","238/15234",0.0126050420168067,0.509350689878073,0.499101149163727,-1.2152616403986,0.936677886338062,0.986278242085389,0.680460793246042,"SLN/ACTN2/SPTA1",3
"GO:0048024","regulation of mRNA splicing, via spliceosome","1/377","110/15234",0.00909090909090909,0.367349891487822,0.359847745461644,-1.0607778179367,0.937117331064524,0.986278242085389,0.680460793246042,"CELF3",1
"GO:0045619","regulation of lymphocyte differentiation","2/377","178/15234",0.0112359550561798,0.454027955771466,0.444878787878788,-1.16714130343848,0.937291945341509,0.986278242085389,0.680460793246042,"PCK1/VNN1",2
"GO:0021543","pallium development","1/377","111/15234",0.00900900900900901,0.36404043300595,0.356552224371373,-1.07119824568434,0.938684824200511,0.987415217736378,0.681245224373447,"GRIA1",1
"GO:0043087","regulation of GTPase activity","1/377","112/15234",0.00892857142857143,0.360790071996969,0.353316082039486,-1.08154785572509,0.940213345081051,0.988694073120826,0.68212754227545,"ADCYAP1",1
"GO:0009615","response to virus","5/377","354/15234",0.0141242937853107,0.570741356831363,0.558739255014327,-1.30171841392864,0.940759657512256,0.988939360603619,0.682296772932675,"DCLK1/APOB/DMBT1/BPIFA1/MMP12",5
"GO:0006164","purine nucleotide biosynthetic process","2/377","181/15234",0.0110497237569061,0.446502630537685,0.437333333333333,-1.19327667704321,0.94107231784109,0.988939360603619,0.682296772932675,"CARTPT/NMNAT2",2
"GO:0018108","peptidyl-tyrosine phosphorylation","1/377","113/15234",0.00884955752212389,0.35759723950142,0.350137727963526,-1.0918279255592,0.941703860152103,0.989274144878962,0.682527749916497,"SFRP2",1
"GO:0006612","protein targeting to membrane","1/377","114/15234",0.0087719298245614,0.354460421611057,0.347015627942007,-1.10203969730194,0.943157311955731,0.989814164373195,0.682900324386595,"ZDHHC22",1
"GO:0033045","regulation of sister chromatid segregation","1/377","114/15234",0.0087719298245614,0.354460421611057,0.347015627942007,-1.10203969730194,0.943157311955731,0.989814164373195,0.682900324386595,"PRAP1",1
"GO:0098727","maintenance of cell number","1/377","114/15234",0.0087719298245614,0.354460421611057,0.347015627942007,-1.10203969730194,0.943157311955731,0.989814164373195,0.682900324386595,"IGF1",1
"GO:0016050","vesicle organization","5/377","358/15234",0.0139664804469274,0.564364358431012,0.552255627646288,-1.32867776512179,0.944343667275594,0.98998686105248,0.683019472629315,"AP3B2/SYT13/CPLX2/SYT5/SYT4",5
"GO:0018212","peptidyl-tyrosine modification","1/377","115/15234",0.00869565217391304,0.351378157075309,0.343948301605077,-1.11218437898552,0.944574619719797,0.98998686105248,0.683019472629315,"SFRP2",1
"GO:0038061","non-canonical NF-kappaB signal transduction","1/377","115/15234",0.00869565217391304,0.351378157075309,0.343948301605077,-1.11218437898552,0.944574619719797,0.98998686105248,0.683019472629315,"NLRP2",1
"GO:0043524","negative regulation of neuron apoptotic process","1/377","115/15234",0.00869565217391304,0.351378157075309,0.343948301605077,-1.11218437898552,0.944574619719797,0.98998686105248,0.683019472629315,"LCN2",1
"GO:0010970","transport along microtubule","2/377","186/15234",0.010752688172043,0.434499871652263,0.425304347826087,-1.23608297032497,0.946896837597814,0.992091781122535,0.684471715535496,"AP3B2/KIF1A",2
"GO:0015980","energy derivation by oxidation of organic compounds","5/377","362/15234",0.0138121546961326,0.558128288172106,0.545917291647842,-1.35538798266915,0.947731298529835,0.992637055882309,0.68484791575947,"G6PC1/ALDOB/TRIM63/OGDHL/IGF1",5
"GO:0006997","nucleus organization","1/377","118/15234",0.00847457627118644,0.342444814098818,0.335060920167303,-1.14222747846478,0.948618533320356,0.993237225513628,0.685261989482262,"DES",1
"GO:0006413","translational initiation","1/377","120/15234",0.00833333333333333,0.336737400530504,0.329384945467549,-1.16194148380596,0.951149610224441,0.995228043005448,0.686635509845874,"PKP1",1
"GO:0030010","establishment of cell polarity","1/377","120/15234",0.00833333333333333,0.336737400530504,0.329384945467549,-1.16194148380596,0.951149610224441,0.995228043005448,0.686635509845874,"CCL21",1
"GO:0007173","epidermal growth factor receptor signaling pathway","1/377","121/15234",0.00826446280991736,0.333954446807111,0.326617907801418,-1.17170723492037,0.952368122659626,0.995514429803928,0.686833096064198,"PIGR",1
"GO:0007259","cell surface receptor signaling pathway via JAK-STAT","1/377","121/15234",0.00826446280991736,0.333954446807111,0.326617907801418,-1.17170723492037,0.952368122659626,0.995514429803928,0.686833096064198,"F2",1
"GO:0051216","cartilage development","1/377","121/15234",0.00826446280991736,0.333954446807111,0.326617907801418,-1.17170723492037,0.952368122659626,0.995514429803928,0.686833096064198,"COL2A1",1
"GO:0018193","peptidyl-amino acid modification","5/377","370/15234",0.0135135135135135,0.546060649508925,0.533657386949477,-1.40808437754602,0.953953440949818,0.996679116401271,0.687636645744292,"APOA1/APOA2/PCK1/SFRP2/S100A8",5
"GO:0007264","small GTPase-mediated signal transduction","7/377","478/15234",0.0146443514644351,0.591756101350676,0.577850461926895,-1.44459850895682,0.954112940914346,0.996679116401271,0.687636645744292,"APOA1/KNDC1/CXCL13/RUNDC3A/ARHGAP40/IGF1/APOC3",7
"GO:0001936","regulation of endothelial cell proliferation","1/377","123/15234",0.00813008130081301,0.328524293200492,0.321219916288804,-1.19106124147581,0.954714952803636,0.996978515299733,0.687843209372334,"APOH",1
"GO:0097190","apoptotic signaling pathway","7/377","481/15234",0.0145530145530146,0.588065314855766,0.574073440529137,-1.4623743562317,0.956040345408107,0.998032870487129,0.688570638343759,"FGB/SFRP2/IGF1/S100A8/FGA/VNN1/FGG",7
"GO:0007219","Notch signaling pathway","1/377","130/15234",0.00769230769230769,0.310834523566619,0.303645060201221,-1.25703403195731,0.96205700602792,0.999996399850474,0.689925331868497,"ASCL1",1
"GO:0033157","regulation of intracellular protein transport","1/377","130/15234",0.00769230769230769,0.310834523566619,0.303645060201221,-1.25703403195731,0.96205700602792,0.999996399850474,0.689925331868497,"APOD",1
"GO:0008361","regulation of cell size","1/377","131/15234",0.00763358778625954,0.308461740943973,0.301288870703764,-1.26624599097314,0.963004073607864,0.999996399850474,0.689925331868497,"AQP4",1
"GO:0032479","regulation of type I interferon production","1/377","131/15234",0.00763358778625954,0.308461740943973,0.301288870703764,-1.26624599097314,0.963004073607864,0.999996399850474,0.689925331868497,"MMP12",1
"GO:0032606","type I interferon production","1/377","131/15234",0.00763358778625954,0.308461740943973,0.301288870703764,-1.26624599097314,0.963004073607864,0.999996399850474,0.689925331868497,"MMP12",1
"GO:0051607","defense response to virus","3/377","267/15234",0.0112359550561798,0.454027955771466,0.443394506562956,-1.43369407889496,0.963088127523655,0.999996399850474,0.689925331868497,"DMBT1/BPIFA1/MMP12",3
"GO:0050684","regulation of mRNA processing","1/377","132/15234",0.00757575757575758,0.306124909573185,0.298968653565048,-1.27540719906128,0.963927563262226,0.999996399850474,0.689925331868497,"CELF3",1
"GO:0043086","negative regulation of catalytic activity","1/377","133/15234",0.0075187969924812,0.303823218523763,0.296683591231464,-1.28451841871041,0.964828060457971,0.999996399850474,0.689925331868497,"ADIPOQ",1
"GO:0042113","B cell activation","2/377","206/15234",0.00970873786407767,0.392315418093791,0.383084967320261,-1.39881109732057,0.965158816571831,0.999996399850474,0.689925331868497,"CHRNB2/IGHE",2
"GO:0031333","negative regulation of protein-containing complex assembly","1/377","134/15234",0.00746268656716418,0.301555881072093,0.294432890737482,-1.29358039466597,0.965706136162053,0.999996399850474,0.689925331868497,"SPTA1",1
"GO:0051983","regulation of chromosome segregation","1/377","135/15234",0.00740740740740741,0.299322133804892,0.292215782788187,-1.30259385448159,0.966562347199597,0.999996399850474,0.689925331868497,"PRAP1",1
"GO:0061013","regulation of mRNA catabolic process","2/377","208/15234",0.00961538461538462,0.388543154458274,0.379313915857605,-1.41440447323972,0.966610717837111,0.999996399850474,0.689925331868497,"PKP1/A1CF",2
"GO:1903313","positive regulation of mRNA metabolic process","1/377","136/15234",0.00735294117647059,0.297121235762209,0.290031520882585,-1.31155950904919,0.96739723660325,0.999996399850474,0.689925331868497,"CELF3",1
"GO:0007009","plasma membrane organization","1/377","137/15234",0.0072992700729927,0.29495246761796,0.287879380475594,-1.32047805310885,0.96821133395393,0.999996399850474,0.689925331868497,"XKR7",1
"GO:0002181","cytoplasmic translation","2/377","211/15234",0.00947867298578199,0.383018844205313,0.373792663476874,-1.43758200637548,0.968680143125795,0.999996399850474,0.689925331868497,"PKP1/NMNAT2",2
"GO:0097193","intrinsic apoptotic signaling pathway","3/377","276/15234",0.0108695652173913,0.439222696344136,0.428512663806781,-1.49763520040064,0.96890265722317,0.999996399850474,0.689925331868497,"SFRP2/S100A8/VNN1",3
"GO:0000956","nuclear-transcribed mRNA catabolic process","1/377","138/15234",0.0072463768115942,0.29281513089609,0.285758658176736,-1.32935016573926,0.969005155713178,0.999996399850474,0.689925331868497,"A1CF",1
"GO:0007098","centrosome cycle","1/377","138/15234",0.0072463768115942,0.29281513089609,0.285758658176736,-1.32935016573926,0.969005155713178,0.999996399850474,0.689925331868497,"HEPACAM2",1
"GO:0099175","regulation of postsynapse organization","1/377","138/15234",0.0072463768115942,0.29281513089609,0.285758658176736,-1.32935016573926,0.969005155713178,0.999996399850474,0.689925331868497,"KIF1A",1
"GO:0061136","regulation of proteasomal protein catabolic process","2/377","212/15234",0.00943396226415094,0.381212151543967,0.371987301587302,-1.44525227837791,0.969342133252372,0.999996399850474,0.689925331868497,"HAMP/KLHL40",2
"GO:0001935","endothelial cell proliferation","1/377","139/15234",0.00719424460431655,0.290708547220579,0.283668670983657,-1.33817651082964,0.969779205547315,0.999996399850474,0.689925331868497,"APOH",1
"GO:0007093","mitotic cell cycle checkpoint signaling","1/377","140/15234",0.00714285714285714,0.288632057597575,0.281608755548752,-1.34695773753408,0.970533974643616,0.999996399850474,0.689925331868497,"PRAP1",1
"GO:0009165","nucleotide biosynthetic process","2/377","214/15234",0.00934579439252336,0.377649421155705,0.368427672955975,-1.46051106849782,0.97062597290054,0.999996399850474,0.689925331868497,"CARTPT/NMNAT2",2
"GO:0090068","positive regulation of cell cycle process","2/377","214/15234",0.00934579439252336,0.377649421155705,0.368427672955975,-1.46051106849782,0.97062597290054,0.999996399850474,0.689925331868497,"PRAP1/IGF1",2
"GO:0006986","response to unfolded protein","1/377","141/15234",0.00709219858156028,0.286585021728088,0.279578267477204,-1.35569448070889,0.971269942018689,0.999996399850474,0.689925331868497,"CREB3L3",1
"GO:0007286","spermatid development","1/377","141/15234",0.00709219858156028,0.286585021728088,0.279578267477204,-1.35569448070889,0.971269942018689,0.999996399850474,0.689925331868497,"DEFB1",1
"GO:0038127","ERBB signaling pathway","1/377","141/15234",0.00709219858156028,0.286585021728088,0.279578267477204,-1.35569448070889,0.971269942018689,0.999996399850474,0.689925331868497,"PIGR",1
"GO:0045930","negative regulation of mitotic cell cycle","2/377","216/15234",0.00925925925925926,0.374152667256116,0.364934579439252,-1.47566258405314,0.97185799404237,0.999996399850474,0.689925331868497,"PRAP1/BRINP2",2
"GO:0051494","negative regulation of cytoskeleton organization","1/377","142/15234",0.00704225352112676,0.284566817349722,0.277576580654897,-1.36438736133389,0.971987574819256,0.999996399850474,0.689925331868497,"SPTA1",1
"GO:0016055","Wnt signaling pathway","5/377","402/15234",0.0124378109452736,0.502593135120155,0.489558787681807,-1.60998851301871,0.972663585223799,0.999996399850474,0.689925331868497,"IGFBP1/AMER3/SCEL/CDH3/SFRP2",5
"GO:1902904","negative regulation of supramolecular fiber organization","1/377","143/15234",0.00699300699300699,0.282576839606017,0.275603086604735,-1.37303698691821,0.972687328615515,0.999996399850474,0.689925331868497,"SPTA1",1
"GO:0051336","regulation of hydrolase activity","1/377","144/15234",0.00694444444444444,0.280614500442087,0.27365719386996,-1.38164395189141,0.973369647687277,0.999996399850474,0.689925331868497,"ADCYAP1",1
"GO:0006417","regulation of translation","4/377","349/15234",0.0114613180515759,0.463134533680922,0.451085985157555,-1.6162241711017,0.97512507737171,0.999996399850474,0.689925331868497,"PKP1/KRT17/NMNAT2/WT1",4
"GO:0003341","cilium movement","2/377","222/15234",0.00900900900900901,0.36404043300595,0.354836363636364,-1.52049343308938,0.975262609185411,0.999996399850474,0.689925331868497,"AQP4/DEFB1",2
"GO:2000045","regulation of G1/S transition of mitotic cell cycle","1/377","147/15234",0.00680272108843537,0.274887673902452,0.267979452054795,-1.4072146390678,0.975316275810531,0.999996399850474,0.689925331868497,"TM4SF5",1
"GO:0006665","sphingolipid metabolic process","1/377","148/15234",0.00675675675675676,0.273030324754463,0.266138370241714,-1.41565665721372,0.975933082599119,0.999996399850474,0.689925331868497,"SFTPB",1
"GO:0048515","spermatid differentiation","1/377","148/15234",0.00675675675675676,0.273030324754463,0.266138370241714,-1.41565665721372,0.975933082599119,0.999996399850474,0.689925331868497,"DEFB1",1
"GO:0009152","purine ribonucleotide biosynthetic process","1/377","150/15234",0.00666666666666667,0.269389920424403,0.262530344138226,-1.43242160114563,0.977120958887165,0.999996399850474,0.689925331868497,"CARTPT",1
"GO:0031023","microtubule organizing center organization","1/377","150/15234",0.00666666666666667,0.269389920424403,0.262530344138226,-1.43242160114563,0.977120958887165,0.999996399850474,0.689925331868497,"HEPACAM2",1
"GO:0050790","regulation of catalytic activity","6/377","472/15234",0.0127118644067797,0.513667221148226,0.499438936640329,-1.70973883083934,0.977970186421838,0.999996399850474,0.689925331868497,"ADIPOQ/S100A12/ADCYAP1/IGF1/ESR1/MAGEC2",6
"GO:0051017","actin filament bundle assembly","1/377","153/15234",0.0065359477124183,0.264107765121964,0.257296332586786,-1.4572789785345,0.978794021811183,0.999996399850474,0.689925331868497,"APOA1",1
"GO:0010975","regulation of neuron projection development","4/377","358/15234",0.0111731843575419,0.45149148674481,0.439345056875843,-1.67293718878777,0.978840003038091,0.999996399850474,0.689925331868497,"CHRNB2/KNDC1/SFRP2/KIF1A",4
"GO:0045766","positive regulation of angiogenesis","1/377","154/15234",0.00649350649350649,0.262392779634159,0.255597274370741,-1.46548940658696,0.979324136112435,0.999996399850474,0.689925331868497,"SFRP2",1
"GO:0051321","meiotic cell cycle","2/377","231/15234",0.00865800865800866,0.349857039512212,0.340681222707424,-1.58607468794951,0.979635374649044,0.999996399850474,0.689925331868497,"TDRD1/DUSP13B",2
"GO:0061572","actin filament bundle organization","1/377","155/15234",0.00645161290322581,0.260699922991358,0.253920281845814,-1.47366294834449,0.979841032709624,0.999996399850474,0.689925331868497,"APOA1",1
"GO:0065004","protein-DNA complex assembly","1/377","155/15234",0.00645161290322581,0.260699922991358,0.253920281845814,-1.47366294834449,0.979841032709624,0.999996399850474,0.689925331868497,"ESR1",1
"GO:0035966","response to topologically incorrect protein","1/377","157/15234",0.00636942675159236,0.257378904864079,0.250630796508456,-1.48990121745169,0.980836479483894,0.999996399850474,0.689925331868497,"CREB3L3",1
"GO:1904018","positive regulation of vasculature development","1/377","158/15234",0.00632911392405063,0.255749924453547,0.249017482043637,-1.49796684456247,0.981315662825047,0.999996399850474,0.689925331868497,"SFRP2",1
"GO:0031346","positive regulation of cell projection organization","3/377","304/15234",0.00986842105263158,0.398767974312439,0.38790484481319,-1.68673489010957,0.981946088669412,0.999996399850474,0.689925331868497,"GPM6A/CCL21/LCN2",3
"GO:0002285","lymphocyte activation involved in immune response","1/377","162/15234",0.00617283950617284,0.249435111504077,0.242764635919123,-1.52988273379723,0.983115822597536,0.999996399850474,0.689925331868497,"PCK1",1
"GO:0072331","signal transduction by p53 class mediator","1/377","162/15234",0.00617283950617284,0.249435111504077,0.242764635919123,-1.52988273379723,0.983115822597536,0.999996399850474,0.689925331868497,"PRAP1",1
"GO:0030217","T cell differentiation","2/377","240/15234",0.00833333333333333,0.336737400530504,0.327596638655462,-1.64979586492267,0.983256057905336,0.999996399850474,0.689925331868497,"PCK1/VNN1",2
"GO:0051302","regulation of cell division","1/377","163/15234",0.00613496932515337,0.247904834746383,0.241249671657473,-1.53777713316344,0.983538151079538,0.999996399850474,0.689925331868497,"SFRP2",1
"GO:1901990","regulation of mitotic cell cycle phase transition","3/377","312/15234",0.00961538461538462,0.388543154458274,0.377654327397331,-1.73831078687159,0.984585464041243,0.999996399850474,0.689925331868497,"UBD/PRAP1/TM4SF5",3
"GO:0009260","ribonucleotide biosynthetic process","1/377","166/15234",0.00602409638554217,0.243424626889521,0.236814958091554,-1.56126373993096,0.98474295980625,0.999996399850474,0.689925331868497,"CARTPT",1
"GO:0098876","vesicle-mediated transport to the plasma membrane","1/377","168/15234",0.00595238095238095,0.240526714664646,0.233946999617786,-1.57676145882093,0.985496893200659,0.999996399850474,0.689925331868497,"ACTN2",1
"GO:1902806","regulation of cell cycle G1/S phase transition","1/377","169/15234",0.00591715976331361,0.23910347966663,0.232538627152989,-1.58446341843832,0.985859807794005,0.999996399850474,0.689925331868497,"TM4SF5",1
"GO:0072522","purine-containing compound biosynthetic process","2/377","249/15234",0.00803212851405622,0.324566169186028,0.315465587044534,-1.71179575066986,0.986249193408525,0.999996399850474,0.689925331868497,"CARTPT/NMNAT2",2
"GO:0046390","ribose phosphate biosynthetic process","1/377","171/15234",0.00584795321637427,0.236306947740705,0.229771589486859,-1.59977531501741,0.986558689037945,0.999996399850474,0.689925331868497,"CARTPT",1
"GO:1901991","negative regulation of mitotic cell cycle phase transition","1/377","172/15234",0.00581395348837209,0.234933070137561,0.228412342914023,-1.60738594380963,0.986895101056314,0.999996399850474,0.689925331868497,"PRAP1",1
"GO:1902600","proton transmembrane transport","1/377","172/15234",0.00581395348837209,0.234933070137561,0.228412342914023,-1.60738594380963,0.986895101056314,0.999996399850474,0.689925331868497,"ATP1A2",1
"GO:0071824","protein-DNA complex organization","1/377","173/15234",0.00578034682080925,0.233575075512488,0.227068901533894,-1.6149668106386,0.987223115058556,0.999996399850474,0.689925331868497,"ESR1",1
"GO:1903311","regulation of mRNA metabolic process","3/377","322/15234",0.0093167701863354,0.376476596866402,0.365564179504803,-1.80140175537007,0.987368533415773,0.999996399850474,0.689925331868497,"PKP1/A1CF/CELF3",3
"GO:0007411","axon guidance","1/377","174/15234",0.00574712643678161,0.232232690021037,0.225740991267987,-1.62251824635947,0.987542940144734,0.999996399850474,0.689925331868497,"MYPN",1
"GO:0009451","RNA modification","1/377","175/15234",0.00571428571428571,0.23090564607806,0.224428344338469,-1.63004057605885,0.98785478022212,0.999996399850474,0.689925331868497,"A1CF",1
"GO:0097485","neuron projection guidance","1/377","175/15234",0.00571428571428571,0.23090564607806,0.224428344338469,-1.63004057605885,0.98785478022212,0.999996399850474,0.689925331868497,"MYPN",1
"GO:0007346","regulation of mitotic cell cycle","5/377","452/15234",0.0110619469026549,0.446996549376775,0.433294844964037,-1.90120213848121,0.988387419765109,0.999996399850474,0.689925331868497,"UBD/PRAP1/BRINP2/IGF1/TM4SF5",5
"GO:0030317","flagellated sperm motility","1/377","177/15234",0.00564971751412429,0.228296542732545,0.221847799806576,-1.64499918970577,0.988455295784206,0.999996399850474,0.689925331868497,"DEFB1",1
"GO:0097722","sperm motility","1/377","177/15234",0.00564971751412429,0.228296542732545,0.221847799806576,-1.64499918970577,0.988455295784206,0.999996399850474,0.689925331868497,"DEFB1",1
"GO:0010639","negative regulation of organelle organization","3/377","328/15234",0.00914634146341463,0.369589829850553,0.358667215137803,-1.83855831257119,0.988799919087178,0.999996399850474,0.689925331868497,"PRAP1/SPTA1/IGF1",3
"GO:0007163","establishment or maintenance of cell polarity","1/377","179/15234",0.00558659217877095,0.225745743372405,0.219325245039445,-1.65984514195062,0.98902619395599,0.999996399850474,0.689925331868497,"CCL21",1
"GO:0000209","protein polyubiquitination","2/377","262/15234",0.00763358778625954,0.308461740943973,0.299425641025641,-1.79855938998738,0.989673834878298,0.999996399850474,0.689925331868497,"HAMP/PRAME",2
"GO:0042770","signal transduction in response to DNA damage","1/377","182/15234",0.00549450549450549,0.222024659690442,0.215645938638768,-1.68190807202574,0.989830176223188,0.999996399850474,0.689925331868497,"PRAP1",1
"GO:0002753","cytoplasmic pattern recognition receptor signaling pathway","1/377","184/15234",0.00543478260869565,0.219611348172068,0.213260086036507,-1.69648272399605,0.990333250006797,0.999996399850474,0.689925331868497,"NR1H4",1
"GO:0031507","heterochromatin formation","1/377","184/15234",0.00543478260869565,0.219611348172068,0.213260086036507,-1.69648272399605,0.990333250006797,0.999996399850474,0.689925331868497,"TDRD1",1
"GO:0043484","regulation of RNA splicing","1/377","184/15234",0.00543478260869565,0.219611348172068,0.213260086036507,-1.69648272399605,0.990333250006797,0.999996399850474,0.689925331868497,"CELF3",1
"GO:0001667","ameboidal-type cell migration","1/377","185/15234",0.00540540540540541,0.21842425980357,0.212086609620722,-1.70373069613177,0.990575400488354,0.999996399850474,0.689925331868497,"PITX2",1
"GO:0000075","cell cycle checkpoint signaling","1/377","187/15234",0.0053475935828877,0.216088171463425,0.209777510867078,-1.71814928161888,0.991041701797716,0.999996399850474,0.689925331868497,"PRAP1",1
"GO:0031047","regulatory ncRNA-mediated gene silencing","1/377","187/15234",0.0053475935828877,0.216088171463425,0.209777510867078,-1.71814928161888,0.991041701797716,0.999996399850474,0.689925331868497,"TDRD1",1
"GO:0006367","transcription initiation at RNA polymerase II promoter","1/377","188/15234",0.00531914893617021,0.214938766296066,0.208641483672773,-1.72532042146064,0.991266150420183,0.999996399850474,0.689925331868497,"ESR1",1
"GO:0045787","positive regulation of cell cycle","2/377","270/15234",0.00740740740740741,0.299322133804892,0.290328358208955,-1.85043683732689,0.991351850901832,0.999996399850474,0.689925331868497,"PRAP1/IGF1",2
"GO:0140014","mitotic nuclear division","2/377","271/15234",0.00738007380073801,0.298217624086055,0.289229244114002,-1.85684477263921,0.99154191388381,0.999996399850474,0.689925331868497,"PRAP1/IGF1",2
"GO:0070828","heterochromatin organization","1/377","193/15234",0.00518134715025907,0.209370404474925,0.203138851950355,-1.76080474766393,0.992307003344914,0.999996399850474,0.689925331868497,"TDRD1",1
"GO:0006402","mRNA catabolic process","2/377","276/15234",0.0072463768115942,0.29281513089609,0.28385401459854,-1.88863733652581,0.992432741670565,0.999996399850474,0.689925331868497,"PKP1/A1CF",2
"GO:0060294","cilium movement involved in cell motility","1/377","194/15234",0.00515463917525773,0.208291175585879,0.202072538860104,-1.76782905297265,0.992499826943011,0.999996399850474,0.689925331868497,"DEFB1",1
"GO:0001539","cilium or flagellum-dependent cell motility","1/377","196/15234",0.00510204081632653,0.206165755426839,0.199972722313148,-1.7818069950108,0.992871132571569,0.999996399850474,0.689925331868497,"DEFB1",1
"GO:0060285","cilium-dependent cell motility","1/377","196/15234",0.00510204081632653,0.206165755426839,0.199972722313148,-1.7818069950108,0.992871132571569,0.999996399850474,0.689925331868497,"DEFB1",1
"GO:0006913","nucleocytoplasmic transport","2/377","279/15234",0.00716845878136201,0.289666581101509,0.28072202166065,-1.90751944912553,0.992922548937462,0.999996399850474,0.689925331868497,"MMP12/APOD",2
"GO:0051169","nuclear transport","2/377","279/15234",0.00716845878136201,0.289666581101509,0.28072202166065,-1.90751944912553,0.992922548937462,0.999996399850474,0.689925331868497,"MMP12/APOD",2
"GO:0006605","protein targeting","1/377","197/15234",0.0050761421319797,0.205119228749546,0.198938884064264,-1.78876108822409,0.993049852017009,0.999996399850474,0.689925331868497,"ZDHHC22",1
"GO:0000070","mitotic sister chromatid segregation","1/377","200/15234",0.005,0.202042440318302,0.19589971132257,-1.80948652299271,0.993559640133449,0.999996399850474,0.689925331868497,"PRAP1",1
"GO:0006399","tRNA metabolic process","1/377","204/15234",0.00490196078431373,0.198080823841473,0.19198721308039,-1.83680911850015,0.994181810745553,0.999996399850474,0.689925331868497,"CTAG2",1
"GO:0000082","G1/S transition of mitotic cell cycle","1/377","205/15234",0.0048780487804878,0.197114575920295,0.191033062161035,-1.84358555390852,0.994327749358256,0.999996399850474,0.689925331868497,"TM4SF5",1
"GO:0015931","nucleobase-containing compound transport","1/377","215/15234",0.00465116279069767,0.187946456110049,0.181982004374627,-1.91021047283953,0.995600632975856,0.999996399850474,0.689925331868497,"SLC25A47",1
"GO:1901293","nucleoside phosphate biosynthetic process","2/377","302/15234",0.00662251655629139,0.267605881216295,0.258791111111111,-2.04779823113323,0.995777036484686,0.999996399850474,0.689925331868497,"CARTPT/NMNAT2",2
"GO:0007018","microtubule-based movement","4/377","445/15234",0.00898876404494382,0.363222364617173,0.350555950709149,-2.1716820283963,0.995884507878375,0.999996399850474,0.689925331868497,"AP3B2/AQP4/DEFB1/KIF1A",4
"GO:0016197","endosomal transport","2/377","305/15234",0.00655737704918033,0.264973692220724,0.25617601760176,-2.06554793747142,0.996053740742969,0.999996399850474,0.689925331868497,"DCLK1/ACTN2",2
"GO:0022618","protein-RNA complex assembly","1/377","225/15234",0.00444444444444444,0.179593280282935,0.17373907674772,-1.97488778489,0.996588459517641,0.999996399850474,0.689925331868497,"CELF3",1
"GO:0044843","cell cycle G1/S phase transition","1/377","229/15234",0.00436681222707424,0.176456279753976,0.170644363568496,-2.00024980009109,0.996918559440761,0.999996399850474,0.689925331868497,"TM4SF5",1
"GO:0071826","protein-RNA complex organization","1/377","234/15234",0.00427350427350427,0.172685846425899,0.166925394941101,-2.03156437190958,0.997286741993471,0.999996399850474,0.689925331868497,"CELF3",1
"GO:0030098","lymphocyte differentiation","2/377","322/15234",0.0062111801242236,0.250984397910935,0.242283333333333,-2.16395730075541,0.997316681401381,0.999996399850474,0.689925331868497,"PCK1/VNN1",2
"GO:0044772","mitotic cell cycle phase transition","3/377","399/15234",0.0075187969924812,0.303823218523763,0.292922540917193,-2.24470896884103,0.997407206964771,0.999996399850474,0.689925331868497,"UBD/PRAP1/TM4SF5",3
"GO:0000819","sister chromatid segregation","1/377","240/15234",0.00416666666666667,0.168368700265252,0.162668031692335,-2.06859527514449,0.997671097970087,0.999996399850474,0.689925331868497,"PRAP1",1
"GO:0033044","regulation of chromosome organization","1/377","241/15234",0.004149377593361,0.167670074952948,0.161979166666667,-2.07471092813421,0.997729654463703,0.999996399850474,0.689925331868497,"PRAP1",1
"GO:1901988","negative regulation of cell cycle phase transition","1/377","242/15234",0.00413223140495868,0.166977223403556,0.161296018363203,-2.08081086456015,0.997786742455911,0.999996399850474,0.689925331868497,"PRAP1",1
"GO:0006352","DNA-templated transcription initiation","1/377","243/15234",0.00411522633744856,0.166290074336051,0.160618515913487,-2.08689520489573,0.997842398678839,0.999996399850474,0.689925331868497,"ESR1",1
"GO:0043161","proteasome-mediated ubiquitin-dependent protein catabolic process","4/377","481/15234",0.00831600831600832,0.336037322774723,0.323289549856397,-2.35707753604001,0.997978077883434,0.999996399850474,0.689925331868497,"HAMP/KLHL40/KLHL41/PRAME",4
"GO:0032886","regulation of microtubule-based process","1/377","248/15234",0.00403225806451613,0.162937451869599,0.157313291411836,-2.11708708057568,0.998100425991594,0.999996399850474,0.689925331868497,"DEFB1",1
"GO:1901987","regulation of cell cycle phase transition","3/377","414/15234",0.0072463768115942,0.29281513089609,0.281939185760568,-2.32384342597492,0.998112395459625,0.999996399850474,0.689925331868497,"UBD/PRAP1/TM4SF5",3
"GO:0072594","establishment of protein localization to organelle","2/377","339/15234",0.00589970501474926,0.238398159667613,0.229792284866469,-2.25894373917444,0.998180383949333,0.999996399850474,0.689925331868497,"MMP12/APOD",2
"GO:0045786","negative regulation of cell cycle","2/377","345/15234",0.00579710144927536,0.234252104716872,0.225679300291545,-2.29171405798648,0.998414465155517,0.999996399850474,0.689925331868497,"PRAP1/BRINP2",2
"GO:0090150","establishment of protein localization to membrane","1/377","258/15234",0.00387596899224806,0.156622046758374,0.151088666280321,-2.1763664164484,0.998527788659849,0.999996399850474,0.689925331868497,"ZDHHC22",1
"GO:0034976","response to endoplasmic reticulum stress","1/377","260/15234",0.00384615384615385,0.15541726178331,0.149901421178017,-2.18805278616869,0.998600979867825,0.999996399850474,0.689925331868497,"CREB3L3",1
"GO:0006401","RNA catabolic process","2/377","360/15234",0.00555555555555556,0.224491600353669,0.216,-2.37203832891892,0.998877746075037,0.999996399850474,0.689925331868497,"PKP1/A1CF",2
"GO:0010948","negative regulation of cell cycle process","1/377","278/15234",0.00359712230215827,0.145354273610289,0.139987710269606,-2.29086042343936,0.999116160734696,0.999996399850474,0.689925331868497,"PRAP1",1
"GO:0060271","cilium assembly","2/377","372/15234",0.00537634408602151,0.217249935826132,0.208821621621622,-2.43474671090304,0.999149924503208,0.999996399850474,0.689925331868497,"ERICH3/KCNF1",2
"GO:0000280","nuclear division","2/377","375/15234",0.00533333333333333,0.215511936339523,0.207099195710456,-2.4502196416383,0.999207090780964,0.999996399850474,0.689925331868497,"PRAP1/IGF1",2
"GO:0007283","spermatogenesis","3/377","458/15234",0.00655021834061135,0.264684419630964,0.253899042134336,-2.54522335955234,0.999266529849322,0.999996399850474,0.689925331868497,"TDRD1/DEFB1/DUSP13B",3
"GO:0141188","nucleic acid catabolic process","2/377","384/15234",0.00520833333333333,0.210460875331565,0.202094240837696,-2.49616836934517,0.999356801242952,0.999996399850474,0.689925331868497,"PKP1/A1CF",2
"GO:0098813","nuclear chromosome segregation","1/377","292/15234",0.00342465753424658,0.138385233094728,0.133124954302844,-2.36808903957521,0.999381874257545,0.999996399850474,0.689925331868497,"PRAP1",1
"GO:0048232","male gamete generation","3/377","467/15234",0.00642398286937901,0.259583435098461,0.248818688917573,-2.58872706175516,0.99939693317729,0.999996399850474,0.689925331868497,"TDRD1/DEFB1/DUSP13B",3
"GO:0044782","cilium organization","2/377","401/15234",0.00498753117206983,0.201538593833718,0.193256474519632,-2.5811274627794,0.999567496514731,0.999996399850474,0.689925331868497,"ERICH3/KCNF1",2
"GO:0000377","RNA splicing, via transesterification reactions with bulged adenosine as nucleophile","1/377","314/15234",0.00318471337579618,0.12868945243204,0.123580993814153,-2.48514205221332,0.9996478387833,0.999996399850474,0.689925331868497,"CELF3",1
"GO:0000398","mRNA splicing, via spliceosome","1/377","314/15234",0.00318471337579618,0.12868945243204,0.123580993814153,-2.48514205221332,0.9996478387833,0.999996399850474,0.689925331868497,"CELF3",1
"GO:0000375","RNA splicing, via transesterification reactions","1/377","318/15234",0.00314465408805031,0.127070717181322,0.121988052889456,-2.50590307738085,0.999682109374098,0.999996399850474,0.689925331868497,"CELF3",1
"GO:0044770","cell cycle phase transition","3/377","500/15234",0.006,0.242450928381963,0.231764921077266,-2.74367884187391,0.999707675076629,0.999996399850474,0.689925331868497,"UBD/PRAP1/TM4SF5",3
"GO:0048285","organelle fission","2/377","420/15234",0.00476190476190476,0.192421371731717,0.18422966507177,-2.67344421736781,0.999723093761121,0.999996399850474,0.689925331868497,"PRAP1/IGF1",2
"GO:0007005","mitochondrion organization","1/377","347/15234",0.00288184438040346,0.11645097424686,0.111540708399951,-2.65209837857559,0.999848799406779,0.999996399850474,0.689925331868497,"IGF1",1
"GO:0008380","RNA splicing","2/377","447/15234",0.00447427293064877,0.18079860431168,0.17272808988764,-2.80028505852831,0.999853648306103,0.999996399850474,0.689925331868497,"WT1/CELF3",2
"GO:0006397","mRNA processing","2/377","479/15234",0.00417536534446764,0.168720200683342,0.160782669461915,-2.9447146110353,0.999931651087588,0.999996399850474,0.689925331868497,"A1CF/CELF3",2
"GO:0007059","chromosome segregation","1/377","395/15234",0.00253164556962025,0.102299969781419,0.0976279835835403,-2.87955451348035,0.99995594579024,0.999996399850474,0.689925331868497,"PRAP1",1
"GO:0022613","ribonucleoprotein complex biogenesis","1/377","488/15234",0.00204918032786885,0.0828042788189764,0.0784765607933942,-3.28044416874381,0.999996006847328,0.999996399850474,0.689925331868497,"CELF3",1
"GO:0080135","regulation of cellular response to stress","1/377","492/15234",0.00203252032520325,0.0821310733001229,0.0778155739480868,-3.29672597571748,0.999996399850474,0.999996399850474,0.689925331868497,"SFRP2",1
